run_accession	accession	accessionVersion	authors	authorAffiliations	submitter	groupName	geoLocCountry	geoLocAdmin1	sampleCollectionDate	releasedDate	ncbiVirusName	sequencingInstrument	sequencingAssayType	sequencingProtocol	sequencedByOrganization	bioprojectAccession	biosampleAccession	library_source	library_strategy	library_selection	instrument_platform	instrument_model	read_count	base_count	first_public	insdcRawReadsAccession_raw
DRR618732	PP_000T3TP	PP_000T3TP.4		Shinjuku, Tokyo 162-8640	insdc_ingest_user	Automated Ingest from INSDC/NCBI Virus by Loculus	Japan		2023-01-30	2025-12-26	Monkeypox virus					PRJDB16992	SAMD00834601	METAGENOMIC	Targeted-Capture	Hybrid Selection	ILLUMINA	Illumina MiSeq	1325371	380750326	2024-11-30	DRR618732
DRR618733	PP_000T3UM	PP_000T3UM.4		Shinjuku, Tokyo 162-8640	insdc_ingest_user	Automated Ingest from INSDC/NCBI Virus by Loculus	Japan		2023-01-30	2025-12-26	Monkeypox virus					PRJDB16992	SAMD00834602	METAGENOMIC	Targeted-Capture	Hybrid Selection	ILLUMINA	Illumina MiSeq	1472012	416096526	2024-11-30	DRR618733
DRR618734	PP_000T3VK	PP_000T3VK.4		Shinjuku, Tokyo 162-8640	insdc_ingest_user	Automated Ingest from INSDC/NCBI Virus by Loculus	Japan		2023-02-27	2025-12-26	Monkeypox virus					PRJDB16992	SAMD00834603	METAGENOMIC	Targeted-Capture	Hybrid Selection	ILLUMINA	Illumina MiSeq	2395581	698523905	2024-11-30	DRR618734
DRR618735	PP_000T3WH	PP_000T3WH.4		Shinjuku, Tokyo 162-8640	insdc_ingest_user	Automated Ingest from INSDC/NCBI Virus by Loculus	Japan		2023-02-27	2025-12-26	Monkeypox virus					PRJDB16992	SAMD00834604	METAGENOMIC	Targeted-Capture	Hybrid Selection	ILLUMINA	Illumina MiSeq	1673990	482660428	2024-11-30	DRR618735
DRR618736	PP_000T3XF	PP_000T3XF.4		Shinjuku, Tokyo 162-8640	insdc_ingest_user	Automated Ingest from INSDC/NCBI Virus by Loculus	Japan		2023-02-27	2025-12-26	Monkeypox virus					PRJDB16992	SAMD00834605	METAGENOMIC	Targeted-Capture	Hybrid Selection	ILLUMINA	Illumina MiSeq	4079159	1174434715	2024-11-30	DRR618736
DRR618737	PP_000T3YD	PP_000T3YD.4		Shinjuku, Tokyo 162-8640	insdc_ingest_user	Automated Ingest from INSDC/NCBI Virus by Loculus	Japan		2023-03-13	2025-12-26	Monkeypox virus					PRJDB16992	SAMD00834606	METAGENOMIC	Targeted-Capture	Hybrid Selection	ILLUMINA	Illumina MiSeq	1838385	529080094	2024-11-30	DRR618737
DRR618738	PP_000T3ZB	PP_000T3ZB.4		Shinjuku, Tokyo 162-8640	insdc_ingest_user	Automated Ingest from INSDC/NCBI Virus by Loculus	Japan		2022-07-25	2025-12-26	Monkeypox virus					PRJDB16992	SAMD00834607	METAGENOMIC	Targeted-Capture	Hybrid Selection	ILLUMINA	Illumina MiSeq	1704179	487773056	2024-11-30	DRR618738
DRR618739	PP_000T409	PP_000T409.4		Shinjuku, Tokyo 162-8640	insdc_ingest_user	Automated Ingest from INSDC/NCBI Virus by Loculus	Japan		2022-07-25	2025-12-26	Monkeypox virus					PRJDB16992	SAMD00834608	METAGENOMIC	Targeted-Capture	Hybrid Selection	ILLUMINA	Illumina MiSeq	2389680	690951919	2024-11-30	DRR618739
DRR618740	PP_000T417	PP_000T417.4		Shinjuku, Tokyo 162-8640	insdc_ingest_user	Automated Ingest from INSDC/NCBI Virus by Loculus	Japan		2023-03-27	2025-12-26	Monkeypox virus					PRJDB16992	SAMD00834609	METAGENOMIC	Targeted-Capture	Hybrid Selection	ILLUMINA	Illumina MiSeq	2025074	584294772	2024-11-30	DRR618740
DRR618741	PP_000T425	PP_000T425.4		Shinjuku, Tokyo 162-8640	insdc_ingest_user	Automated Ingest from INSDC/NCBI Virus by Loculus	Japan		2023-04-03	2025-12-26	Monkeypox virus					PRJDB16992	SAMD00834610	METAGENOMIC	Targeted-Capture	Hybrid Selection	ILLUMINA	Illumina MiSeq	2589401	747083966	2024-11-30	DRR618741
DRR618742	PP_000T433	PP_000T433.4		Shinjuku, Tokyo 162-8640	insdc_ingest_user	Automated Ingest from INSDC/NCBI Virus by Loculus	Japan		2023-04-03	2025-12-26	Monkeypox virus					PRJDB16992	SAMD00834611	METAGENOMIC	Targeted-Capture	Hybrid Selection	ILLUMINA	Illumina MiSeq	1839261	530569808	2024-11-30	DRR618742
DRR618743	PP_000T441	PP_000T441.4		Shinjuku, Tokyo 162-8640	insdc_ingest_user	Automated Ingest from INSDC/NCBI Virus by Loculus	Japan		2023-05-15	2025-12-26	Monkeypox virus					PRJDB16992	SAMD00834612	METAGENOMIC	Targeted-Capture	Hybrid Selection	ILLUMINA	Illumina MiSeq	1638172	477687663	2024-11-30	DRR618743
DRR618744	PP_000T45Z	PP_000T45Z.4		Shinjuku, Tokyo 162-8640	insdc_ingest_user	Automated Ingest from INSDC/NCBI Virus by Loculus	Japan		2023-05-15	2025-12-26	Monkeypox virus					PRJDB16992	SAMD00834613	METAGENOMIC	Targeted-Capture	Hybrid Selection	ILLUMINA	Illumina MiSeq	1334461	382544515	2024-11-30	DRR618744
DRR618745	PP_000T46X	PP_000T46X.4		Shinjuku, Tokyo 162-8640	insdc_ingest_user	Automated Ingest from INSDC/NCBI Virus by Loculus	Japan		2023-05-15	2025-12-26	Monkeypox virus					PRJDB16992	SAMD00834614	METAGENOMIC	Targeted-Capture	Hybrid Selection	ILLUMINA	Illumina MiSeq	2904422	787020528	2024-11-30	DRR618745
SRR10017689	PP_000T5K3	PP_000T5K3.2	Shashan, N.; Makarenko, J.; Tallon, L.; Sadzewicz, L.; Vavikolanu, K.; Mehta, A.; Aluvathingal, J.; Nadendla, S.; Myers, T.; Yan, Y.; Sichtig, H.	US Food and Drug Administration, Center for Devices and Radiological Health	insdc_ingest_user	Automated Ingest from INSDC/NCBI Virus by Loculus	USA	MD		2025-02-03	Monkeypox virus					PRJNA231221	SAMN11078000	VIRAL RNA	WGS	cDNA	ILLUMINA	Illumina MiSeq	417447	251303094	2019-08-27	SRR10017689
SRR10017689	PP_000T5RR	PP_000T5RR.2	Shashan, N.; Makarenko, J.; Tallon, L.; Sadzewicz, L.; Vavikolanu, K.; Mehta, A.; Aluvathingal, J.; Nadendla, S.; Myers, T.; Yan, Y.; Sichtig, H.	US Food and Drug Administration, Center for Devices and Radiological Health	insdc_ingest_user	Automated Ingest from INSDC/NCBI Virus by Loculus	USA	MD		2025-02-03	Monkeypox virus					PRJNA231221	SAMN11078000	VIRAL RNA	WGS	cDNA	ILLUMINA	Illumina MiSeq	417447	251303094	2019-08-27	SRR10017689
SRR10017689	PP_000T5YB	PP_000T5YB.2	Shashan, N.; Makarenko, J.; Tallon, L.; Sadzewicz, L.; Vavikolanu, K.; Mehta, A.; Aluvathingal, J.; Nadendla, S.; Myers, T.; Yan, Y.; Sichtig, H.	US Food and Drug Administration, Center for Devices and Radiological Health	insdc_ingest_user	Automated Ingest from INSDC/NCBI Virus by Loculus	USA	MD		2025-02-03	Monkeypox virus					PRJNA231221	SAMN11078000	VIRAL RNA	WGS	cDNA	ILLUMINA	Illumina MiSeq	417447	251303094	2019-08-27	SRR10017689
SRR10017689	PP_000T623	PP_000T623.2	Shashan, N.; Makarenko, J.; Tallon, L.; Sadzewicz, L.; Vavikolanu, K.; Mehta, A.; Aluvathingal, J.; Nadendla, S.; Myers, T.; Yan, Y.; Sichtig, H.	US Food and Drug Administration, Center for Devices and Radiological Health	insdc_ingest_user	Automated Ingest from INSDC/NCBI Virus by Loculus	USA	MD		2025-02-03	Monkeypox virus					PRJNA231221	SAMN11078000	VIRAL RNA	WGS	cDNA	ILLUMINA	Illumina MiSeq	417447	251303094	2019-08-27	SRR10017689
SRR10017689	PP_000T631	PP_000T631.2	Shashan, N.; Makarenko, J.; Tallon, L.; Sadzewicz, L.; Vavikolanu, K.; Mehta, A.; Aluvathingal, J.; Nadendla, S.; Myers, T.; Yan, Y.; Sichtig, H.	US Food and Drug Administration, Center for Devices and Radiological Health	insdc_ingest_user	Automated Ingest from INSDC/NCBI Virus by Loculus	USA	MD		2025-02-03	Monkeypox virus					PRJNA231221	SAMN11078000	VIRAL RNA	WGS	cDNA	ILLUMINA	Illumina MiSeq	417447	251303094	2019-08-27	SRR10017689
SRR10017689	PP_000T64Z	PP_000T64Z.2	Shashan, N.; Makarenko, J.; Tallon, L.; Sadzewicz, L.; Vavikolanu, K.; Mehta, A.; Aluvathingal, J.; Nadendla, S.; Myers, T.; Yan, Y.; Sichtig, H.	US Food and Drug Administration, Center for Devices and Radiological Health	insdc_ingest_user	Automated Ingest from INSDC/NCBI Virus by Loculus	USA	MD		2025-02-03	Monkeypox virus					PRJNA231221	SAMN11078000	VIRAL RNA	WGS	cDNA	ILLUMINA	Illumina MiSeq	417447	251303094	2019-08-27	SRR10017689
SRR10017689	PP_000T65X	PP_000T65X.2	Shashan, N.; Makarenko, J.; Tallon, L.; Sadzewicz, L.; Vavikolanu, K.; Mehta, A.; Aluvathingal, J.; Nadendla, S.; Myers, T.; Yan, Y.; Sichtig, H.	US Food and Drug Administration, Center for Devices and Radiological Health	insdc_ingest_user	Automated Ingest from INSDC/NCBI Virus by Loculus	USA	MD		2025-02-03	Monkeypox virus					PRJNA231221	SAMN11078000	VIRAL RNA	WGS	cDNA	ILLUMINA	Illumina MiSeq	417447	251303094	2019-08-27	SRR10017689
SRR10017689	PP_000T6CH	PP_000T6CH.2	Shashan, N.; Makarenko, J.; Tallon, L.; Sadzewicz, L.; Vavikolanu, K.; Mehta, A.; Aluvathingal, J.; Nadendla, S.; Myers, T.; Yan, Y.; Sichtig, H.	US Food and Drug Administration, Center for Devices and Radiological Health	insdc_ingest_user	Automated Ingest from INSDC/NCBI Virus by Loculus	USA	MD		2025-02-03	Monkeypox virus					PRJNA231221	SAMN11078000	VIRAL RNA	WGS	cDNA	ILLUMINA	Illumina MiSeq	417447	251303094	2019-08-27	SRR10017689
SRR10017689	PP_000T6DF	PP_000T6DF.2	Shashan, N.; Makarenko, J.; Tallon, L.; Sadzewicz, L.; Vavikolanu, K.; Mehta, A.; Aluvathingal, J.; Nadendla, S.; Myers, T.; Yan, Y.; Sichtig, H.	US Food and Drug Administration, Center for Devices and Radiological Health	insdc_ingest_user	Automated Ingest from INSDC/NCBI Virus by Loculus	USA	MD		2025-02-03	Monkeypox virus					PRJNA231221	SAMN11078000	VIRAL RNA	WGS	cDNA	ILLUMINA	Illumina MiSeq	417447	251303094	2019-08-27	SRR10017689
SRR10017689	PP_000T6ED	PP_000T6ED.2	Shashan, N.; Makarenko, J.; Tallon, L.; Sadzewicz, L.; Vavikolanu, K.; Mehta, A.; Aluvathingal, J.; Nadendla, S.; Myers, T.; Yan, Y.; Sichtig, H.	US Food and Drug Administration, Center for Devices and Radiological Health	insdc_ingest_user	Automated Ingest from INSDC/NCBI Virus by Loculus	USA	MD		2025-02-03	Monkeypox virus					PRJNA231221	SAMN11078000	VIRAL RNA	WGS	cDNA	ILLUMINA	Illumina MiSeq	417447	251303094	2019-08-27	SRR10017689
SRR10017689	PP_000T6FB	PP_000T6FB.2	Shashan, N.; Makarenko, J.; Tallon, L.; Sadzewicz, L.; Vavikolanu, K.; Mehta, A.; Aluvathingal, J.; Nadendla, S.; Myers, T.; Yan, Y.; Sichtig, H.	US Food and Drug Administration, Center for Devices and Radiological Health	insdc_ingest_user	Automated Ingest from INSDC/NCBI Virus by Loculus	USA	MD		2025-02-03	Monkeypox virus					PRJNA231221	SAMN11078000	VIRAL RNA	WGS	cDNA	ILLUMINA	Illumina MiSeq	417447	251303094	2019-08-27	SRR10017689
SRR10017689	PP_000T6G9	PP_000T6G9.2	Shashan, N.; Makarenko, J.; Tallon, L.; Sadzewicz, L.; Vavikolanu, K.; Mehta, A.; Aluvathingal, J.; Nadendla, S.; Myers, T.; Yan, Y.; Sichtig, H.	US Food and Drug Administration, Center for Devices and Radiological Health	insdc_ingest_user	Automated Ingest from INSDC/NCBI Virus by Loculus	USA	MD		2025-02-03	Monkeypox virus					PRJNA231221	SAMN11078000	VIRAL RNA	WGS	cDNA	ILLUMINA	Illumina MiSeq	417447	251303094	2019-08-27	SRR10017689
SRR10017689	PP_000T6L0	PP_000T6L0.2	Shashan, N.; Makarenko, J.; Tallon, L.; Sadzewicz, L.; Vavikolanu, K.; Mehta, A.; Aluvathingal, J.; Nadendla, S.; Myers, T.; Yan, Y.; Sichtig, H.	US Food and Drug Administration, Center for Devices and Radiological Health	insdc_ingest_user	Automated Ingest from INSDC/NCBI Virus by Loculus	USA	MD		2025-02-03	Monkeypox virus					PRJNA231221	SAMN11078000	VIRAL RNA	WGS	cDNA	ILLUMINA	Illumina MiSeq	417447	251303094	2019-08-27	SRR10017689
SRR10017689	PP_000T6MY	PP_000T6MY.2	Shashan, N.; Makarenko, J.; Tallon, L.; Sadzewicz, L.; Vavikolanu, K.; Mehta, A.; Aluvathingal, J.; Nadendla, S.; Myers, T.; Yan, Y.; Sichtig, H.	US Food and Drug Administration, Center for Devices and Radiological Health	insdc_ingest_user	Automated Ingest from INSDC/NCBI Virus by Loculus	USA	MD		2025-02-03	Monkeypox virus					PRJNA231221	SAMN11078000	VIRAL RNA	WGS	cDNA	ILLUMINA	Illumina MiSeq	417447	251303094	2019-08-27	SRR10017689
SRR10017689	PP_000T6NW	PP_000T6NW.2	Shashan, N.; Makarenko, J.; Tallon, L.; Sadzewicz, L.; Vavikolanu, K.; Mehta, A.; Aluvathingal, J.; Nadendla, S.; Myers, T.; Yan, Y.; Sichtig, H.	US Food and Drug Administration, Center for Devices and Radiological Health	insdc_ingest_user	Automated Ingest from INSDC/NCBI Virus by Loculus	USA	MD		2025-02-03	Monkeypox virus					PRJNA231221	SAMN11078000	VIRAL RNA	WGS	cDNA	ILLUMINA	Illumina MiSeq	417447	251303094	2019-08-27	SRR10017689
SRR10017689	PP_000T6PU	PP_000T6PU.2	Shashan, N.; Makarenko, J.; Tallon, L.; Sadzewicz, L.; Vavikolanu, K.; Mehta, A.; Aluvathingal, J.; Nadendla, S.; Myers, T.; Yan, Y.; Sichtig, H.	US Food and Drug Administration, Center for Devices and Radiological Health	insdc_ingest_user	Automated Ingest from INSDC/NCBI Virus by Loculus	USA	MD		2025-02-03	Monkeypox virus					PRJNA231221	SAMN11078000	VIRAL RNA	WGS	cDNA	ILLUMINA	Illumina MiSeq	417447	251303094	2019-08-27	SRR10017689
SRR10017689	PP_000T6QS	PP_000T6QS.2	Shashan, N.; Makarenko, J.; Tallon, L.; Sadzewicz, L.; Vavikolanu, K.; Mehta, A.; Aluvathingal, J.; Nadendla, S.; Myers, T.; Yan, Y.; Sichtig, H.	US Food and Drug Administration, Center for Devices and Radiological Health	insdc_ingest_user	Automated Ingest from INSDC/NCBI Virus by Loculus	USA	MD		2025-02-03	Monkeypox virus					PRJNA231221	SAMN11078000	VIRAL RNA	WGS	cDNA	ILLUMINA	Illumina MiSeq	417447	251303094	2019-08-27	SRR10017689
SRR10017689	PP_000T6SN	PP_000T6SN.2	Shashan, N.; Makarenko, J.; Tallon, L.; Sadzewicz, L.; Vavikolanu, K.; Mehta, A.; Aluvathingal, J.; Nadendla, S.; Myers, T.; Yan, Y.; Sichtig, H.	US Food and Drug Administration, Center for Devices and Radiological Health	insdc_ingest_user	Automated Ingest from INSDC/NCBI Virus by Loculus	USA	MD		2025-02-03	Monkeypox virus					PRJNA231221	SAMN11078000	VIRAL RNA	WGS	cDNA	ILLUMINA	Illumina MiSeq	417447	251303094	2019-08-27	SRR10017689
SRR10017689	PP_000T6TL	PP_000T6TL.2	Shashan, N.; Makarenko, J.; Tallon, L.; Sadzewicz, L.; Vavikolanu, K.; Mehta, A.; Aluvathingal, J.; Nadendla, S.; Myers, T.; Yan, Y.; Sichtig, H.	US Food and Drug Administration, Center for Devices and Radiological Health	insdc_ingest_user	Automated Ingest from INSDC/NCBI Virus by Loculus	USA	MD		2025-02-03	Monkeypox virus					PRJNA231221	SAMN11078000	VIRAL RNA	WGS	cDNA	ILLUMINA	Illumina MiSeq	417447	251303094	2019-08-27	SRR10017689
SRR10017689	PP_000T6VG	PP_000T6VG.2	Shashan, N.; Makarenko, J.; Tallon, L.; Sadzewicz, L.; Vavikolanu, K.; Mehta, A.; Aluvathingal, J.; Nadendla, S.; Myers, T.; Yan, Y.; Sichtig, H.	US Food and Drug Administration, Center for Devices and Radiological Health	insdc_ingest_user	Automated Ingest from INSDC/NCBI Virus by Loculus	USA	MD		2025-02-03	Monkeypox virus					PRJNA231221	SAMN11078000	VIRAL RNA	WGS	cDNA	ILLUMINA	Illumina MiSeq	417447	251303094	2019-08-27	SRR10017689
SRR10017689	PP_000T6WE	PP_000T6WE.2	Shashan, N.; Makarenko, J.; Tallon, L.; Sadzewicz, L.; Vavikolanu, K.; Mehta, A.; Aluvathingal, J.; Nadendla, S.; Myers, T.; Yan, Y.; Sichtig, H.	US Food and Drug Administration, Center for Devices and Radiological Health	insdc_ingest_user	Automated Ingest from INSDC/NCBI Virus by Loculus	USA	MD		2025-02-03	Monkeypox virus					PRJNA231221	SAMN11078000	VIRAL RNA	WGS	cDNA	ILLUMINA	Illumina MiSeq	417447	251303094	2019-08-27	SRR10017689
SRR10017689	PP_000T6XC	PP_000T6XC.2	Shashan, N.; Makarenko, J.; Tallon, L.; Sadzewicz, L.; Vavikolanu, K.; Mehta, A.; Aluvathingal, J.; Nadendla, S.; Myers, T.; Yan, Y.; Sichtig, H.	US Food and Drug Administration, Center for Devices and Radiological Health	insdc_ingest_user	Automated Ingest from INSDC/NCBI Virus by Loculus	USA	MD		2025-02-03	Monkeypox virus					PRJNA231221	SAMN11078000	VIRAL RNA	WGS	cDNA	ILLUMINA	Illumina MiSeq	417447	251303094	2019-08-27	SRR10017689
SRR10017689	PP_000T6YA	PP_000T6YA.2	Shashan, N.; Makarenko, J.; Tallon, L.; Sadzewicz, L.; Vavikolanu, K.; Mehta, A.; Aluvathingal, J.; Nadendla, S.; Myers, T.; Yan, Y.; Sichtig, H.	US Food and Drug Administration, Center for Devices and Radiological Health	insdc_ingest_user	Automated Ingest from INSDC/NCBI Virus by Loculus	USA	MD		2025-02-03	Monkeypox virus					PRJNA231221	SAMN11078000	VIRAL RNA	WGS	cDNA	ILLUMINA	Illumina MiSeq	417447	251303094	2019-08-27	SRR10017689
SRR10017689	PP_000T714	PP_000T714.2	Shashan, N.; Makarenko, J.; Tallon, L.; Sadzewicz, L.; Vavikolanu, K.; Mehta, A.; Aluvathingal, J.; Nadendla, S.; Myers, T.; Yan, Y.; Sichtig, H.	US Food and Drug Administration, Center for Devices and Radiological Health	insdc_ingest_user	Automated Ingest from INSDC/NCBI Virus by Loculus	USA	MD		2025-02-03	Monkeypox virus					PRJNA231221	SAMN11078000	VIRAL RNA	WGS	cDNA	ILLUMINA	Illumina MiSeq	417447	251303094	2019-08-27	SRR10017689
SRR10017689	PP_000T722	PP_000T722.2	Shashan, N.; Makarenko, J.; Tallon, L.; Sadzewicz, L.; Vavikolanu, K.; Mehta, A.; Aluvathingal, J.; Nadendla, S.; Myers, T.; Yan, Y.; Sichtig, H.	US Food and Drug Administration, Center for Devices and Radiological Health	insdc_ingest_user	Automated Ingest from INSDC/NCBI Virus by Loculus	USA	MD		2025-02-03	Monkeypox virus					PRJNA231221	SAMN11078000	VIRAL RNA	WGS	cDNA	ILLUMINA	Illumina MiSeq	417447	251303094	2019-08-27	SRR10017689
SRR10017689	PP_000T730	PP_000T730.2	Shashan, N.; Makarenko, J.; Tallon, L.; Sadzewicz, L.; Vavikolanu, K.; Mehta, A.; Aluvathingal, J.; Nadendla, S.; Myers, T.; Yan, Y.; Sichtig, H.	US Food and Drug Administration, Center for Devices and Radiological Health	insdc_ingest_user	Automated Ingest from INSDC/NCBI Virus by Loculus	USA	MD		2025-02-03	Monkeypox virus					PRJNA231221	SAMN11078000	VIRAL RNA	WGS	cDNA	ILLUMINA	Illumina MiSeq	417447	251303094	2019-08-27	SRR10017689
SRR10017689	PP_000T74Y	PP_000T74Y.2	Shashan, N.; Makarenko, J.; Tallon, L.; Sadzewicz, L.; Vavikolanu, K.; Mehta, A.; Aluvathingal, J.; Nadendla, S.; Myers, T.; Yan, Y.; Sichtig, H.	US Food and Drug Administration, Center for Devices and Radiological Health	insdc_ingest_user	Automated Ingest from INSDC/NCBI Virus by Loculus	USA	MD		2025-02-03	Monkeypox virus					PRJNA231221	SAMN11078000	VIRAL RNA	WGS	cDNA	ILLUMINA	Illumina MiSeq	417447	251303094	2019-08-27	SRR10017689
SRR10017689	PP_000T75W	PP_000T75W.2	Shashan, N.; Makarenko, J.; Tallon, L.; Sadzewicz, L.; Vavikolanu, K.; Mehta, A.; Aluvathingal, J.; Nadendla, S.; Myers, T.; Yan, Y.; Sichtig, H.	US Food and Drug Administration, Center for Devices and Radiological Health	insdc_ingest_user	Automated Ingest from INSDC/NCBI Virus by Loculus	USA	MD		2025-02-03	Monkeypox virus					PRJNA231221	SAMN11078000	VIRAL RNA	WGS	cDNA	ILLUMINA	Illumina MiSeq	417447	251303094	2019-08-27	SRR10017689
SRR10017689	PP_000T76U	PP_000T76U.2	Shashan, N.; Makarenko, J.; Tallon, L.; Sadzewicz, L.; Vavikolanu, K.; Mehta, A.; Aluvathingal, J.; Nadendla, S.; Myers, T.; Yan, Y.; Sichtig, H.	US Food and Drug Administration, Center for Devices and Radiological Health	insdc_ingest_user	Automated Ingest from INSDC/NCBI Virus by Loculus	USA	MD		2025-02-03	Monkeypox virus					PRJNA231221	SAMN11078000	VIRAL RNA	WGS	cDNA	ILLUMINA	Illumina MiSeq	417447	251303094	2019-08-27	SRR10017689
SRR10017689	PP_000T78Q	PP_000T78Q.2	Shashan, N.; Makarenko, J.; Tallon, L.; Sadzewicz, L.; Vavikolanu, K.; Mehta, A.; Aluvathingal, J.; Nadendla, S.; Myers, T.; Yan, Y.; Sichtig, H.	US Food and Drug Administration, Center for Devices and Radiological Health	insdc_ingest_user	Automated Ingest from INSDC/NCBI Virus by Loculus	USA	MD		2025-02-03	Monkeypox virus					PRJNA231221	SAMN11078000	VIRAL RNA	WGS	cDNA	ILLUMINA	Illumina MiSeq	417447	251303094	2019-08-27	SRR10017689
SRR10017689	PP_000T79N	PP_000T79N.2	Shashan, N.; Makarenko, J.; Tallon, L.; Sadzewicz, L.; Vavikolanu, K.; Mehta, A.; Aluvathingal, J.; Nadendla, S.; Myers, T.; Yan, Y.; Sichtig, H.	US Food and Drug Administration, Center for Devices and Radiological Health	insdc_ingest_user	Automated Ingest from INSDC/NCBI Virus by Loculus	USA	MD		2025-02-03	Monkeypox virus					PRJNA231221	SAMN11078000	VIRAL RNA	WGS	cDNA	ILLUMINA	Illumina MiSeq	417447	251303094	2019-08-27	SRR10017689
SRR10017689	PP_000T7BJ	PP_000T7BJ.2	Shashan, N.; Makarenko, J.; Tallon, L.; Sadzewicz, L.; Vavikolanu, K.; Mehta, A.; Aluvathingal, J.; Nadendla, S.; Myers, T.; Yan, Y.; Sichtig, H.	US Food and Drug Administration, Center for Devices and Radiological Health	insdc_ingest_user	Automated Ingest from INSDC/NCBI Virus by Loculus	USA	MD		2025-02-03	Monkeypox virus					PRJNA231221	SAMN11078000	VIRAL RNA	WGS	cDNA	ILLUMINA	Illumina MiSeq	417447	251303094	2019-08-27	SRR10017689
SRR10017689	PP_000T7CG	PP_000T7CG.2	Shashan, N.; Makarenko, J.; Tallon, L.; Sadzewicz, L.; Vavikolanu, K.; Mehta, A.; Aluvathingal, J.; Nadendla, S.; Myers, T.; Yan, Y.; Sichtig, H.	US Food and Drug Administration, Center for Devices and Radiological Health	insdc_ingest_user	Automated Ingest from INSDC/NCBI Virus by Loculus	USA	MD		2025-02-03	Monkeypox virus					PRJNA231221	SAMN11078000	VIRAL RNA	WGS	cDNA	ILLUMINA	Illumina MiSeq	417447	251303094	2019-08-27	SRR10017689
SRR10017689	PP_000T7DE	PP_000T7DE.2	Shashan, N.; Makarenko, J.; Tallon, L.; Sadzewicz, L.; Vavikolanu, K.; Mehta, A.; Aluvathingal, J.; Nadendla, S.; Myers, T.; Yan, Y.; Sichtig, H.	US Food and Drug Administration, Center for Devices and Radiological Health	insdc_ingest_user	Automated Ingest from INSDC/NCBI Virus by Loculus	USA	MD		2025-02-03	Monkeypox virus					PRJNA231221	SAMN11078000	VIRAL RNA	WGS	cDNA	ILLUMINA	Illumina MiSeq	417447	251303094	2019-08-27	SRR10017689
SRR10017689	PP_000T7EC	PP_000T7EC.2	Shashan, N.; Makarenko, J.; Tallon, L.; Sadzewicz, L.; Vavikolanu, K.; Mehta, A.; Aluvathingal, J.; Nadendla, S.; Myers, T.; Yan, Y.; Sichtig, H.	US Food and Drug Administration, Center for Devices and Radiological Health	insdc_ingest_user	Automated Ingest from INSDC/NCBI Virus by Loculus	USA	MD		2025-02-03	Monkeypox virus					PRJNA231221	SAMN11078000	VIRAL RNA	WGS	cDNA	ILLUMINA	Illumina MiSeq	417447	251303094	2019-08-27	SRR10017689
SRR10017689	PP_000T7FA	PP_000T7FA.2	Shashan, N.; Makarenko, J.; Tallon, L.; Sadzewicz, L.; Vavikolanu, K.; Mehta, A.; Aluvathingal, J.; Nadendla, S.; Myers, T.; Yan, Y.; Sichtig, H.	US Food and Drug Administration, Center for Devices and Radiological Health	insdc_ingest_user	Automated Ingest from INSDC/NCBI Virus by Loculus	USA	MD		2025-02-03	Monkeypox virus					PRJNA231221	SAMN11078000	VIRAL RNA	WGS	cDNA	ILLUMINA	Illumina MiSeq	417447	251303094	2019-08-27	SRR10017689
SRR10017689	PP_000T7G8	PP_000T7G8.2	Shashan, N.; Makarenko, J.; Tallon, L.; Sadzewicz, L.; Vavikolanu, K.; Mehta, A.; Aluvathingal, J.; Nadendla, S.; Myers, T.; Yan, Y.; Sichtig, H.	US Food and Drug Administration, Center for Devices and Radiological Health	insdc_ingest_user	Automated Ingest from INSDC/NCBI Virus by Loculus	USA	MD		2025-02-03	Monkeypox virus					PRJNA231221	SAMN11078000	VIRAL RNA	WGS	cDNA	ILLUMINA	Illumina MiSeq	417447	251303094	2019-08-27	SRR10017689
SRR10017689	PP_000T7H5	PP_000T7H5.2	Shashan, N.; Makarenko, J.; Tallon, L.; Sadzewicz, L.; Vavikolanu, K.; Mehta, A.; Aluvathingal, J.; Nadendla, S.; Myers, T.; Yan, Y.; Sichtig, H.	US Food and Drug Administration, Center for Devices and Radiological Health	insdc_ingest_user	Automated Ingest from INSDC/NCBI Virus by Loculus	USA	MD		2025-02-03	Monkeypox virus					PRJNA231221	SAMN11078000	VIRAL RNA	WGS	cDNA	ILLUMINA	Illumina MiSeq	417447	251303094	2019-08-27	SRR10017689
SRR10017689	PP_000T7J3	PP_000T7J3.2	Shashan, N.; Makarenko, J.; Tallon, L.; Sadzewicz, L.; Vavikolanu, K.; Mehta, A.; Aluvathingal, J.; Nadendla, S.; Myers, T.; Yan, Y.; Sichtig, H.	US Food and Drug Administration, Center for Devices and Radiological Health	insdc_ingest_user	Automated Ingest from INSDC/NCBI Virus by Loculus	USA	MD		2025-02-03	Monkeypox virus					PRJNA231221	SAMN11078000	VIRAL RNA	WGS	cDNA	ILLUMINA	Illumina MiSeq	417447	251303094	2019-08-27	SRR10017689
SRR10017689	PP_000T7K1	PP_000T7K1.2	Shashan, N.; Makarenko, J.; Tallon, L.; Sadzewicz, L.; Vavikolanu, K.; Mehta, A.; Aluvathingal, J.; Nadendla, S.; Myers, T.; Yan, Y.; Sichtig, H.	US Food and Drug Administration, Center for Devices and Radiological Health	insdc_ingest_user	Automated Ingest from INSDC/NCBI Virus by Loculus	USA	MD		2025-02-03	Monkeypox virus					PRJNA231221	SAMN11078000	VIRAL RNA	WGS	cDNA	ILLUMINA	Illumina MiSeq	417447	251303094	2019-08-27	SRR10017689
SRR10017689	PP_000T7MX	PP_000T7MX.2	Shashan, N.; Makarenko, J.; Tallon, L.; Sadzewicz, L.; Vavikolanu, K.; Mehta, A.; Aluvathingal, J.; Nadendla, S.; Myers, T.; Yan, Y.; Sichtig, H.	US Food and Drug Administration, Center for Devices and Radiological Health	insdc_ingest_user	Automated Ingest from INSDC/NCBI Virus by Loculus	USA	MD		2025-02-03	Monkeypox virus					PRJNA231221	SAMN11078000	VIRAL RNA	WGS	cDNA	ILLUMINA	Illumina MiSeq	417447	251303094	2019-08-27	SRR10017689
SRR10017689	PP_000T7NV	PP_000T7NV.2	Shashan, N.; Makarenko, J.; Tallon, L.; Sadzewicz, L.; Vavikolanu, K.; Mehta, A.; Aluvathingal, J.; Nadendla, S.; Myers, T.; Yan, Y.; Sichtig, H.	US Food and Drug Administration, Center for Devices and Radiological Health	insdc_ingest_user	Automated Ingest from INSDC/NCBI Virus by Loculus	USA	MD		2025-02-03	Monkeypox virus					PRJNA231221	SAMN11078000	VIRAL RNA	WGS	cDNA	ILLUMINA	Illumina MiSeq	417447	251303094	2019-08-27	SRR10017689
SRR10017689	PP_000T7PT	PP_000T7PT.2	Shashan, N.; Makarenko, J.; Tallon, L.; Sadzewicz, L.; Vavikolanu, K.; Mehta, A.; Aluvathingal, J.; Nadendla, S.; Myers, T.; Yan, Y.; Sichtig, H.	US Food and Drug Administration, Center for Devices and Radiological Health	insdc_ingest_user	Automated Ingest from INSDC/NCBI Virus by Loculus	USA	MD		2025-02-03	Monkeypox virus					PRJNA231221	SAMN11078000	VIRAL RNA	WGS	cDNA	ILLUMINA	Illumina MiSeq	417447	251303094	2019-08-27	SRR10017689
SRR10017689	PP_000T7QR	PP_000T7QR.2	Shashan, N.; Makarenko, J.; Tallon, L.; Sadzewicz, L.; Vavikolanu, K.; Mehta, A.; Aluvathingal, J.; Nadendla, S.; Myers, T.; Yan, Y.; Sichtig, H.	US Food and Drug Administration, Center for Devices and Radiological Health	insdc_ingest_user	Automated Ingest from INSDC/NCBI Virus by Loculus	USA	MD		2025-02-03	Monkeypox virus					PRJNA231221	SAMN11078000	VIRAL RNA	WGS	cDNA	ILLUMINA	Illumina MiSeq	417447	251303094	2019-08-27	SRR10017689
SRR10017689	PP_000T7RP	PP_000T7RP.2	Shashan, N.; Makarenko, J.; Tallon, L.; Sadzewicz, L.; Vavikolanu, K.; Mehta, A.; Aluvathingal, J.; Nadendla, S.; Myers, T.; Yan, Y.; Sichtig, H.	US Food and Drug Administration, Center for Devices and Radiological Health	insdc_ingest_user	Automated Ingest from INSDC/NCBI Virus by Loculus	USA	MD		2025-02-03	Monkeypox virus					PRJNA231221	SAMN11078000	VIRAL RNA	WGS	cDNA	ILLUMINA	Illumina MiSeq	417447	251303094	2019-08-27	SRR10017689
SRR10017689	PP_000T7TK	PP_000T7TK.2	Shashan, N.; Makarenko, J.; Tallon, L.; Sadzewicz, L.; Vavikolanu, K.; Mehta, A.; Aluvathingal, J.; Nadendla, S.; Myers, T.; Yan, Y.; Sichtig, H.	US Food and Drug Administration, Center for Devices and Radiological Health	insdc_ingest_user	Automated Ingest from INSDC/NCBI Virus by Loculus	USA	MD		2025-02-03	Monkeypox virus					PRJNA231221	SAMN11078000	VIRAL RNA	WGS	cDNA	ILLUMINA	Illumina MiSeq	417447	251303094	2019-08-27	SRR10017689
SRR10017689	PP_000T7Y9	PP_000T7Y9.2	Shashan, N.; Makarenko, J.; Tallon, L.; Sadzewicz, L.; Vavikolanu, K.; Mehta, A.; Aluvathingal, J.; Nadendla, S.; Myers, T.; Yan, Y.; Sichtig, H.	US Food and Drug Administration, Center for Devices and Radiological Health	insdc_ingest_user	Automated Ingest from INSDC/NCBI Virus by Loculus	USA	MD		2025-02-03	Monkeypox virus					PRJNA231221	SAMN11078000	VIRAL RNA	WGS	cDNA	ILLUMINA	Illumina MiSeq	417447	251303094	2019-08-27	SRR10017689
SRR10017689	PP_000T7Z7	PP_000T7Z7.2	Shashan, N.; Makarenko, J.; Tallon, L.; Sadzewicz, L.; Vavikolanu, K.; Mehta, A.; Aluvathingal, J.; Nadendla, S.; Myers, T.; Yan, Y.; Sichtig, H.	US Food and Drug Administration, Center for Devices and Radiological Health	insdc_ingest_user	Automated Ingest from INSDC/NCBI Virus by Loculus	USA	MD		2025-02-03	Monkeypox virus					PRJNA231221	SAMN11078000	VIRAL RNA	WGS	cDNA	ILLUMINA	Illumina MiSeq	417447	251303094	2019-08-27	SRR10017689
SRR10017689	PP_000T805	PP_000T805.2	Shashan, N.; Makarenko, J.; Tallon, L.; Sadzewicz, L.; Vavikolanu, K.; Mehta, A.; Aluvathingal, J.; Nadendla, S.; Myers, T.; Yan, Y.; Sichtig, H.	US Food and Drug Administration, Center for Devices and Radiological Health	insdc_ingest_user	Automated Ingest from INSDC/NCBI Virus by Loculus	USA	MD		2025-02-03	Monkeypox virus					PRJNA231221	SAMN11078000	VIRAL RNA	WGS	cDNA	ILLUMINA	Illumina MiSeq	417447	251303094	2019-08-27	SRR10017689
SRR10017689	PP_000T821	PP_000T821.2	Shashan, N.; Makarenko, J.; Tallon, L.; Sadzewicz, L.; Vavikolanu, K.; Mehta, A.; Aluvathingal, J.; Nadendla, S.; Myers, T.; Yan, Y.; Sichtig, H.	US Food and Drug Administration, Center for Devices and Radiological Health	insdc_ingest_user	Automated Ingest from INSDC/NCBI Virus by Loculus	USA	MD		2025-02-03	Monkeypox virus					PRJNA231221	SAMN11078000	VIRAL RNA	WGS	cDNA	ILLUMINA	Illumina MiSeq	417447	251303094	2019-08-27	SRR10017689
SRR10017689	PP_000T83Z	PP_000T83Z.2	Shashan, N.; Makarenko, J.; Tallon, L.; Sadzewicz, L.; Vavikolanu, K.; Mehta, A.; Aluvathingal, J.; Nadendla, S.; Myers, T.; Yan, Y.; Sichtig, H.	US Food and Drug Administration, Center for Devices and Radiological Health	insdc_ingest_user	Automated Ingest from INSDC/NCBI Virus by Loculus	USA	MD		2025-02-03	Monkeypox virus					PRJNA231221	SAMN11078000	VIRAL RNA	WGS	cDNA	ILLUMINA	Illumina MiSeq	417447	251303094	2019-08-27	SRR10017689
SRR10017689	PP_000T85V	PP_000T85V.2	Shashan, N.; Makarenko, J.; Tallon, L.; Sadzewicz, L.; Vavikolanu, K.; Mehta, A.; Aluvathingal, J.; Nadendla, S.; Myers, T.; Yan, Y.; Sichtig, H.	US Food and Drug Administration, Center for Devices and Radiological Health	insdc_ingest_user	Automated Ingest from INSDC/NCBI Virus by Loculus	USA	MD		2025-02-03	Monkeypox virus					PRJNA231221	SAMN11078000	VIRAL RNA	WGS	cDNA	ILLUMINA	Illumina MiSeq	417447	251303094	2019-08-27	SRR10017689
SRR10017689	PP_000T86T	PP_000T86T.2	Shashan, N.; Makarenko, J.; Tallon, L.; Sadzewicz, L.; Vavikolanu, K.; Mehta, A.; Aluvathingal, J.; Nadendla, S.; Myers, T.; Yan, Y.; Sichtig, H.	US Food and Drug Administration, Center for Devices and Radiological Health	insdc_ingest_user	Automated Ingest from INSDC/NCBI Virus by Loculus	USA	MD		2025-02-03	Monkeypox virus					PRJNA231221	SAMN11078000	VIRAL RNA	WGS	cDNA	ILLUMINA	Illumina MiSeq	417447	251303094	2019-08-27	SRR10017689
SRR10017689	PP_000T87R	PP_000T87R.2	Shashan, N.; Makarenko, J.; Tallon, L.; Sadzewicz, L.; Vavikolanu, K.; Mehta, A.; Aluvathingal, J.; Nadendla, S.; Myers, T.; Yan, Y.; Sichtig, H.	US Food and Drug Administration, Center for Devices and Radiological Health	insdc_ingest_user	Automated Ingest from INSDC/NCBI Virus by Loculus	USA	MD		2025-02-03	Monkeypox virus					PRJNA231221	SAMN11078000	VIRAL RNA	WGS	cDNA	ILLUMINA	Illumina MiSeq	417447	251303094	2019-08-27	SRR10017689
SRR10017689	PP_000T8CF	PP_000T8CF.2	Shashan, N.; Makarenko, J.; Tallon, L.; Sadzewicz, L.; Vavikolanu, K.; Mehta, A.; Aluvathingal, J.; Nadendla, S.; Myers, T.; Yan, Y.; Sichtig, H.	US Food and Drug Administration, Center for Devices and Radiological Health	insdc_ingest_user	Automated Ingest from INSDC/NCBI Virus by Loculus	USA	MD		2025-02-03	Monkeypox virus					PRJNA231221	SAMN11078000	VIRAL RNA	WGS	cDNA	ILLUMINA	Illumina MiSeq	417447	251303094	2019-08-27	SRR10017689
SRR10017689	PP_000T8DD	PP_000T8DD.2	Shashan, N.; Makarenko, J.; Tallon, L.; Sadzewicz, L.; Vavikolanu, K.; Mehta, A.; Aluvathingal, J.; Nadendla, S.; Myers, T.; Yan, Y.; Sichtig, H.	US Food and Drug Administration, Center for Devices and Radiological Health	insdc_ingest_user	Automated Ingest from INSDC/NCBI Virus by Loculus	USA	MD		2025-02-03	Monkeypox virus					PRJNA231221	SAMN11078000	VIRAL RNA	WGS	cDNA	ILLUMINA	Illumina MiSeq	417447	251303094	2019-08-27	SRR10017689
SRR10017689	PP_000T8EB	PP_000T8EB.2	Shashan, N.; Makarenko, J.; Tallon, L.; Sadzewicz, L.; Vavikolanu, K.; Mehta, A.; Aluvathingal, J.; Nadendla, S.; Myers, T.; Yan, Y.; Sichtig, H.	US Food and Drug Administration, Center for Devices and Radiological Health	insdc_ingest_user	Automated Ingest from INSDC/NCBI Virus by Loculus	USA	MD		2025-02-03	Monkeypox virus					PRJNA231221	SAMN11078000	VIRAL RNA	WGS	cDNA	ILLUMINA	Illumina MiSeq	417447	251303094	2019-08-27	SRR10017689
SRR10017689	PP_000T8F9	PP_000T8F9.2	Shashan, N.; Makarenko, J.; Tallon, L.; Sadzewicz, L.; Vavikolanu, K.; Mehta, A.; Aluvathingal, J.; Nadendla, S.; Myers, T.; Yan, Y.; Sichtig, H.	US Food and Drug Administration, Center for Devices and Radiological Health	insdc_ingest_user	Automated Ingest from INSDC/NCBI Virus by Loculus	USA	MD		2025-02-03	Monkeypox virus					PRJNA231221	SAMN11078000	VIRAL RNA	WGS	cDNA	ILLUMINA	Illumina MiSeq	417447	251303094	2019-08-27	SRR10017689
SRR10027401	PP_000T8H4	PP_000T8H4.2	Hunt, S.; Shashan, N.; Tallon, L.; Sadzewicz, L.; Vavikolanu, K.; Mehta, A.; Aluvathingal, J.; Nadendla, S.; Myers, T.; Yan, Y.; Sichtig, H.	US Food and Drug Administration, Center for Devices and Radiological Health	insdc_ingest_user	Automated Ingest from INSDC/NCBI Virus by Loculus	USA	MD		2025-02-03	Monkeypox virus					PRJNA231221	SAMN11077999	VIRAL RNA	WGS	cDNA	ILLUMINA	Illumina MiSeq	439093	264333986	2019-08-30	SRR10027401
SRR10027401	PP_000T8J2	PP_000T8J2.2	Hunt, S.; Shashan, N.; Tallon, L.; Sadzewicz, L.; Vavikolanu, K.; Mehta, A.; Aluvathingal, J.; Nadendla, S.; Myers, T.; Yan, Y.; Sichtig, H.	US Food and Drug Administration, Center for Devices and Radiological Health	insdc_ingest_user	Automated Ingest from INSDC/NCBI Virus by Loculus	USA	MD		2025-02-03	Monkeypox virus					PRJNA231221	SAMN11077999	VIRAL RNA	WGS	cDNA	ILLUMINA	Illumina MiSeq	439093	264333986	2019-08-30	SRR10027401
SRR10027401	PP_000T8MW	PP_000T8MW.2	Hunt, S.; Shashan, N.; Tallon, L.; Sadzewicz, L.; Vavikolanu, K.; Mehta, A.; Aluvathingal, J.; Nadendla, S.; Myers, T.; Yan, Y.; Sichtig, H.	US Food and Drug Administration, Center for Devices and Radiological Health	insdc_ingest_user	Automated Ingest from INSDC/NCBI Virus by Loculus	USA	MD		2025-02-03	Monkeypox virus					PRJNA231221	SAMN11077999	VIRAL RNA	WGS	cDNA	ILLUMINA	Illumina MiSeq	439093	264333986	2019-08-30	SRR10027401
SRR10027401	PP_000T8NU	PP_000T8NU.2	Hunt, S.; Shashan, N.; Tallon, L.; Sadzewicz, L.; Vavikolanu, K.; Mehta, A.; Aluvathingal, J.; Nadendla, S.; Myers, T.; Yan, Y.; Sichtig, H.	US Food and Drug Administration, Center for Devices and Radiological Health	insdc_ingest_user	Automated Ingest from INSDC/NCBI Virus by Loculus	USA	MD		2025-02-03	Monkeypox virus					PRJNA231221	SAMN11077999	VIRAL RNA	WGS	cDNA	ILLUMINA	Illumina MiSeq	439093	264333986	2019-08-30	SRR10027401
SRR10027401	PP_000T8PS	PP_000T8PS.2	Hunt, S.; Shashan, N.; Tallon, L.; Sadzewicz, L.; Vavikolanu, K.; Mehta, A.; Aluvathingal, J.; Nadendla, S.; Myers, T.; Yan, Y.; Sichtig, H.	US Food and Drug Administration, Center for Devices and Radiological Health	insdc_ingest_user	Automated Ingest from INSDC/NCBI Virus by Loculus	USA	MD		2025-02-03	Monkeypox virus					PRJNA231221	SAMN11077999	VIRAL RNA	WGS	cDNA	ILLUMINA	Illumina MiSeq	439093	264333986	2019-08-30	SRR10027401
SRR10027401	PP_000T8QQ	PP_000T8QQ.2	Hunt, S.; Shashan, N.; Tallon, L.; Sadzewicz, L.; Vavikolanu, K.; Mehta, A.; Aluvathingal, J.; Nadendla, S.; Myers, T.; Yan, Y.; Sichtig, H.	US Food and Drug Administration, Center for Devices and Radiological Health	insdc_ingest_user	Automated Ingest from INSDC/NCBI Virus by Loculus	USA	MD		2025-02-03	Monkeypox virus					PRJNA231221	SAMN11077999	VIRAL RNA	WGS	cDNA	ILLUMINA	Illumina MiSeq	439093	264333986	2019-08-30	SRR10027401
SRR10027401	PP_000T8UG	PP_000T8UG.2	Hunt, S.; Shashan, N.; Tallon, L.; Sadzewicz, L.; Vavikolanu, K.; Mehta, A.; Aluvathingal, J.; Nadendla, S.; Myers, T.; Yan, Y.; Sichtig, H.	US Food and Drug Administration, Center for Devices and Radiological Health	insdc_ingest_user	Automated Ingest from INSDC/NCBI Virus by Loculus	USA	MD		2025-02-03	Monkeypox virus					PRJNA231221	SAMN11077999	VIRAL RNA	WGS	cDNA	ILLUMINA	Illumina MiSeq	439093	264333986	2019-08-30	SRR10027401
SRR10027401	PP_000T8VE	PP_000T8VE.2	Hunt, S.; Shashan, N.; Tallon, L.; Sadzewicz, L.; Vavikolanu, K.; Mehta, A.; Aluvathingal, J.; Nadendla, S.; Myers, T.; Yan, Y.; Sichtig, H.	US Food and Drug Administration, Center for Devices and Radiological Health	insdc_ingest_user	Automated Ingest from INSDC/NCBI Virus by Loculus	USA	MD		2025-02-03	Monkeypox virus					PRJNA231221	SAMN11077999	VIRAL RNA	WGS	cDNA	ILLUMINA	Illumina MiSeq	439093	264333986	2019-08-30	SRR10027401
SRR10027401	PP_000T8WC	PP_000T8WC.2	Hunt, S.; Shashan, N.; Tallon, L.; Sadzewicz, L.; Vavikolanu, K.; Mehta, A.; Aluvathingal, J.; Nadendla, S.; Myers, T.; Yan, Y.; Sichtig, H.	US Food and Drug Administration, Center for Devices and Radiological Health	insdc_ingest_user	Automated Ingest from INSDC/NCBI Virus by Loculus	USA	MD		2025-02-03	Monkeypox virus					PRJNA231221	SAMN11077999	VIRAL RNA	WGS	cDNA	ILLUMINA	Illumina MiSeq	439093	264333986	2019-08-30	SRR10027401
SRR10027401	PP_000T8XA	PP_000T8XA.2	Hunt, S.; Shashan, N.; Tallon, L.; Sadzewicz, L.; Vavikolanu, K.; Mehta, A.; Aluvathingal, J.; Nadendla, S.; Myers, T.; Yan, Y.; Sichtig, H.	US Food and Drug Administration, Center for Devices and Radiological Health	insdc_ingest_user	Automated Ingest from INSDC/NCBI Virus by Loculus	USA	MD		2025-02-03	Monkeypox virus					PRJNA231221	SAMN11077999	VIRAL RNA	WGS	cDNA	ILLUMINA	Illumina MiSeq	439093	264333986	2019-08-30	SRR10027401
SRR10027401	PP_000T904	PP_000T904.2	Hunt, S.; Shashan, N.; Tallon, L.; Sadzewicz, L.; Vavikolanu, K.; Mehta, A.; Aluvathingal, J.; Nadendla, S.; Myers, T.; Yan, Y.; Sichtig, H.	US Food and Drug Administration, Center for Devices and Radiological Health	insdc_ingest_user	Automated Ingest from INSDC/NCBI Virus by Loculus	USA	MD		2025-02-03	Monkeypox virus					PRJNA231221	SAMN11077999	VIRAL RNA	WGS	cDNA	ILLUMINA	Illumina MiSeq	439093	264333986	2019-08-30	SRR10027401
SRR10027401	PP_000T920	PP_000T920.2	Hunt, S.; Shashan, N.; Tallon, L.; Sadzewicz, L.; Vavikolanu, K.; Mehta, A.; Aluvathingal, J.; Nadendla, S.; Myers, T.; Yan, Y.; Sichtig, H.	US Food and Drug Administration, Center for Devices and Radiological Health	insdc_ingest_user	Automated Ingest from INSDC/NCBI Virus by Loculus	USA	MD		2025-02-03	Monkeypox virus					PRJNA231221	SAMN11077999	VIRAL RNA	WGS	cDNA	ILLUMINA	Illumina MiSeq	439093	264333986	2019-08-30	SRR10027401
SRR10027401	PP_000T94W	PP_000T94W.2	Hunt, S.; Shashan, N.; Tallon, L.; Sadzewicz, L.; Vavikolanu, K.; Mehta, A.; Aluvathingal, J.; Nadendla, S.; Myers, T.; Yan, Y.; Sichtig, H.	US Food and Drug Administration, Center for Devices and Radiological Health	insdc_ingest_user	Automated Ingest from INSDC/NCBI Virus by Loculus	USA	MD		2025-02-03	Monkeypox virus					PRJNA231221	SAMN11077999	VIRAL RNA	WGS	cDNA	ILLUMINA	Illumina MiSeq	439093	264333986	2019-08-30	SRR10027401
SRR10027401	PP_000T95U	PP_000T95U.2	Hunt, S.; Shashan, N.; Tallon, L.; Sadzewicz, L.; Vavikolanu, K.; Mehta, A.; Aluvathingal, J.; Nadendla, S.; Myers, T.; Yan, Y.; Sichtig, H.	US Food and Drug Administration, Center for Devices and Radiological Health	insdc_ingest_user	Automated Ingest from INSDC/NCBI Virus by Loculus	USA	MD		2025-02-03	Monkeypox virus					PRJNA231221	SAMN11077999	VIRAL RNA	WGS	cDNA	ILLUMINA	Illumina MiSeq	439093	264333986	2019-08-30	SRR10027401
SRR10027401	PP_000T96S	PP_000T96S.2	Hunt, S.; Shashan, N.; Tallon, L.; Sadzewicz, L.; Vavikolanu, K.; Mehta, A.; Aluvathingal, J.; Nadendla, S.; Myers, T.; Yan, Y.; Sichtig, H.	US Food and Drug Administration, Center for Devices and Radiological Health	insdc_ingest_user	Automated Ingest from INSDC/NCBI Virus by Loculus	USA	MD		2025-02-03	Monkeypox virus					PRJNA231221	SAMN11077999	VIRAL RNA	WGS	cDNA	ILLUMINA	Illumina MiSeq	439093	264333986	2019-08-30	SRR10027401
SRR10027401	PP_000T98N	PP_000T98N.2	Hunt, S.; Shashan, N.; Tallon, L.; Sadzewicz, L.; Vavikolanu, K.; Mehta, A.; Aluvathingal, J.; Nadendla, S.; Myers, T.; Yan, Y.; Sichtig, H.	US Food and Drug Administration, Center for Devices and Radiological Health	insdc_ingest_user	Automated Ingest from INSDC/NCBI Virus by Loculus	USA	MD		2025-02-03	Monkeypox virus					PRJNA231221	SAMN11077999	VIRAL RNA	WGS	cDNA	ILLUMINA	Illumina MiSeq	439093	264333986	2019-08-30	SRR10027401
SRR10027401	PP_000T99L	PP_000T99L.2	Hunt, S.; Shashan, N.; Tallon, L.; Sadzewicz, L.; Vavikolanu, K.; Mehta, A.; Aluvathingal, J.; Nadendla, S.; Myers, T.; Yan, Y.; Sichtig, H.	US Food and Drug Administration, Center for Devices and Radiological Health	insdc_ingest_user	Automated Ingest from INSDC/NCBI Virus by Loculus	USA	MD		2025-02-03	Monkeypox virus					PRJNA231221	SAMN11077999	VIRAL RNA	WGS	cDNA	ILLUMINA	Illumina MiSeq	439093	264333986	2019-08-30	SRR10027401
SRR10027401	PP_000T9F8	PP_000T9F8.2	Hunt, S.; Shashan, N.; Tallon, L.; Sadzewicz, L.; Vavikolanu, K.; Mehta, A.; Aluvathingal, J.; Nadendla, S.; Myers, T.; Yan, Y.; Sichtig, H.	US Food and Drug Administration, Center for Devices and Radiological Health	insdc_ingest_user	Automated Ingest from INSDC/NCBI Virus by Loculus	USA	MD		2025-02-03	Monkeypox virus					PRJNA231221	SAMN11077999	VIRAL RNA	WGS	cDNA	ILLUMINA	Illumina MiSeq	439093	264333986	2019-08-30	SRR10027401
SRR10027401	PP_000T9G6	PP_000T9G6.2	Hunt, S.; Shashan, N.; Tallon, L.; Sadzewicz, L.; Vavikolanu, K.; Mehta, A.; Aluvathingal, J.; Nadendla, S.; Myers, T.; Yan, Y.; Sichtig, H.	US Food and Drug Administration, Center for Devices and Radiological Health	insdc_ingest_user	Automated Ingest from INSDC/NCBI Virus by Loculus	USA	MD		2025-02-03	Monkeypox virus					PRJNA231221	SAMN11077999	VIRAL RNA	WGS	cDNA	ILLUMINA	Illumina MiSeq	439093	264333986	2019-08-30	SRR10027401
SRR10027401	PP_000T9H3	PP_000T9H3.2	Hunt, S.; Shashan, N.; Tallon, L.; Sadzewicz, L.; Vavikolanu, K.; Mehta, A.; Aluvathingal, J.; Nadendla, S.; Myers, T.; Yan, Y.; Sichtig, H.	US Food and Drug Administration, Center for Devices and Radiological Health	insdc_ingest_user	Automated Ingest from INSDC/NCBI Virus by Loculus	USA	MD		2025-02-03	Monkeypox virus					PRJNA231221	SAMN11077999	VIRAL RNA	WGS	cDNA	ILLUMINA	Illumina MiSeq	439093	264333986	2019-08-30	SRR10027401
SRR10027401	PP_000T9KZ	PP_000T9KZ.2	Hunt, S.; Shashan, N.; Tallon, L.; Sadzewicz, L.; Vavikolanu, K.; Mehta, A.; Aluvathingal, J.; Nadendla, S.; Myers, T.; Yan, Y.; Sichtig, H.	US Food and Drug Administration, Center for Devices and Radiological Health	insdc_ingest_user	Automated Ingest from INSDC/NCBI Virus by Loculus	USA	MD		2025-02-03	Monkeypox virus					PRJNA231221	SAMN11077999	VIRAL RNA	WGS	cDNA	ILLUMINA	Illumina MiSeq	439093	264333986	2019-08-30	SRR10027401
SRR10027401	PP_000T9LX	PP_000T9LX.2	Hunt, S.; Shashan, N.; Tallon, L.; Sadzewicz, L.; Vavikolanu, K.; Mehta, A.; Aluvathingal, J.; Nadendla, S.; Myers, T.; Yan, Y.; Sichtig, H.	US Food and Drug Administration, Center for Devices and Radiological Health	insdc_ingest_user	Automated Ingest from INSDC/NCBI Virus by Loculus	USA	MD		2025-02-03	Monkeypox virus					PRJNA231221	SAMN11077999	VIRAL RNA	WGS	cDNA	ILLUMINA	Illumina MiSeq	439093	264333986	2019-08-30	SRR10027401
SRR10027401	PP_000T9MV	PP_000T9MV.2	Hunt, S.; Shashan, N.; Tallon, L.; Sadzewicz, L.; Vavikolanu, K.; Mehta, A.; Aluvathingal, J.; Nadendla, S.; Myers, T.; Yan, Y.; Sichtig, H.	US Food and Drug Administration, Center for Devices and Radiological Health	insdc_ingest_user	Automated Ingest from INSDC/NCBI Virus by Loculus	USA	MD		2025-02-03	Monkeypox virus					PRJNA231221	SAMN11077999	VIRAL RNA	WGS	cDNA	ILLUMINA	Illumina MiSeq	439093	264333986	2019-08-30	SRR10027401
SRR10027401	PP_000T9NT	PP_000T9NT.2	Hunt, S.; Shashan, N.; Tallon, L.; Sadzewicz, L.; Vavikolanu, K.; Mehta, A.; Aluvathingal, J.; Nadendla, S.; Myers, T.; Yan, Y.; Sichtig, H.	US Food and Drug Administration, Center for Devices and Radiological Health	insdc_ingest_user	Automated Ingest from INSDC/NCBI Virus by Loculus	USA	MD		2025-02-03	Monkeypox virus					PRJNA231221	SAMN11077999	VIRAL RNA	WGS	cDNA	ILLUMINA	Illumina MiSeq	439093	264333986	2019-08-30	SRR10027401
SRR10027401	PP_000T9QP	PP_000T9QP.2	Hunt, S.; Shashan, N.; Tallon, L.; Sadzewicz, L.; Vavikolanu, K.; Mehta, A.; Aluvathingal, J.; Nadendla, S.; Myers, T.; Yan, Y.; Sichtig, H.	US Food and Drug Administration, Center for Devices and Radiological Health	insdc_ingest_user	Automated Ingest from INSDC/NCBI Virus by Loculus	USA	MD		2025-02-03	Monkeypox virus					PRJNA231221	SAMN11077999	VIRAL RNA	WGS	cDNA	ILLUMINA	Illumina MiSeq	439093	264333986	2019-08-30	SRR10027401
SRR10027401	PP_000T9RM	PP_000T9RM.2	Hunt, S.; Shashan, N.; Tallon, L.; Sadzewicz, L.; Vavikolanu, K.; Mehta, A.; Aluvathingal, J.; Nadendla, S.; Myers, T.; Yan, Y.; Sichtig, H.	US Food and Drug Administration, Center for Devices and Radiological Health	insdc_ingest_user	Automated Ingest from INSDC/NCBI Virus by Loculus	USA	MD		2025-02-03	Monkeypox virus					PRJNA231221	SAMN11077999	VIRAL RNA	WGS	cDNA	ILLUMINA	Illumina MiSeq	439093	264333986	2019-08-30	SRR10027401
SRR10027401	PP_000T9UF	PP_000T9UF.2	Hunt, S.; Shashan, N.; Tallon, L.; Sadzewicz, L.; Vavikolanu, K.; Mehta, A.; Aluvathingal, J.; Nadendla, S.; Myers, T.; Yan, Y.; Sichtig, H.	US Food and Drug Administration, Center for Devices and Radiological Health	insdc_ingest_user	Automated Ingest from INSDC/NCBI Virus by Loculus	USA	MD		2025-02-03	Monkeypox virus					PRJNA231221	SAMN11077999	VIRAL RNA	WGS	cDNA	ILLUMINA	Illumina MiSeq	439093	264333986	2019-08-30	SRR10027401
SRR10027401	PP_000T9X9	PP_000T9X9.2	Hunt, S.; Shashan, N.; Tallon, L.; Sadzewicz, L.; Vavikolanu, K.; Mehta, A.; Aluvathingal, J.; Nadendla, S.; Myers, T.; Yan, Y.; Sichtig, H.	US Food and Drug Administration, Center for Devices and Radiological Health	insdc_ingest_user	Automated Ingest from INSDC/NCBI Virus by Loculus	USA	MD		2025-02-03	Monkeypox virus					PRJNA231221	SAMN11077999	VIRAL RNA	WGS	cDNA	ILLUMINA	Illumina MiSeq	439093	264333986	2019-08-30	SRR10027401
SRR10027401	PP_000T9Y7	PP_000T9Y7.2	Hunt, S.; Shashan, N.; Tallon, L.; Sadzewicz, L.; Vavikolanu, K.; Mehta, A.; Aluvathingal, J.; Nadendla, S.; Myers, T.; Yan, Y.; Sichtig, H.	US Food and Drug Administration, Center for Devices and Radiological Health	insdc_ingest_user	Automated Ingest from INSDC/NCBI Virus by Loculus	USA	MD		2025-02-03	Monkeypox virus					PRJNA231221	SAMN11077999	VIRAL RNA	WGS	cDNA	ILLUMINA	Illumina MiSeq	439093	264333986	2019-08-30	SRR10027401
SRR10027401	PP_000T9Z5	PP_000T9Z5.2	Hunt, S.; Shashan, N.; Tallon, L.; Sadzewicz, L.; Vavikolanu, K.; Mehta, A.; Aluvathingal, J.; Nadendla, S.; Myers, T.; Yan, Y.; Sichtig, H.	US Food and Drug Administration, Center for Devices and Radiological Health	insdc_ingest_user	Automated Ingest from INSDC/NCBI Virus by Loculus	USA	MD		2025-02-03	Monkeypox virus					PRJNA231221	SAMN11077999	VIRAL RNA	WGS	cDNA	ILLUMINA	Illumina MiSeq	439093	264333986	2019-08-30	SRR10027401
SRR10027401	PP_000TA03	PP_000TA03.2	Hunt, S.; Shashan, N.; Tallon, L.; Sadzewicz, L.; Vavikolanu, K.; Mehta, A.; Aluvathingal, J.; Nadendla, S.; Myers, T.; Yan, Y.; Sichtig, H.	US Food and Drug Administration, Center for Devices and Radiological Health	insdc_ingest_user	Automated Ingest from INSDC/NCBI Virus by Loculus	USA	MD		2025-02-03	Monkeypox virus					PRJNA231221	SAMN11077999	VIRAL RNA	WGS	cDNA	ILLUMINA	Illumina MiSeq	439093	264333986	2019-08-30	SRR10027401
SRR10027401	PP_000TA11	PP_000TA11.2	Hunt, S.; Shashan, N.; Tallon, L.; Sadzewicz, L.; Vavikolanu, K.; Mehta, A.; Aluvathingal, J.; Nadendla, S.; Myers, T.; Yan, Y.; Sichtig, H.	US Food and Drug Administration, Center for Devices and Radiological Health	insdc_ingest_user	Automated Ingest from INSDC/NCBI Virus by Loculus	USA	MD		2025-02-03	Monkeypox virus					PRJNA231221	SAMN11077999	VIRAL RNA	WGS	cDNA	ILLUMINA	Illumina MiSeq	439093	264333986	2019-08-30	SRR10027401
SRR10027401	PP_000TA2Z	PP_000TA2Z.2	Hunt, S.; Shashan, N.; Tallon, L.; Sadzewicz, L.; Vavikolanu, K.; Mehta, A.; Aluvathingal, J.; Nadendla, S.; Myers, T.; Yan, Y.; Sichtig, H.	US Food and Drug Administration, Center for Devices and Radiological Health	insdc_ingest_user	Automated Ingest from INSDC/NCBI Virus by Loculus	USA	MD		2025-02-03	Monkeypox virus					PRJNA231221	SAMN11077999	VIRAL RNA	WGS	cDNA	ILLUMINA	Illumina MiSeq	439093	264333986	2019-08-30	SRR10027401
SRR10027401	PP_000TA5T	PP_000TA5T.2	Hunt, S.; Shashan, N.; Tallon, L.; Sadzewicz, L.; Vavikolanu, K.; Mehta, A.; Aluvathingal, J.; Nadendla, S.; Myers, T.; Yan, Y.; Sichtig, H.	US Food and Drug Administration, Center for Devices and Radiological Health	insdc_ingest_user	Automated Ingest from INSDC/NCBI Virus by Loculus	USA	MD		2025-02-03	Monkeypox virus					PRJNA231221	SAMN11077999	VIRAL RNA	WGS	cDNA	ILLUMINA	Illumina MiSeq	439093	264333986	2019-08-30	SRR10027401
SRR10027401	PP_000TA6R	PP_000TA6R.2	Hunt, S.; Shashan, N.; Tallon, L.; Sadzewicz, L.; Vavikolanu, K.; Mehta, A.; Aluvathingal, J.; Nadendla, S.; Myers, T.; Yan, Y.; Sichtig, H.	US Food and Drug Administration, Center for Devices and Radiological Health	insdc_ingest_user	Automated Ingest from INSDC/NCBI Virus by Loculus	USA	MD		2025-02-03	Monkeypox virus					PRJNA231221	SAMN11077999	VIRAL RNA	WGS	cDNA	ILLUMINA	Illumina MiSeq	439093	264333986	2019-08-30	SRR10027401
SRR10027401	PP_000TA8M	PP_000TA8M.2	Hunt, S.; Shashan, N.; Tallon, L.; Sadzewicz, L.; Vavikolanu, K.; Mehta, A.; Aluvathingal, J.; Nadendla, S.; Myers, T.; Yan, Y.; Sichtig, H.	US Food and Drug Administration, Center for Devices and Radiological Health	insdc_ingest_user	Automated Ingest from INSDC/NCBI Virus by Loculus	USA	MD		2025-02-03	Monkeypox virus					PRJNA231221	SAMN11077999	VIRAL RNA	WGS	cDNA	ILLUMINA	Illumina MiSeq	439093	264333986	2019-08-30	SRR10027401
SRR10027401	PP_000TA9K	PP_000TA9K.2	Hunt, S.; Shashan, N.; Tallon, L.; Sadzewicz, L.; Vavikolanu, K.; Mehta, A.; Aluvathingal, J.; Nadendla, S.; Myers, T.; Yan, Y.; Sichtig, H.	US Food and Drug Administration, Center for Devices and Radiological Health	insdc_ingest_user	Automated Ingest from INSDC/NCBI Virus by Loculus	USA	MD		2025-02-03	Monkeypox virus					PRJNA231221	SAMN11077999	VIRAL RNA	WGS	cDNA	ILLUMINA	Illumina MiSeq	439093	264333986	2019-08-30	SRR10027401
SRR10027401	PP_000TAAH	PP_000TAAH.2	Hunt, S.; Shashan, N.; Tallon, L.; Sadzewicz, L.; Vavikolanu, K.; Mehta, A.; Aluvathingal, J.; Nadendla, S.; Myers, T.; Yan, Y.; Sichtig, H.	US Food and Drug Administration, Center for Devices and Radiological Health	insdc_ingest_user	Automated Ingest from INSDC/NCBI Virus by Loculus	USA	MD		2025-02-03	Monkeypox virus					PRJNA231221	SAMN11077999	VIRAL RNA	WGS	cDNA	ILLUMINA	Illumina MiSeq	439093	264333986	2019-08-30	SRR10027401
SRR10027401	PP_000TAF7	PP_000TAF7.2	Hunt, S.; Shashan, N.; Tallon, L.; Sadzewicz, L.; Vavikolanu, K.; Mehta, A.; Aluvathingal, J.; Nadendla, S.; Myers, T.; Yan, Y.; Sichtig, H.	US Food and Drug Administration, Center for Devices and Radiological Health	insdc_ingest_user	Automated Ingest from INSDC/NCBI Virus by Loculus	USA	MD		2025-02-03	Monkeypox virus					PRJNA231221	SAMN11077999	VIRAL RNA	WGS	cDNA	ILLUMINA	Illumina MiSeq	439093	264333986	2019-08-30	SRR10027401
SRR10027401	PP_000TAG5	PP_000TAG5.2	Hunt, S.; Shashan, N.; Tallon, L.; Sadzewicz, L.; Vavikolanu, K.; Mehta, A.; Aluvathingal, J.; Nadendla, S.; Myers, T.; Yan, Y.; Sichtig, H.	US Food and Drug Administration, Center for Devices and Radiological Health	insdc_ingest_user	Automated Ingest from INSDC/NCBI Virus by Loculus	USA	MD		2025-02-03	Monkeypox virus					PRJNA231221	SAMN11077999	VIRAL RNA	WGS	cDNA	ILLUMINA	Illumina MiSeq	439093	264333986	2019-08-30	SRR10027401
SRR10027401	PP_000TAJ0	PP_000TAJ0.2	Hunt, S.; Shashan, N.; Tallon, L.; Sadzewicz, L.; Vavikolanu, K.; Mehta, A.; Aluvathingal, J.; Nadendla, S.; Myers, T.; Yan, Y.; Sichtig, H.	US Food and Drug Administration, Center for Devices and Radiological Health	insdc_ingest_user	Automated Ingest from INSDC/NCBI Virus by Loculus	USA	MD		2025-02-03	Monkeypox virus					PRJNA231221	SAMN11077999	VIRAL RNA	WGS	cDNA	ILLUMINA	Illumina MiSeq	439093	264333986	2019-08-30	SRR10027401
SRR10027401	PP_000TALW	PP_000TALW.2	Hunt, S.; Shashan, N.; Tallon, L.; Sadzewicz, L.; Vavikolanu, K.; Mehta, A.; Aluvathingal, J.; Nadendla, S.; Myers, T.; Yan, Y.; Sichtig, H.	US Food and Drug Administration, Center for Devices and Radiological Health	insdc_ingest_user	Automated Ingest from INSDC/NCBI Virus by Loculus	USA	MD		2025-02-03	Monkeypox virus					PRJNA231221	SAMN11077999	VIRAL RNA	WGS	cDNA	ILLUMINA	Illumina MiSeq	439093	264333986	2019-08-30	SRR10027401
SRR10027401	PP_000TAMU	PP_000TAMU.2	Hunt, S.; Shashan, N.; Tallon, L.; Sadzewicz, L.; Vavikolanu, K.; Mehta, A.; Aluvathingal, J.; Nadendla, S.; Myers, T.; Yan, Y.; Sichtig, H.	US Food and Drug Administration, Center for Devices and Radiological Health	insdc_ingest_user	Automated Ingest from INSDC/NCBI Virus by Loculus	USA	MD		2025-02-03	Monkeypox virus					PRJNA231221	SAMN11077999	VIRAL RNA	WGS	cDNA	ILLUMINA	Illumina MiSeq	439093	264333986	2019-08-30	SRR10027401
SRR10027401	PP_000TANS	PP_000TANS.2	Hunt, S.; Shashan, N.; Tallon, L.; Sadzewicz, L.; Vavikolanu, K.; Mehta, A.; Aluvathingal, J.; Nadendla, S.; Myers, T.; Yan, Y.; Sichtig, H.	US Food and Drug Administration, Center for Devices and Radiological Health	insdc_ingest_user	Automated Ingest from INSDC/NCBI Virus by Loculus	USA	MD		2025-02-03	Monkeypox virus					PRJNA231221	SAMN11077999	VIRAL RNA	WGS	cDNA	ILLUMINA	Illumina MiSeq	439093	264333986	2019-08-30	SRR10027401
SRR10027401	PP_000TAPQ	PP_000TAPQ.2	Hunt, S.; Shashan, N.; Tallon, L.; Sadzewicz, L.; Vavikolanu, K.; Mehta, A.; Aluvathingal, J.; Nadendla, S.; Myers, T.; Yan, Y.; Sichtig, H.	US Food and Drug Administration, Center for Devices and Radiological Health	insdc_ingest_user	Automated Ingest from INSDC/NCBI Virus by Loculus	USA	MD		2025-02-03	Monkeypox virus					PRJNA231221	SAMN11077999	VIRAL RNA	WGS	cDNA	ILLUMINA	Illumina MiSeq	439093	264333986	2019-08-30	SRR10027401
SRR10027401	PP_000TAQN	PP_000TAQN.2	Hunt, S.; Shashan, N.; Tallon, L.; Sadzewicz, L.; Vavikolanu, K.; Mehta, A.; Aluvathingal, J.; Nadendla, S.; Myers, T.; Yan, Y.; Sichtig, H.	US Food and Drug Administration, Center for Devices and Radiological Health	insdc_ingest_user	Automated Ingest from INSDC/NCBI Virus by Loculus	USA	MD		2025-02-03	Monkeypox virus					PRJNA231221	SAMN11077999	VIRAL RNA	WGS	cDNA	ILLUMINA	Illumina MiSeq	439093	264333986	2019-08-30	SRR10027401
SRR10027401	PP_000TASJ	PP_000TASJ.2	Hunt, S.; Shashan, N.; Tallon, L.; Sadzewicz, L.; Vavikolanu, K.; Mehta, A.; Aluvathingal, J.; Nadendla, S.; Myers, T.; Yan, Y.; Sichtig, H.	US Food and Drug Administration, Center for Devices and Radiological Health	insdc_ingest_user	Automated Ingest from INSDC/NCBI Virus by Loculus	USA	MD		2025-02-03	Monkeypox virus					PRJNA231221	SAMN11077999	VIRAL RNA	WGS	cDNA	ILLUMINA	Illumina MiSeq	439093	264333986	2019-08-30	SRR10027401
SRR10027401	PP_000TATG	PP_000TATG.2	Hunt, S.; Shashan, N.; Tallon, L.; Sadzewicz, L.; Vavikolanu, K.; Mehta, A.; Aluvathingal, J.; Nadendla, S.; Myers, T.; Yan, Y.; Sichtig, H.	US Food and Drug Administration, Center for Devices and Radiological Health	insdc_ingest_user	Automated Ingest from INSDC/NCBI Virus by Loculus	USA	MD		2025-02-03	Monkeypox virus					PRJNA231221	SAMN11077999	VIRAL RNA	WGS	cDNA	ILLUMINA	Illumina MiSeq	439093	264333986	2019-08-30	SRR10027401
SRR10027401	PP_000TAUE	PP_000TAUE.2	Hunt, S.; Shashan, N.; Tallon, L.; Sadzewicz, L.; Vavikolanu, K.; Mehta, A.; Aluvathingal, J.; Nadendla, S.; Myers, T.; Yan, Y.; Sichtig, H.	US Food and Drug Administration, Center for Devices and Radiological Health	insdc_ingest_user	Automated Ingest from INSDC/NCBI Virus by Loculus	USA	MD		2025-02-03	Monkeypox virus					PRJNA231221	SAMN11077999	VIRAL RNA	WGS	cDNA	ILLUMINA	Illumina MiSeq	439093	264333986	2019-08-30	SRR10027401
SRR10027401	PP_000TAVC	PP_000TAVC.2	Hunt, S.; Shashan, N.; Tallon, L.; Sadzewicz, L.; Vavikolanu, K.; Mehta, A.; Aluvathingal, J.; Nadendla, S.; Myers, T.; Yan, Y.; Sichtig, H.	US Food and Drug Administration, Center for Devices and Radiological Health	insdc_ingest_user	Automated Ingest from INSDC/NCBI Virus by Loculus	USA	MD		2025-02-03	Monkeypox virus					PRJNA231221	SAMN11077999	VIRAL RNA	WGS	cDNA	ILLUMINA	Illumina MiSeq	439093	264333986	2019-08-30	SRR10027401
SRR10027401	PP_000TAWA	PP_000TAWA.2	Hunt, S.; Shashan, N.; Tallon, L.; Sadzewicz, L.; Vavikolanu, K.; Mehta, A.; Aluvathingal, J.; Nadendla, S.; Myers, T.; Yan, Y.; Sichtig, H.	US Food and Drug Administration, Center for Devices and Radiological Health	insdc_ingest_user	Automated Ingest from INSDC/NCBI Virus by Loculus	USA	MD		2025-02-03	Monkeypox virus					PRJNA231221	SAMN11077999	VIRAL RNA	WGS	cDNA	ILLUMINA	Illumina MiSeq	439093	264333986	2019-08-30	SRR10027401
SRR10027401	PP_000TAX8	PP_000TAX8.2	Hunt, S.; Shashan, N.; Tallon, L.; Sadzewicz, L.; Vavikolanu, K.; Mehta, A.; Aluvathingal, J.; Nadendla, S.; Myers, T.; Yan, Y.; Sichtig, H.	US Food and Drug Administration, Center for Devices and Radiological Health	insdc_ingest_user	Automated Ingest from INSDC/NCBI Virus by Loculus	USA	MD		2025-02-03	Monkeypox virus					PRJNA231221	SAMN11077999	VIRAL RNA	WGS	cDNA	ILLUMINA	Illumina MiSeq	439093	264333986	2019-08-30	SRR10027401
SRR19793480	PP_000TGTA	PP_000TGTA.2	de la Hoz-Sanchez, B.; Lopez-Ortiz, M.; Gutierrez-Arroyo, A.; Roces-Alvarez, P.; Lazaro-Peona, F.; Dahdouh, E.; Bloise, I.; Garcia-Rodriguez, J.; Mingorance, J.	Hospital Universitario La Paz, Microbiology	insdc_ingest_user	Automated Ingest from INSDC/NCBI Virus by Loculus	Spain	Madrid	2022-06-06	2025-02-03	Monkeypox virus					PRJNA851991	SAMN29261761	GENOMIC	WGS	RANDOM	OXFORD_NANOPORE	MinION	0	0	2022-09-01	SRR19793480,SRR19793481
SRR19793481	PP_000TGTA	PP_000TGTA.2	de la Hoz-Sanchez, B.; Lopez-Ortiz, M.; Gutierrez-Arroyo, A.; Roces-Alvarez, P.; Lazaro-Peona, F.; Dahdouh, E.; Bloise, I.; Garcia-Rodriguez, J.; Mingorance, J.	Hospital Universitario La Paz, Microbiology	insdc_ingest_user	Automated Ingest from INSDC/NCBI Virus by Loculus	Spain	Madrid	2022-06-06	2025-02-03	Monkeypox virus					PRJNA851991	SAMN29261761	GENOMIC	WGS	RANDOM	ION_TORRENT	Ion GeneStudio S5	40527	11066975	2022-06-29	SRR19793480,SRR19793481
SRR19793482	PP_000TGU8	PP_000TGU8.2	de la Hoz-Sanchez, B.; Lopez-Ortiz, M.; Gutierrez-Arroyo, A.; Roces-Alvarez, P.; Lazaro-Peona, F.; Dahdouh, E.; Bloise, I.; Garcia-Rodriguez, J.; Mingorance, J.	Hospital Universitario La Paz, Microbiology	insdc_ingest_user	Automated Ingest from INSDC/NCBI Virus by Loculus	Spain	Madrid	2022-05-20	2025-02-03	Monkeypox virus					PRJNA851991	SAMN29261760	GENOMIC	WGS	RANDOM	OXFORD_NANOPORE	MinION	0	0	2022-06-29	SRR19793482,SRR19793483
SRR19793483	PP_000TGU8	PP_000TGU8.2	de la Hoz-Sanchez, B.; Lopez-Ortiz, M.; Gutierrez-Arroyo, A.; Roces-Alvarez, P.; Lazaro-Peona, F.; Dahdouh, E.; Bloise, I.; Garcia-Rodriguez, J.; Mingorance, J.	Hospital Universitario La Paz, Microbiology	insdc_ingest_user	Automated Ingest from INSDC/NCBI Virus by Loculus	Spain	Madrid	2022-05-20	2025-02-03	Monkeypox virus					PRJNA851991	SAMN29261760	GENOMIC	WGS	RANDOM	ION_TORRENT	Ion GeneStudio S5	35644	10144065	2022-06-29	SRR19793482,SRR19793483
SRR20653196	PP_000TPXV	PP_000TPXV.2	Sereewit, J.; Xie, H.; Roychoudhury, P.; Greninger, A.	UW Virology, Laboratory Medicine	insdc_ingest_user	Automated Ingest from INSDC/NCBI Virus by Loculus	USA	WA	2022-07	2025-02-03	Monkeypox virus					PRJNA862948	SAMN29982907	GENOMIC	Targeted-Capture	RANDOM PCR	ILLUMINA	Illumina MiSeq	928540	171835128	2022-07-31	SRR20653196
SRR20653195	PP_000TPYT	PP_000TPYT.2	Sereewit, J.; Xie, H.; Roychoudhury, P.; Greninger, A.	UW Virology, Laboratory Medicine	insdc_ingest_user	Automated Ingest from INSDC/NCBI Virus by Loculus	USA	WA	2022-07	2025-02-03	Monkeypox virus					PRJNA862948	SAMN29982908	GENOMIC	Targeted-Capture	RANDOM PCR	ILLUMINA	Illumina MiSeq	8450663	1359196896	2022-07-31	SRR20653195
SRR20653194	PP_000TPZR	PP_000TPZR.2	Sereewit, J.; Xie, H.; Roychoudhury, P.; Greninger, A.	UW Virology, Laboratory Medicine	insdc_ingest_user	Automated Ingest from INSDC/NCBI Virus by Loculus	USA	WA	2022-07	2025-02-03	Monkeypox virus					PRJNA862948	SAMN29982909	GENOMIC	Targeted-Capture	RANDOM PCR	ILLUMINA	Illumina MiSeq	2970255	480676739	2022-07-31	SRR20653194
SRR20653193	PP_000TQ0P	PP_000TQ0P.2	Sereewit, J.; Xie, H.; Roychoudhury, P.; Greninger, A.	UW Virology, Laboratory Medicine	insdc_ingest_user	Automated Ingest from INSDC/NCBI Virus by Loculus	USA	WA	2022-07	2025-02-03	Monkeypox virus					PRJNA862948	SAMN29982910	GENOMIC	Targeted-Capture	RANDOM PCR	ILLUMINA	Illumina MiSeq	1842471	303686291	2022-07-31	SRR20653193
SRR20653192	PP_000TQ1M	PP_000TQ1M.2	Sereewit, J.; Xie, H.; Roychoudhury, P.; Greninger, A.	UW Virology, Laboratory Medicine	insdc_ingest_user	Automated Ingest from INSDC/NCBI Virus by Loculus	USA	WA	2022-07	2025-02-03	Monkeypox virus					PRJNA862948	SAMN29982911	GENOMIC	Targeted-Capture	RANDOM PCR	ILLUMINA	Illumina MiSeq	1223981	220506831	2022-07-31	SRR20653192
SRR20653191	PP_000TQ2K	PP_000TQ2K.2	Sereewit, J.; Xie, H.; Roychoudhury, P.; Greninger, A.	UW Virology, Laboratory Medicine	insdc_ingest_user	Automated Ingest from INSDC/NCBI Virus by Loculus	USA	WA	2022-07	2025-02-03	Monkeypox virus					PRJNA862948	SAMN29982912	GENOMIC	Targeted-Capture	RANDOM PCR	ILLUMINA	Illumina MiSeq	1079156	172388001	2022-07-31	SRR20653191
SRR20653190	PP_000TQ3H	PP_000TQ3H.2	Sereewit, J.; Xie, H.; Roychoudhury, P.; Greninger, A.	UW Virology, Laboratory Medicine	insdc_ingest_user	Automated Ingest from INSDC/NCBI Virus by Loculus	USA	WA	2022-07	2025-02-03	Monkeypox virus					PRJNA862948	SAMN29982913	GENOMIC	Targeted-Capture	RANDOM PCR	ILLUMINA	Illumina MiSeq	2050873	373091569	2022-09-08	SRR20653190
SRR20653189	PP_000TQ4F	PP_000TQ4F.2	Sereewit, J.; Xie, H.; Roychoudhury, P.; Greninger, A.	UW Virology, Laboratory Medicine	insdc_ingest_user	Automated Ingest from INSDC/NCBI Virus by Loculus	USA	WA	2022-07	2025-02-03	Monkeypox virus					PRJNA862948	SAMN29982914	GENOMIC	Targeted-Capture	RANDOM PCR	ILLUMINA	Illumina MiSeq	356315	58431249	2022-07-31	SRR20653189
SRR20653188	PP_000TQ5D	PP_000TQ5D.2	Sereewit, J.; Xie, H.; Roychoudhury, P.; Greninger, A.	UW Virology, Laboratory Medicine	insdc_ingest_user	Automated Ingest from INSDC/NCBI Virus by Loculus	USA	WA	2022-07	2025-02-03	Monkeypox virus					PRJNA862948	SAMN29982915	GENOMIC	Targeted-Capture	RANDOM PCR	ILLUMINA	Illumina MiSeq	2262984	414448546	2022-07-31	SRR20653188
SRR20653187	PP_000TQ6B	PP_000TQ6B.2	Sereewit, J.; Xie, H.; Roychoudhury, P.; Greninger, A.	UW Virology, Laboratory Medicine	insdc_ingest_user	Automated Ingest from INSDC/NCBI Virus by Loculus	USA	WA	2022-07	2025-02-03	Monkeypox virus					PRJNA862948	SAMN29982916	GENOMIC	Targeted-Capture	RANDOM PCR	ILLUMINA	Illumina MiSeq	834691	155247118	2022-07-31	SRR20653187
SRR20731575	PP_000TQHN	PP_000TQHN.2	Sereewit, J.; Xie, H.; Roychoudhury, P.; Greninger, A.	UW Virology, Laboratory Medicine	insdc_ingest_user	Automated Ingest from INSDC/NCBI Virus by Loculus	USA	WA	2022-07	2025-02-03	Monkeypox virus					PRJNA862948	SAMN30081276	GENOMIC	Targeted-Capture	RANDOM PCR	ILLUMINA	Illumina MiSeq	1017909	152686350	2022-08-11	SRR20731575
SRR20731574	PP_000TQJL	PP_000TQJL.2	Sereewit, J.; Xie, H.; Roychoudhury, P.; Greninger, A.	UW Virology, Laboratory Medicine	insdc_ingest_user	Automated Ingest from INSDC/NCBI Virus by Loculus	USA	WA	2022-07	2025-02-03	Monkeypox virus					PRJNA862948	SAMN30081277	GENOMIC	Targeted-Capture	RANDOM PCR	ILLUMINA	Illumina MiSeq	1580672	237100800	2022-08-11	SRR20731574
SRR20731573	PP_000TQKJ	PP_000TQKJ.2	Sereewit, J.; Xie, H.; Roychoudhury, P.; Greninger, A.	UW Virology, Laboratory Medicine	insdc_ingest_user	Automated Ingest from INSDC/NCBI Virus by Loculus	USA	WA	2022-07	2025-02-03	Monkeypox virus					PRJNA862948	SAMN30081278	GENOMIC	Targeted-Capture	RANDOM PCR	ILLUMINA	Illumina MiSeq	1247207	187081050	2022-08-11	SRR20731573
SRR20731572	PP_000TQLG	PP_000TQLG.2	Sereewit, J.; Xie, H.; Roychoudhury, P.; Greninger, A.	UW Virology, Laboratory Medicine	insdc_ingest_user	Automated Ingest from INSDC/NCBI Virus by Loculus	USA	WA	2022-07	2025-02-03	Monkeypox virus					PRJNA862948	SAMN30081279	GENOMIC	Targeted-Capture	RANDOM PCR	ILLUMINA	Illumina MiSeq	2436991	365548650	2022-08-11	SRR20731572
SRR20736996	PP_000TQME	PP_000TQME.2	Sereewit, J.; Xie, H.; Roychoudhury, P.; Greninger, A.	UW Virology, Laboratory Medicine	insdc_ingest_user	Automated Ingest from INSDC/NCBI Virus by Loculus	USA	WA	2022-07	2025-02-03	Monkeypox virus					PRJNA862948	SAMN30086702	GENOMIC	Targeted-Capture	RANDOM PCR	ILLUMINA	NextSeq 2000	3993350	1205991700	2022-08-11	SRR20736996
SRR20736995	PP_000TQNC	PP_000TQNC.2	Sereewit, J.; Xie, H.; Roychoudhury, P.; Greninger, A.	UW Virology, Laboratory Medicine	insdc_ingest_user	Automated Ingest from INSDC/NCBI Virus by Loculus	USA	WA	2022-07	2025-02-03	Monkeypox virus					PRJNA862948	SAMN30086703	GENOMIC	Targeted-Capture	RANDOM PCR	ILLUMINA	NextSeq 2000	10190786	3077617372	2022-08-11	SRR20736995
SRR20736992	PP_000TQPA	PP_000TQPA.2	Sereewit, J.; Xie, H.; Roychoudhury, P.; Greninger, A.	UW Virology, Laboratory Medicine	insdc_ingest_user	Automated Ingest from INSDC/NCBI Virus by Loculus	USA	WA	2022-07	2025-02-03	Monkeypox virus					PRJNA862948	SAMN30086704	GENOMIC	Targeted-Capture	RANDOM PCR	ILLUMINA	NextSeq 2000	4121515	1244697530	2022-08-11	SRR20736992
SRR20736991	PP_000TQQ8	PP_000TQQ8.2	Sereewit, J.; Xie, H.; Roychoudhury, P.; Greninger, A.	UW Virology, Laboratory Medicine	insdc_ingest_user	Automated Ingest from INSDC/NCBI Virus by Loculus	USA	WA	2022-07	2025-02-03	Monkeypox virus					PRJNA862948	SAMN30086705	GENOMIC	Targeted-Capture	RANDOM PCR	ILLUMINA	NextSeq 2000	8342752	2519511104	2022-08-11	SRR20736991
SRR20736990	PP_000TQR6	PP_000TQR6.2	Sereewit, J.; Xie, H.; Roychoudhury, P.; Greninger, A.	UW Virology, Laboratory Medicine	insdc_ingest_user	Automated Ingest from INSDC/NCBI Virus by Loculus	USA	WA	2022-07	2025-02-03	Monkeypox virus					PRJNA862948	SAMN30086706	GENOMIC	Targeted-Capture	RANDOM PCR	ILLUMINA	NextSeq 2000	3839215	1159442930	2022-08-20	SRR20736990
SRR20736989	PP_000TQS4	PP_000TQS4.2	Sereewit, J.; Xie, H.; Roychoudhury, P.; Greninger, A.	UW Virology, Laboratory Medicine	insdc_ingest_user	Automated Ingest from INSDC/NCBI Virus by Loculus	USA	WA	2022-07	2025-02-03	Monkeypox virus					PRJNA862948	SAMN30086707	GENOMIC	Targeted-Capture	RANDOM PCR	ILLUMINA	NextSeq 2000	9600756	2899428312	2022-08-11	SRR20736989
SRR20736988	PP_000TQT2	PP_000TQT2.2	Sereewit, J.; Xie, H.; Roychoudhury, P.; Greninger, A.	UW Virology, Laboratory Medicine	insdc_ingest_user	Automated Ingest from INSDC/NCBI Virus by Loculus	USA	WA	2022-07	2025-02-03	Monkeypox virus					PRJNA862948	SAMN30086708	GENOMIC	Targeted-Capture	RANDOM PCR	ILLUMINA	NextSeq 2000	9502905	2869877310	2022-08-11	SRR20736988
SRR20736987	PP_000TQU0	PP_000TQU0.2	Sereewit, J.; Xie, H.; Roychoudhury, P.; Greninger, A.	UW Virology, Laboratory Medicine	insdc_ingest_user	Automated Ingest from INSDC/NCBI Virus by Loculus	USA	OH	2022-07	2025-02-03	Monkeypox virus					PRJNA862948	SAMN30086709	GENOMIC	Targeted-Capture	RANDOM PCR	ILLUMINA	NextSeq 2000	1764169	532779038	2022-08-11	SRR20736987
SRR20736986	PP_000TQVY	PP_000TQVY.2	Sereewit, J.; Xie, H.; Roychoudhury, P.; Greninger, A.	UW Virology, Laboratory Medicine	insdc_ingest_user	Automated Ingest from INSDC/NCBI Virus by Loculus	USA	OH	2022-07	2025-02-03	Monkeypox virus					PRJNA862948	SAMN30086710	GENOMIC	Targeted-Capture	RANDOM PCR	ILLUMINA	NextSeq 2000	3677019	1110459738	2022-08-11	SRR20736986
SRR20736985	PP_000TQWW	PP_000TQWW.2	Sereewit, J.; Xie, H.; Roychoudhury, P.; Greninger, A.	UW Virology, Laboratory Medicine	insdc_ingest_user	Automated Ingest from INSDC/NCBI Virus by Loculus	USA	OH	2022-07	2025-02-03	Monkeypox virus					PRJNA862948	SAMN30086711	GENOMIC	Targeted-Capture	RANDOM PCR	ILLUMINA	NextSeq 2000	7058538	2131678476	2022-08-11	SRR20736985
SRR20736994	PP_000TQXU	PP_000TQXU.2	Sereewit, J.; Xie, H.; Roychoudhury, P.; Greninger, A.	UW Virology, Laboratory Medicine	insdc_ingest_user	Automated Ingest from INSDC/NCBI Virus by Loculus	USA	OH	2022-07	2025-02-03	Monkeypox virus					PRJNA862948	SAMN30086712	GENOMIC	Targeted-Capture	RANDOM PCR	ILLUMINA	NextSeq 2000	4344109	1311920918	2022-08-11	SRR20736994
SRR20736993	PP_000TQYS	PP_000TQYS.2	Sereewit, J.; Xie, H.; Roychoudhury, P.; Greninger, A.	UW Virology, Laboratory Medicine	insdc_ingest_user	Automated Ingest from INSDC/NCBI Virus by Loculus	USA	OH	2022-07	2025-02-03	Monkeypox virus					PRJNA862948	SAMN30086713	GENOMIC	Targeted-Capture	RANDOM PCR	ILLUMINA	NextSeq 2000	6994309	2112281318	2022-08-11	SRR20736993
SRR20715485	PP_000TRA2	PP_000TRA2.2	Gigante, C.; Ventura, J.; Seabolt, M. H.; Zhao, H.; Wilkins, K.; McCollum, A.; Hutson, C.; Davidson, W.; Rao, A.; Nash, J.; Li, Y.	CDC, DHCPP-PRB	insdc_ingest_user	Automated Ingest from INSDC/NCBI Virus by Loculus	USA	CA	2022-06	2025-02-03	Monkeypox virus					PRJNA849962	SAMN30056154	METAGENOMIC	WGS	RANDOM	ILLUMINA	Illumina MiSeq	15037	9022740	2022-07-31	SRR20715485
SRR20715409	PP_000TRB0	PP_000TRB0.2	Gigante, C.; Ventura, J.; Seabolt, M. H.; Zhao, H.; Wilkins, K.; McCollum, A.; Hutson, C.; Davidson, W.; Rao, A.; Nash, J.; Sheth, M.; Li, Y.	CDC, DHCPP-PRB	insdc_ingest_user	Automated Ingest from INSDC/NCBI Virus by Loculus	USA	CA	2022-06	2025-02-03	Monkeypox virus					PRJNA849962	SAMN30056102	METAGENOMIC	WGS	RANDOM	ILLUMINA	Illumina NovaSeq 6000	620827	149407229	2022-07-31	SRR20715409
SRR20715516	PP_000TRCY	PP_000TRCY.2	Gigante, C.; Xia, D.; Seabolt, M.; Zhao, H.; Wilkins, K.; McCollum, A.; Hutson, C.; Davidson, W.; Rao, A.; Plipat, N.; Li, Y.	CDC, DHCPP-PRB	insdc_ingest_user	Automated Ingest from INSDC/NCBI Virus by Loculus	USA	GA	2022-05	2025-02-03	Monkeypox virus					PRJNA849962	SAMN30056189	METAGENOMIC	WGS	RANDOM	ILLUMINA	Illumina MiSeq	121061	72685170	2022-07-31	SRR20715516
SRR20715522	PP_000TRDW	PP_000TRDW.2	Gigante, C.; Goldoft, M.; Seabolt, M.; Zhao, H.; Wilkins, K.; McCollum, A.; Hutson, C.; Davidson, W.; Rao, A.; Holshue, M.; Li, Y.	CDC, DHCPP-PRB	insdc_ingest_user	Automated Ingest from INSDC/NCBI Virus by Loculus	USA	PA	2022-05	2025-02-03	Monkeypox virus					PRJNA849962	SAMN30056190	METAGENOMIC	WGS	RANDOM	ILLUMINA	Illumina MiSeq	44295	26578999	2022-07-31	SRR20715522
SRR20715517	PP_000TREU	PP_000TREU.2	Gigante, C.; Pavlick, J.; Seabolt, M.; Zhao, H.; Wilkins, K.; McCollum, A.; Hutson, C.; Davidson, W.; Rao, A.; Parrott, T.; Li, Y.	CDC, DHCPP-PRB	insdc_ingest_user	Automated Ingest from INSDC/NCBI Virus by Loculus	USA	WA	2022-05	2025-02-03	Monkeypox virus					PRJNA849962	SAMN30056191	METAGENOMIC	WGS	RANDOM	ILLUMINA	Illumina MiSeq	133833	80378054	2022-07-31	SRR20715517
SRR20913445	PP_000TRHM	PP_000TRHM.2	Sereewit, J.; Xie, H.; Roychoudhury, P.; Greninger, A. L.	UW Virology, Laboratory Medicine	insdc_ingest_user	Automated Ingest from INSDC/NCBI Virus by Loculus	USA	WA	2022-07	2025-02-03	Monkeypox virus					PRJNA862948	SAMN30174633	GENOMIC	Targeted-Capture	RANDOM PCR	ILLUMINA	NextSeq 2000	3419951	1032825202	2022-08-11	SRR20913445
SRR20913444	PP_000TRJK	PP_000TRJK.2	Sereewit, J.; Xie, H.; Roychoudhury, P.; Greninger, A. L.	UW Virology, Laboratory Medicine	insdc_ingest_user	Automated Ingest from INSDC/NCBI Virus by Loculus	USA	OH	2022-07	2025-02-03	Monkeypox virus					PRJNA862948	SAMN30174634	GENOMIC	Targeted-Capture	RANDOM PCR	ILLUMINA	NextSeq 2000	1274424	384876048	2022-08-11	SRR20913444
SRR20913440	PP_000TRKH	PP_000TRKH.2	Sereewit, J.; Xie, H.; Roychoudhury, P.; Greninger, A. L.	UW Virology, Laboratory Medicine	insdc_ingest_user	Automated Ingest from INSDC/NCBI Virus by Loculus	USA	OH	2022-07	2025-02-03	Monkeypox virus					PRJNA862948	SAMN30174635	GENOMIC	Targeted-Capture	RANDOM PCR	ILLUMINA	NextSeq 2000	1277374	385766948	2022-08-14	SRR20913440
SRR20913439	PP_000TRLF	PP_000TRLF.2	Sereewit, J.; Xie, H.; Roychoudhury, P.; Greninger, A. L.	UW Virology, Laboratory Medicine	insdc_ingest_user	Automated Ingest from INSDC/NCBI Virus by Loculus	USA	OH	2022-07	2025-02-03	Monkeypox virus					PRJNA862948	SAMN30174636	GENOMIC	Targeted-Capture	RANDOM PCR	ILLUMINA	NextSeq 2000	16813535	5077687570	2022-08-11	SRR20913439
SRR20913438	PP_000TRMD	PP_000TRMD.2	Sereewit, J.; Xie, H.; Roychoudhury, P.; Greninger, A. L.	UW Virology, Laboratory Medicine	insdc_ingest_user	Automated Ingest from INSDC/NCBI Virus by Loculus	USA	WA	2022-07	2025-02-03	Monkeypox virus					PRJNA862948	SAMN30174637	GENOMIC	Targeted-Capture	RANDOM PCR	ILLUMINA	NextSeq 2000	3364035	1015938570	2022-08-11	SRR20913438
SRR20913437	PP_000TRNB	PP_000TRNB.2	Sereewit, J.; Xie, H.; Roychoudhury, P.; Greninger, A. L.	UW Virology, Laboratory Medicine	insdc_ingest_user	Automated Ingest from INSDC/NCBI Virus by Loculus	USA	WA	2022-07	2025-02-03	Monkeypox virus					PRJNA862948	SAMN30174638	GENOMIC	Targeted-Capture	RANDOM PCR	ILLUMINA	NextSeq 2000	10713873	3235589646	2022-08-11	SRR20913437
SRR20913435	PP_000TRP9	PP_000TRP9.2	Sereewit, J.; Xie, H.; Roychoudhury, P.; Greninger, A. L.	UW Virology, Laboratory Medicine	insdc_ingest_user	Automated Ingest from INSDC/NCBI Virus by Loculus	USA	OH	2022-07	2025-02-03	Monkeypox virus					PRJNA862948	SAMN30174640	GENOMIC	Targeted-Capture	RANDOM PCR	ILLUMINA	NextSeq 2000	11079031	3345867362	2022-08-11	SRR20913435
SRR20913434	PP_000TRQ7	PP_000TRQ7.2	Sereewit, J.; Xie, H.; Roychoudhury, P.; Greninger, A. L.	UW Virology, Laboratory Medicine	insdc_ingest_user	Automated Ingest from INSDC/NCBI Virus by Loculus	USA	OH	2022-07	2025-02-03	Monkeypox virus					PRJNA862948	SAMN30174641	GENOMIC	Targeted-Capture	RANDOM PCR	ILLUMINA	NextSeq 2000	21898198	6613255796	2022-08-11	SRR20913434
SRR20913433	PP_000TRR5	PP_000TRR5.2	Sereewit, J.; Xie, H.; Roychoudhury, P.; Greninger, A. L.	UW Virology, Laboratory Medicine	insdc_ingest_user	Automated Ingest from INSDC/NCBI Virus by Loculus	USA	WA	2022-07	2025-02-03	Monkeypox virus					PRJNA862948	SAMN30174642	GENOMIC	Targeted-Capture	RANDOM PCR	ILLUMINA	NextSeq 2000	5268555	1591103610	2022-08-11	SRR20913433
SRR20913443	PP_000TRS3	PP_000TRS3.2	Sereewit, J.; Xie, H.; Roychoudhury, P.; Greninger, A. L.	UW Virology, Laboratory Medicine	insdc_ingest_user	Automated Ingest from INSDC/NCBI Virus by Loculus	USA	WA	2022-07	2025-02-03	Monkeypox virus					PRJNA862948	SAMN30174643	GENOMIC	Targeted-Capture	RANDOM PCR	ILLUMINA	NextSeq 2000	2423799	731987298	2022-08-11	SRR20913443
SRR20913442	PP_000TRT1	PP_000TRT1.2	Sereewit, J.; Xie, H.; Roychoudhury, P.; Greninger, A. L.	UW Virology, Laboratory Medicine	insdc_ingest_user	Automated Ingest from INSDC/NCBI Virus by Loculus	USA	WA	2022-07	2025-02-03	Monkeypox virus					PRJNA862948	SAMN30174644	GENOMIC	Targeted-Capture	RANDOM PCR	ILLUMINA	NextSeq 2000	6144755	1855716010	2022-08-11	SRR20913442
SRR20973040	PP_000TS1K	PP_000TS1K.2	Sereewit, J.; Xie, H.; Roychoudhury, P.; Greninger, A. L.	UW Virology, Laboratory Medicine	insdc_ingest_user	Automated Ingest from INSDC/NCBI Virus by Loculus	USA	WA	2022-07	2025-02-03	Monkeypox virus					PRJNA862948	SAMN30201838	GENOMIC	Targeted-Capture	RANDOM PCR	ILLUMINA	Illumina NovaSeq 6000	20091512	5947474732	2022-08-11	SRR20973040
SRR20973039	PP_000TS2H	PP_000TS2H.2	Sereewit, J.; Xie, H.; Roychoudhury, P.; Greninger, A. L.	UW Virology, Laboratory Medicine	insdc_ingest_user	Automated Ingest from INSDC/NCBI Virus by Loculus	USA	WA	2022-07	2025-02-03	Monkeypox virus					PRJNA862948	SAMN30201839	GENOMIC	Targeted-Capture	RANDOM PCR	ILLUMINA	Illumina NovaSeq 6000	19182402	5689978634	2022-08-11	SRR20973039
SRR20973038	PP_000TS3F	PP_000TS3F.2	Sereewit, J.; Xie, H.; Roychoudhury, P.; Greninger, A. L.	UW Virology, Laboratory Medicine	insdc_ingest_user	Automated Ingest from INSDC/NCBI Virus by Loculus	USA	WA	2022-07	2025-02-03	Monkeypox virus					PRJNA862948	SAMN30201840	GENOMIC	Targeted-Capture	RANDOM PCR	ILLUMINA	Illumina NovaSeq 6000	3869407	1137603310	2022-08-11	SRR20973038
SRR20973037	PP_000TS4D	PP_000TS4D.2	Sereewit, J.; Xie, H.; Roychoudhury, P.; Greninger, A. L.	UW Virology, Laboratory Medicine	insdc_ingest_user	Automated Ingest from INSDC/NCBI Virus by Loculus	USA	WA	2022-07	2025-02-03	Monkeypox virus					PRJNA862948	SAMN30201841	GENOMIC	Targeted-Capture	RANDOM PCR	ILLUMINA	Illumina NovaSeq 6000	18618283	4670657227	2022-08-11	SRR20973037
SRR20973036	PP_000TS5B	PP_000TS5B.2	Sereewit, J.; Xie, H.; Roychoudhury, P.; Greninger, A. L.	UW Virology, Laboratory Medicine	insdc_ingest_user	Automated Ingest from INSDC/NCBI Virus by Loculus	USA	WA	2022-07	2025-02-03	Monkeypox virus					PRJNA862948	SAMN30201842	GENOMIC	Targeted-Capture	RANDOM PCR	ILLUMINA	Illumina NovaSeq 6000	31668833	7850695473	2022-08-11	SRR20973036
SRR20973035	PP_000TS69	PP_000TS69.2	Sereewit, J.; Xie, H.; Roychoudhury, P.; Greninger, A. L.	UW Virology, Laboratory Medicine	insdc_ingest_user	Automated Ingest from INSDC/NCBI Virus by Loculus	USA	WA	2022-07	2025-02-03	Monkeypox virus					PRJNA862948	SAMN30201843	GENOMIC	Targeted-Capture	RANDOM PCR	ILLUMINA	Illumina NovaSeq 6000	3674256	1012699528	2022-08-11	SRR20973035
SRR21714304	PP_000TS77	PP_000TS77.2	Gigante, C. M.; Kubin, G.; Seabolt, M. H.; Zhao, H.; Wilkins, K.; McCollum, A.; Hutson, C.; Davidson, W.; Rao, A.; White, S. L.; Li, Y.	CDC, DHCPP-PRB	insdc_ingest_user	Automated Ingest from INSDC/NCBI Virus by Loculus	USA	TX	2022-06	2025-02-03	Monkeypox virus					PRJNA849962	SAMN30221460	METAGENOMIC	WGS	RANDOM	ILLUMINA	Illumina MiSeq	33724	20217744	2022-09-27	SRR21714304
SRR21714306	PP_000TS85	PP_000TS85.2	Gigante, C. M.; Hughes, S.; Seabolt, M. H.; Zhao, H.; Wilkins, K.; McCollum, A.; Hutson, C.; Davidson, W.; Rao, A.; Baumgartner, J.; Li, Y.	CDC, DHCPP-PRB	insdc_ingest_user	Automated Ingest from INSDC/NCBI Virus by Loculus	USA	NY	2022-06	2025-02-03	Monkeypox virus					PRJNA849962	SAMN30221459	METAGENOMIC	WGS	RANDOM	ILLUMINA	Illumina MiSeq	29363	17554118	2022-09-27	SRR21714306
SRR21714206	PP_000TS93	PP_000TS93.2	Gigante, C. M.; Hughes, S.; Seabolt, M. H.; Zhao, H.; Wilkins, K.; McCollum, A.; Hutson, C.; Davidson, W.; Rao, A.; Baumgartner, J.; Li, Y.	CDC, DHCPP-PRB	insdc_ingest_user	Automated Ingest from INSDC/NCBI Virus by Loculus	USA	NY	2022-06	2025-02-03	Monkeypox virus					PRJNA849962	SAMN30221458	METAGENOMIC	WGS	RANDOM	ILLUMINA	Illumina MiSeq	49631	29785807	2022-09-27	SRR21714206
SRR21714207	PP_000TSA1	PP_000TSA1.2	Gigante, C. M.; Ghinai, I.; Seabolt, M. H.; Zhao, H.; Wilkins, K.; McCollum, A.; Hutson, C.; Davidson, W.; Rao, A.; Kerins, J.; Li, Y.	CDC, DHCPP-PRB	insdc_ingest_user	Automated Ingest from INSDC/NCBI Virus by Loculus	USA	IL	2022-06	2025-02-03	Monkeypox virus					PRJNA849962	SAMN30221457	METAGENOMIC	WGS	RANDOM	ILLUMINA	Illumina MiSeq	104231	26790410	2022-09-27	SRR21714207
SRR21714307	PP_000TSBZ	PP_000TSBZ.2	Gigante, C. M.; Lee, P.; Seabolt, M. H.; Zhao, H.; Wilkins, K.; McCollum, A.; Hutson, C.; Davidson, W.; Rao, A.; Mendoza, R.; Li, Y.	CDC, DHCPP-PRB	insdc_ingest_user	Automated Ingest from INSDC/NCBI Virus by Loculus	USA	FL	2022-06	2025-02-03	Monkeypox virus					PRJNA849962	SAMN30221422	METAGENOMIC	WGS	RANDOM	ILLUMINA	Illumina MiSeq	117143	70041100	2022-09-27	SRR21714307
SRR21714305	PP_000TSCX	PP_000TSCX.2	Gigante, C. M.; Steidley, B.; Seabolt, M. H.; Zhao, H.; Wilkins, K.; McCollum, A.; Hutson, C.; Davidson, W.; Rao, A.; Davizon, E. S.; Li, Y.	CDC, DHCPP-PRB	insdc_ingest_user	Automated Ingest from INSDC/NCBI Virus by Loculus	USA	CO	2022-06	2025-02-03	Monkeypox virus					PRJNA849962	SAMN30221421	METAGENOMIC	WGS	RANDOM	ILLUMINA	Illumina MiSeq	389995	233268138	2022-09-27	SRR21714305
SRR21714303	PP_000TSDV	PP_000TSDV.2	Gigante, C. M.; Steidley, B.; Seabolt, M. H.; Zhao, H.; Wilkins, K.; McCollum, A.; Hutson, C.; Davidson, W.; Rao, A.; Davizon, E. S.; Li, Y.	CDC, DHCPP-PRB	insdc_ingest_user	Automated Ingest from INSDC/NCBI Virus by Loculus	USA	CO	2022-05	2025-02-03	Monkeypox virus					PRJNA849962	SAMN30221313	METAGENOMIC	WGS	RANDOM	ILLUMINA	Illumina MiSeq	153937	92293298	2022-09-27	SRR21714303
SRR21714301	PP_000TSET	PP_000TSET.2	Gigante, C. M.; Ventura, J.; Seabolt, M. H.; Zhao, H.; Wilkins, K.; McCollum, A.; Hutson, C.; Davidson, W.; Rao, A.; Nash, J.; Li, Y.	CDC, DHCPP-PRB	insdc_ingest_user	Automated Ingest from INSDC/NCBI Virus by Loculus	USA	CA	2022-06	2025-02-03	Monkeypox virus					PRJNA849962	SAMN30220748	METAGENOMIC	WGS	RANDOM	ILLUMINA	Illumina MiSeq	16435	9860927	2022-09-27	SRR21714301
SRR21714300	PP_000TSFR	PP_000TSFR.2	Gigante, C. M.; Francis, D.; Seabolt, M. H.; Zhao, H.; Wilkins, K.; McCollum, A.; Hutson, C.; Davidson, W.; Rao, A.; Escobar, J.; Li, Y.	CDC, DHCPP-PRB	insdc_ingest_user	Automated Ingest from INSDC/NCBI Virus by Loculus	USA	AZ	2022-06	2025-02-03	Monkeypox virus					PRJNA849962	SAMN30220561	METAGENOMIC	WGS	RANDOM	ILLUMINA	Illumina MiSeq	27758	16655043	2022-09-27	SRR21714300
SRR21403191	PP_000TVAY	PP_000TVAY.2	Ceniseros, A.	Idaho Bureau of Laboratories, Molecular Epidemiology	insdc_ingest_user	Automated Ingest from INSDC/NCBI Virus by Loculus	USA		2022-07-28	2025-02-03	Monkeypox virus					PRJNA875899	SAMN30634131									SRR21403191
SRR21403190	PP_000TVJF	PP_000TVJF.2	Ceniseros, A.	Idaho Bureau of Laboratories, Molecular Epidemiology	insdc_ingest_user	Automated Ingest from INSDC/NCBI Virus by Loculus	USA		2022-07-29	2025-02-03	Monkeypox virus					PRJNA875899	SAMN30634132									SRR21403190
SRR21236102	PP_000TWYL	PP_000TWYL.2	Sereewit, J.; Xie, H.; Roychoudhury, P.; Greninger, A. L.	UW Virology, Laboratory Medicine	insdc_ingest_user	Automated Ingest from INSDC/NCBI Virus by Loculus	USA	WA	2022-08	2025-02-03	Monkeypox virus					PRJNA862948	SAMN30526439	GENOMIC	Targeted-Capture	RANDOM PCR	ILLUMINA	NextSeq 2000	1433984	433063168	2022-08-28	SRR21236102
SRR21676870	PP_000TXCS	PP_000TXCS.2	Gigante, C. M.; Hughes, S.; Seabolt, M. H.; Zhao, H.; Wilkins, K.; McCollum, A.; Hutson, C.; Davidson, W.; Rao, A.; Baumgartner, J.; Li, Y.	CDC, DHCPP-PRB	insdc_ingest_user	Automated Ingest from INSDC/NCBI Virus by Loculus	USA	NY	2022-06	2025-02-03	Monkeypox virus					PRJNA849962	SAMN30323034	METAGENOMIC	WGS	RANDOM	ILLUMINA	Illumina NovaSeq 6000	493476	131366661	2022-09-24	SRR21676870
SRR21676875	PP_000TXDQ	PP_000TXDQ.2	Gigante, C. M.; Griffin-Thomas, L.; Seabolt, M. H.; Zhao, H.; Wilkins, K.; McCollum, A.; Hutson, C.; Davidson, W.; Rao, A.; Crain, J.; Li, Y.	CDC, DHCPP-PRB	insdc_ingest_user	Automated Ingest from INSDC/NCBI Virus by Loculus	USA	VA	2022-06	2025-02-03	Monkeypox virus					PRJNA849962	SAMN30323035	METAGENOMIC	WGS	RANDOM	ILLUMINA	Illumina NovaSeq 6000	45809	11836626	2022-09-24	SRR21676875
SRR21236101	PP_000TXEN	PP_000TXEN.2	Sereewit, J.; Xie, H.; Roychoudhury, P.; Greninger, A. L.	UW Virology, Laboratory Medicine	insdc_ingest_user	Automated Ingest from INSDC/NCBI Virus by Loculus	USA	WA	2022-08	2025-02-03	Monkeypox virus					PRJNA862948	SAMN30526440	GENOMIC	Targeted-Capture	RANDOM PCR	ILLUMINA	NextSeq 2000	2107092	636341784	2022-08-28	SRR21236101
SRR21676874	PP_000TXFL	PP_000TXFL.2	Gigante, C. M.; Ghinai, I.; Seabolt, M. H.; Zhao, H.; Wilkins, K.; McCollum, A.; Hutson, C.; Davidson, W.; Rao, A.; Kerins, J.; Li, Y.	CDC, DHCPP-PRB	insdc_ingest_user	Automated Ingest from INSDC/NCBI Virus by Loculus	USA	IL	2022-06	2025-02-03	Monkeypox virus					PRJNA849962	SAMN30323030	METAGENOMIC	WGS	RANDOM	ILLUMINA	Illumina NovaSeq 6000	126054	30771099	2022-09-24	SRR21676874
SRR21674164	PP_000TXGJ	PP_000TXGJ.2	Gigante, C. M.; Steidley, B.; Seabolt, M. H.; Zhao, H.; Wilkins, K.; McCollum, A.; Hutson, C.; Davidson, W.; Rao, A.; Davizon, E.; Li, Y.	CDC, DHCPP-PRB	insdc_ingest_user	Automated Ingest from INSDC/NCBI Virus by Loculus	USA	CO	2022-06	2025-02-03	Monkeypox virus					PRJNA849962	SAMN30323026	METAGENOMIC	WGS	RANDOM	ILLUMINA	Illumina NovaSeq 6000	127936	27753076	2022-09-24	SRR21674164
SRR21676877	PP_000TXHF	PP_000TXHF.2	Gigante, C. M.; Ghinai, I.; Seabolt, M. H.; Zhao, H.; Wilkins, K.; McCollum, A.; Hutson, C.; Davidson, W.; Rao, A.; Kerins, J.; Li, Y.	CDC, DHCPP-PRB	insdc_ingest_user	Automated Ingest from INSDC/NCBI Virus by Loculus	USA	IL	2022-06	2025-02-03	Monkeypox virus					PRJNA849962	SAMN30323032	METAGENOMIC	WGS	RANDOM	ILLUMINA	Illumina NovaSeq 6000	4799811	1204674088	2022-09-24	SRR21676877
SRR21676873	PP_000TXJD	PP_000TXJD.2	Gigante, C. M.; Lee, P.; Seabolt, M. H.; Zhao, H.; Wilkins, K.; McCollum, A.; Hutson, C.; Davidson, W.; Rao, A.; Mendoza, R.; Li, Y.	CDC, DHCPP-PRB	insdc_ingest_user	Automated Ingest from INSDC/NCBI Virus by Loculus	USA	FL	2022-06	2025-02-03	Monkeypox virus					PRJNA849962	SAMN30323029	METAGENOMIC	WGS	RANDOM	ILLUMINA	Illumina NovaSeq 6000	328436	77089402	2022-09-24	SRR21676873
SRR21676876	PP_000TXKB	PP_000TXKB.2	Gigante, C. M.; Ghinai, I.; Seabolt, M. H.; Zhao, H.; Wilkins, K.; McCollum, A.; Hutson, C.; Davidson, W.; Rao, A.; Kerins, J.; Li, Y.	CDC, DHCPP-PRB	insdc_ingest_user	Automated Ingest from INSDC/NCBI Virus by Loculus	USA	IL	2022-06	2025-02-03	Monkeypox virus					PRJNA849962	SAMN30323031	METAGENOMIC	WGS	RANDOM	ILLUMINA	Illumina NovaSeq 6000	1921628	512890057	2022-09-24	SRR21676876
SRR21676872	PP_000TXL9	PP_000TXL9.2	Gigante, C. M.; Lee, P.; Seabolt, M. H.; Zhao, H.; Wilkins, K.; McCollum, A.; Hutson, C.; Davidson, W.; Rao, A.; Mendoza, R.; Li, Y.	CDC, DHCPP-PRB	insdc_ingest_user	Automated Ingest from INSDC/NCBI Virus by Loculus	USA	FL	2022-06	2025-02-03	Monkeypox virus					PRJNA849962	SAMN30323028	METAGENOMIC	WGS	RANDOM	ILLUMINA	Illumina NovaSeq 6000	854969	185175968	2022-09-24	SRR21676872
SRR21673297	PP_000TXM7	PP_000TXM7.2	Gigante, C. M.; Hauser, J. R.; Seabolt, M. H.; Zhao, H.; Wilkins, K.; McCollum, A.; Hutson, C.; Davidson, W.; Rao, A.; Mangla, A.; Li, Y.	CDC, DHCPP-PRB	insdc_ingest_user	Automated Ingest from INSDC/NCBI Virus by Loculus	USA	DC	2022-06	2025-02-03	Monkeypox virus					PRJNA849962	SAMN30323027	METAGENOMIC	WGS	RANDOM	ILLUMINA	Illumina NovaSeq 6000	1966589	521982010	2022-09-24	SRR21673297
SRR21236100	PP_000TXN5	PP_000TXN5.2	Sereewit, J.; Xie, H.; Roychoudhury, P.; Greninger, A. L.	UW Virology, Laboratory Medicine	insdc_ingest_user	Automated Ingest from INSDC/NCBI Virus by Loculus	USA	WA	2022-08	2025-02-03	Monkeypox virus					PRJNA862948	SAMN30526441	GENOMIC	Targeted-Capture	RANDOM PCR	ILLUMINA	NextSeq 2000	3777273	1140736446	2022-08-28	SRR21236100
SRR21676871	PP_000TXP3	PP_000TXP3.2	Gigante, C. M.; Ghinai, I.; Seabolt, M. H.; Zhao, H.; Wilkins, K.; McCollum, A.; Hutson, C.; Davidson, W.; Rao, A.; Kerins, J.; Li, Y.	CDC, DHCPP-PRB	insdc_ingest_user	Automated Ingest from INSDC/NCBI Virus by Loculus	USA	IL	2022-06	2025-02-03	Monkeypox virus					PRJNA849962	SAMN30323033	METAGENOMIC	WGS	RANDOM	ILLUMINA	Illumina NovaSeq 6000	102193	26827641	2022-09-24	SRR21676871
SRR21236108	PP_000TZEL	PP_000TZEL.2	Sereewit, J.; Xie, H.; Roychoudhury, P.; Greninger, A. L.	UW Virology, Laboratory Medicine	insdc_ingest_user	Automated Ingest from INSDC/NCBI Virus by Loculus	USA	WA	2022-08	2025-02-03	Monkeypox virus					PRJNA862948	SAMN30526433	GENOMIC	Targeted-Capture	RANDOM PCR	ILLUMINA	NextSeq 2000	889150	268523300	2022-08-28	SRR21236108
SRR21236106	PP_000TZFJ	PP_000TZFJ.2	Sereewit, J.; Xie, H.; Roychoudhury, P.; Greninger, A. L.	UW Virology, Laboratory Medicine	insdc_ingest_user	Automated Ingest from INSDC/NCBI Virus by Loculus	USA	WA	2022-08	2025-02-03	Monkeypox virus					PRJNA862948	SAMN30526435	GENOMIC	Targeted-Capture	RANDOM PCR	ILLUMINA	NextSeq 2000	1857755	561042010	2022-08-28	SRR21236106
SRR21236104	PP_000TZGG	PP_000TZGG.2	Sereewit, J.; Xie, H.; Roychoudhury, P.; Greninger, A. L.	UW Virology, Laboratory Medicine	insdc_ingest_user	Automated Ingest from INSDC/NCBI Virus by Loculus	USA	WA	2022-08	2025-02-03	Monkeypox virus					PRJNA862948	SAMN30526437	GENOMIC	Targeted-Capture	RANDOM PCR	ILLUMINA	NextSeq 2000	528605	159638710	2022-08-28	SRR21236104
SRR21236103	PP_000TZHD	PP_000TZHD.2	Sereewit, J.; Xie, H.; Roychoudhury, P.; Greninger, A. L.	UW Virology, Laboratory Medicine	insdc_ingest_user	Automated Ingest from INSDC/NCBI Virus by Loculus	USA	WA	2022-08	2025-02-03	Monkeypox virus					PRJNA862948	SAMN30526438	GENOMIC	Targeted-Capture	RANDOM PCR	ILLUMINA	NextSeq 2000	3214484	970774168	2022-08-28	SRR21236103
SRR21236099	PP_000TZJB	PP_000TZJB.2	Sereewit, J.; Xie, H.; Roychoudhury, P.; Greninger, A. L.	UW Virology, Laboratory Medicine	insdc_ingest_user	Automated Ingest from INSDC/NCBI Virus by Loculus	USA	WA	2022-08	2025-02-03	Monkeypox virus					PRJNA862948	SAMN30526442	GENOMIC	Targeted-Capture	RANDOM PCR	ILLUMINA	NextSeq 2000	1153367	348316834	2022-08-28	SRR21236099
SRR21236096	PP_000TZK9	PP_000TZK9.2	Sereewit, J.; Xie, H.; Roychoudhury, P.; Greninger, A. L.	UW Virology, Laboratory Medicine	insdc_ingest_user	Automated Ingest from INSDC/NCBI Virus by Loculus	USA	WA	2022-08	2025-02-03	Monkeypox virus					PRJNA862948	SAMN30526444	GENOMIC	Targeted-Capture	RANDOM PCR	ILLUMINA	NextSeq 2000	1426026	430659852	2022-08-28	SRR21236096
SRR21236095	PP_000TZL7	PP_000TZL7.2	Sereewit, J.; Xie, H.; Roychoudhury, P.; Greninger, A. L.	UW Virology, Laboratory Medicine	insdc_ingest_user	Automated Ingest from INSDC/NCBI Virus by Loculus	USA	WA	2022-08	2025-02-03	Monkeypox virus					PRJNA862948	SAMN30526445	GENOMIC	Targeted-Capture	RANDOM PCR	ILLUMINA	NextSeq 2000	2516047	759846194	2022-08-28	SRR21236095
SRR21236094	PP_000TZM5	PP_000TZM5.2	Sereewit, J.; Xie, H.; Roychoudhury, P.; Greninger, A. L.	UW Virology, Laboratory Medicine	insdc_ingest_user	Automated Ingest from INSDC/NCBI Virus by Loculus	USA	WA	2022-08	2025-02-03	Monkeypox virus					PRJNA862948	SAMN30526446	GENOMIC	Targeted-Capture	RANDOM PCR	ILLUMINA	NextSeq 2000	2733038	825377476	2022-08-28	SRR21236094
SRR21236092	PP_000TZN3	PP_000TZN3.2	Sereewit, J.; Xie, H.; Roychoudhury, P.; Greninger, A. L.	UW Virology, Laboratory Medicine	insdc_ingest_user	Automated Ingest from INSDC/NCBI Virus by Loculus	USA	OH	2022-08	2025-02-03	Monkeypox virus					PRJNA862948	SAMN30526448	GENOMIC	Targeted-Capture	RANDOM PCR	ILLUMINA	NextSeq 2000	1350127	407738354	2022-08-28	SRR21236092
SRR21236091	PP_000TZP1	PP_000TZP1.2	Sereewit, J.; Xie, H.; Roychoudhury, P.; Greninger, A. L.	UW Virology, Laboratory Medicine	insdc_ingest_user	Automated Ingest from INSDC/NCBI Virus by Loculus	USA	OH	2022-08	2025-02-03	Monkeypox virus					PRJNA862948	SAMN30526449	GENOMIC	Targeted-Capture	RANDOM PCR	ILLUMINA	NextSeq 2000	1409905	425791310	2022-08-28	SRR21236091
SRR21236089	PP_000TZQZ	PP_000TZQZ.2	Sereewit, J.; Xie, H.; Roychoudhury, P.; Greninger, A. L.	UW Virology, Laboratory Medicine	insdc_ingest_user	Automated Ingest from INSDC/NCBI Virus by Loculus	USA	OH	2022-08	2025-02-03	Monkeypox virus					PRJNA862948	SAMN30526451	GENOMIC	Targeted-Capture	RANDOM PCR	ILLUMINA	NextSeq 2000	884333	267068566	2022-08-28	SRR21236089
SRR21236088	PP_000TZRX	PP_000TZRX.2	Sereewit, J.; Xie, H.; Roychoudhury, P.; Greninger, A. L.	UW Virology, Laboratory Medicine	insdc_ingest_user	Automated Ingest from INSDC/NCBI Virus by Loculus	USA	WA	2022-08	2025-02-03	Monkeypox virus					PRJNA862948	SAMN30526452	GENOMIC	Targeted-Capture	RANDOM PCR	ILLUMINA	NextSeq 2000	1832569	553435838	2022-08-28	SRR21236088
SRR21236086	PP_000TZSV	PP_000TZSV.2	Sereewit, J.; Xie, H.; Roychoudhury, P.; Greninger, A. L.	UW Virology, Laboratory Medicine	insdc_ingest_user	Automated Ingest from INSDC/NCBI Virus by Loculus	USA	WA	2022-08	2025-02-03	Monkeypox virus					PRJNA862948	SAMN30526453	GENOMIC	Targeted-Capture	RANDOM PCR	ILLUMINA	NextSeq 2000	3480409	1051083518	2022-08-28	SRR21236086
SRR21236085	PP_000TZTT	PP_000TZTT.2	Sereewit, J.; Xie, H.; Roychoudhury, P.; Greninger, A. L.	UW Virology, Laboratory Medicine	insdc_ingest_user	Automated Ingest from INSDC/NCBI Virus by Loculus	USA	WA	2022-08	2025-02-03	Monkeypox virus					PRJNA862948	SAMN30526454	GENOMIC	Targeted-Capture	RANDOM PCR	ILLUMINA	NextSeq 2000	1700809	513644318	2022-08-28	SRR21236085
SRR21236084	PP_000TZUR	PP_000TZUR.2	Sereewit, J.; Xie, H.; Roychoudhury, P.; Greninger, A. L.	UW Virology, Laboratory Medicine	insdc_ingest_user	Automated Ingest from INSDC/NCBI Virus by Loculus	USA	WA	2022-08	2025-02-03	Monkeypox virus					PRJNA862948	SAMN30526455	GENOMIC	Targeted-Capture	RANDOM PCR	ILLUMINA	NextSeq 2000	1616976	488326752	2022-08-28	SRR21236084
SRR21236083	PP_000TZVP	PP_000TZVP.2	Sereewit, J.; Xie, H.; Roychoudhury, P.; Greninger, A. L.	UW Virology, Laboratory Medicine	insdc_ingest_user	Automated Ingest from INSDC/NCBI Virus by Loculus	USA	WA	2022-08	2025-02-03	Monkeypox virus					PRJNA862948	SAMN30526456	GENOMIC	Targeted-Capture	RANDOM PCR	ILLUMINA	NextSeq 2000	1330853	401917606	2022-08-28	SRR21236083
SRR21236082	PP_000TZWM	PP_000TZWM.2	Sereewit, J.; Xie, H.; Roychoudhury, P.; Greninger, A. L.	UW Virology, Laboratory Medicine	insdc_ingest_user	Automated Ingest from INSDC/NCBI Virus by Loculus	USA	WA	2022-08	2025-02-03	Monkeypox virus					PRJNA862948	SAMN30526457	GENOMIC	Targeted-Capture	RANDOM PCR	ILLUMINA	NextSeq 2000	5434379	1641182458	2022-08-28	SRR21236082
SRR21236081	PP_000TZXK	PP_000TZXK.2	Sereewit, J.; Xie, H.; Roychoudhury, P.; Greninger, A. L.	UW Virology, Laboratory Medicine	insdc_ingest_user	Automated Ingest from INSDC/NCBI Virus by Loculus	USA	WA	2022-08	2025-02-03	Monkeypox virus					PRJNA862948	SAMN30526458	GENOMIC	Targeted-Capture	RANDOM PCR	ILLUMINA	NextSeq 2000	1088313	328670526	2022-08-28	SRR21236081
SRR21236080	PP_000TZYH	PP_000TZYH.2	Sereewit, J.; Xie, H.; Roychoudhury, P.; Greninger, A. L.	UW Virology, Laboratory Medicine	insdc_ingest_user	Automated Ingest from INSDC/NCBI Virus by Loculus	USA	WA	2022-08	2025-02-03	Monkeypox virus					PRJNA862948	SAMN30526459	GENOMIC	Targeted-Capture	RANDOM PCR	ILLUMINA	NextSeq 2000	888622	268363844	2022-08-28	SRR21236080
SRR21236078	PP_000TZZF	PP_000TZZF.2	Sereewit, J.; Xie, H.; Roychoudhury, P.; Greninger, A. L.	UW Virology, Laboratory Medicine	insdc_ingest_user	Automated Ingest from INSDC/NCBI Virus by Loculus	USA	WA	2022-08	2025-02-03	Monkeypox virus					PRJNA862948	SAMN30526461	GENOMIC	Targeted-Capture	RANDOM PCR	ILLUMINA	NextSeq 2000	1303962	393796524	2022-08-28	SRR21236078
SRR21236077	PP_000U00B	PP_000U00B.2	Sereewit, J.; Xie, H.; Roychoudhury, P.; Greninger, A. L.	UW Virology, Laboratory Medicine	insdc_ingest_user	Automated Ingest from INSDC/NCBI Virus by Loculus	USA	WA	2022-08	2025-02-03	Monkeypox virus					PRJNA862948	SAMN30526462	GENOMIC	Targeted-Capture	RANDOM PCR	ILLUMINA	NextSeq 2000	1004653	303405206	2022-08-28	SRR21236077
SRR21236142	PP_000U019	PP_000U019.2	Sereewit, J.; Xie, H.; Roychoudhury, P.; Greninger, A. L.	UW Virology, Laboratory Medicine	insdc_ingest_user	Automated Ingest from INSDC/NCBI Virus by Loculus	USA	WA	2022-08	2025-02-03	Monkeypox virus					PRJNA862948	SAMN30526394	GENOMIC	Targeted-Capture	RANDOM PCR	ILLUMINA	NextSeq 2000	1910155	576866810	2022-08-28	SRR21236142
SRR21676848	PP_000U1FE	PP_000U1FE.2	Gigante, C. M.; Lee, P.; Zhao, H.; Batra, D.; Hetrick, E. E.; Howard, D. T.; Kovar, L.; Seabolt, M. H.; Weigand, M. R.; Burroughs, M. S.; Lee, J.; Wilkins, K.; McCollum, A.; Hutson, C.; Davidson, W.; Rao, A.; Mendoza, R.; Li, Y.	CDC, DHCPP-PRB	insdc_ingest_user	Automated Ingest from INSDC/NCBI Virus by Loculus	USA	FL	2022-06	2025-02-03	Monkeypox virus					PRJNA849962	SAMN30467532	METAGENOMIC	WGS	RANDOM	ILLUMINA	Illumina NovaSeq 6000	367097	103670363	2022-09-24	SRR21676848
SRR21676845	PP_000U1GC	PP_000U1GC.2	Gigante, C. M.; Lee, P.; Zhao, H.; Batra, D.; Hetrick, E. E.; Howard, D. T.; Kovar, L.; Seabolt, M. H.; Weigand, M. R.; Burroughs, M. S.; Lee, J.; Wilkins, K.; McCollum, A.; Hutson, C.; Davidson, W.; Rao, A.; Mendoza, R.; Li, Y.	CDC, DHCPP-PRB	insdc_ingest_user	Automated Ingest from INSDC/NCBI Virus by Loculus	USA	FL	2022-06	2025-02-03	Monkeypox virus					PRJNA849962	SAMN30467533	METAGENOMIC	WGS	RANDOM	ILLUMINA	Illumina NovaSeq 6000	566279	162461488	2022-09-24	SRR21676845
SRR21676842	PP_000U1H9	PP_000U1H9.2	Gigante, C. M.; Lee, P.; Zhao, H.; Batra, D.; Hetrick, E. E.; Howard, D. T.; Kovar, L.; Seabolt, M. H.; Weigand, M. R.; Burroughs, M. S.; Lee, J.; Wilkins, K.; McCollum, A.; Hutson, C.; Davidson, W.; Rao, A.; Mendoza, R.; Li, Y.	CDC, DHCPP-PRB	insdc_ingest_user	Automated Ingest from INSDC/NCBI Virus by Loculus	USA	FL	2022-06	2025-02-03	Monkeypox virus					PRJNA849962	SAMN30467534	METAGENOMIC	WGS	RANDOM	ILLUMINA	Illumina NovaSeq 6000	251414	56011468	2022-09-24	SRR21676842
SRR21676840	PP_000U1J7	PP_000U1J7.2	Gigante, C. M.; Lee, P.; Zhao, H.; Batra, D.; Hetrick, E. E.; Howard, D. T.; Kovar, L.; Seabolt, M. H.; Weigand, M. R.; Burroughs, M. S.; Lee, J.; Wilkins, K.; McCollum, A.; Hutson, C.; Davidson, W.; Rao, A.; Mendoza, R.; Li, Y.	CDC, DHCPP-PRB	insdc_ingest_user	Automated Ingest from INSDC/NCBI Virus by Loculus	USA	FL	2022-06	2025-02-03	Monkeypox virus					PRJNA849962	SAMN30467535	METAGENOMIC	WGS	RANDOM	ILLUMINA	Illumina NovaSeq 6000	191060	49277432	2022-09-24	SRR21676840
SRR21676844	PP_000U1K5	PP_000U1K5.2	Gigante, C. M.; Ghinai, I.; Zhao, H.; Batra, D.; Hetrick, E. E.; Howard, D. T.; Kovar, L.; Seabolt, M. H.; Weigand, M. R.; Burroughs, M. S.; Lee, J.; Wilkins, K.; McCollum, A.; Hutson, C.; Davidson, W.; Rao, A.; Kerins, J.; Li, Y.	CDC, DHCPP-PRB	insdc_ingest_user	Automated Ingest from INSDC/NCBI Virus by Loculus	USA	IL	2022-06	2025-02-03	Monkeypox virus					PRJNA849962	SAMN30467536	METAGENOMIC	WGS	RANDOM	ILLUMINA	Illumina NovaSeq 6000	345691	85523554	2022-09-24	SRR21676844
SRR21676841	PP_000U1L3	PP_000U1L3.2	Gigante, C. M.; Ghinai, I.; Zhao, H.; Batra, D.; Hetrick, E. E.; Howard, D. T.; Kovar, L.; Seabolt, M. H.; Weigand, M. R.; Burroughs, M. S.; Lee, J.; Wilkins, K.; McCollum, A.; Hutson, C.; Davidson, W.; Rao, A.; Kerins, J.; Li, Y.	CDC, DHCPP-PRB	insdc_ingest_user	Automated Ingest from INSDC/NCBI Virus by Loculus	USA	IL	2022-06	2025-02-03	Monkeypox virus					PRJNA849962	SAMN30467537	METAGENOMIC	WGS	RANDOM	ILLUMINA	Illumina NovaSeq 6000	1326880	326269821	2022-09-24	SRR21676841
SRR21676847	PP_000U1M1	PP_000U1M1.2	Gigante, C. M.; Ghinai, I.; Zhao, H.; Batra, D.; Hetrick, E. E.; Howard, D. T.; Kovar, L.; Seabolt, M. H.; Weigand, M. R.; Burroughs, M. S.; Lee, J.; Wilkins, K.; McCollum, A.; Hutson, C.; Davidson, W.; Rao, A.; Kerins, J.; Li, Y.	CDC, DHCPP-PRB	insdc_ingest_user	Automated Ingest from INSDC/NCBI Virus by Loculus	USA	IL	2022-06	2025-02-03	Monkeypox virus					PRJNA849962	SAMN30467538	METAGENOMIC	WGS	RANDOM	ILLUMINA	Illumina NovaSeq 6000	193933	46689132	2022-09-24	SRR21676847
SRR21676846	PP_000U1NZ	PP_000U1NZ.2	Gigante, C. M.; Ghinai, I.; Zhao, H.; Batra, D.; Hetrick, E. E.; Howard, D. T.; Kovar, L.; Seabolt, M. H.; Weigand, M. R.; Burroughs, M. S.; Lee, J.; Wilkins, K.; McCollum, A.; Hutson, C.; Davidson, W.; Rao, A.; Kerins, J.; Li, Y.	CDC, DHCPP-PRB	insdc_ingest_user	Automated Ingest from INSDC/NCBI Virus by Loculus	USA	IL	2022-06	2025-02-03	Monkeypox virus					PRJNA849962	SAMN30467540	METAGENOMIC	WGS	RANDOM	ILLUMINA	Illumina NovaSeq 6000	60117	13953580	2022-09-24	SRR21676846
SRR21676843	PP_000U1PX	PP_000U1PX.2	Gigante, C. M.; Ghinai, I.; Zhao, H.; Batra, D.; Hetrick, E. E.; Howard, D. T.; Kovar, L.; Seabolt, M. H.; Weigand, M. R.; Burroughs, M. S.; Lee, J.; Wilkins, K.; McCollum, A.; Hutson, C.; Davidson, W.; Rao, A.; Kerins, J.; Li, Y.	CDC, DHCPP-PRB	insdc_ingest_user	Automated Ingest from INSDC/NCBI Virus by Loculus	USA	IL	2022-06	2025-02-03	Monkeypox virus					PRJNA849962	SAMN30467539	METAGENOMIC	WGS	RANDOM	ILLUMINA	Illumina NovaSeq 6000	198965	56403651	2022-09-24	SRR21676843
SRR21676850	PP_000U1QV	PP_000U1QV.2	Gigante, C. M.; Kubin, G.; Zhao, H.; Batra, D.; Hetrick, E. E.; Howard, D. T.; Kovar, L.; Seabolt, M. H.; Weigand, M. R.; Burroughs, M. S.; Lee, J.; Wilkins, K.; McCollum, A.; Hutson, C.; Davidson, W.; Rao, A.; White, S. L.; Li, Y.	CDC, DHCPP-PRB	insdc_ingest_user	Automated Ingest from INSDC/NCBI Virus by Loculus	USA	TX	2022-06	2025-02-03	Monkeypox virus					PRJNA849962	SAMN30467550	METAGENOMIC	WGS	RANDOM	ILLUMINA	Illumina NovaSeq 6000	76121	20369066	2022-09-24	SRR21676850
SRR21676849	PP_000U1RT	PP_000U1RT.2	Gigante, C. M.; Winter, K.; Zhao, H.; Batra, D.; Hetrick, E. E.; Howard, D. T.; Kovar, L.; Seabolt, M. H.; Weigand, M. R.; Burroughs, M. S.; Lee, J.; Wilkins, K.; McCollum, A.; Hutson, C.; Davidson, W.; Rao, A.; Arora, V.; Li, Y.	CDC, DHCPP-PRB	insdc_ingest_user	Automated Ingest from INSDC/NCBI Virus by Loculus	USA	KY	2022-06	2025-02-03	Monkeypox virus					PRJNA849962	SAMN30467542	METAGENOMIC	WGS	RANDOM	ILLUMINA	Illumina NovaSeq 6000	86117	24199583	2022-09-24	SRR21676849
SRR21676859	PP_000U1SR	PP_000U1SR.2	Gigante, C. M.; Hughes, S.; Zhao, H.; Batra, D.; Hetrick, E. E.; Howard, D. T.; Kovar, L.; Seabolt, M. H.; Weigand, M. R.; Burroughs, M. S.; Lee, J.; Wilkins, K.; McCollum, A.; Hutson, C.; Davidson, W.; Rao, A.; Baumgartner, J.; Li, Y.	CDC, DHCPP-PRB	insdc_ingest_user	Automated Ingest from INSDC/NCBI Virus by Loculus	USA	NY	2022-06	2025-02-03	Monkeypox virus					PRJNA849962	SAMN30467545	METAGENOMIC	WGS	RANDOM	ILLUMINA	Illumina NovaSeq 6000	680377	192029039	2022-09-24	SRR21676859
SRR21676856	PP_000U1TP	PP_000U1TP.2	Gigante, C. M.; Ghinai, I.; Zhao, H.; Batra, D.; Hetrick, E. E.; Howard, D. T.; Kovar, L.; Seabolt, M. H.; Weigand, M. R.; Burroughs, M. S.; Lee, J.; Wilkins, K.; McCollum, A.; Hutson, C.; Davidson, W.; Rao, A.; Kerins, J.; Li, Y.	CDC, DHCPP-PRB	insdc_ingest_user	Automated Ingest from INSDC/NCBI Virus by Loculus	USA	IL	2022-06	2025-02-03	Monkeypox virus					PRJNA849962	SAMN30467541	METAGENOMIC	WGS	RANDOM	ILLUMINA	Illumina NovaSeq 6000	96127	26247403	2022-09-24	SRR21676856
SRR21676854	PP_000U1UM	PP_000U1UM.2	Gigante, C. M.; Iwen, P. C.; Zhao, H.; Batra, D.; Hetrick, E. E.; Howard, D. T.; Kovar, L.; Seabolt, M. H.; Weigand, M. R.; Burroughs, M. S.; Lee, J.; Wilkins, K.; McCollum, A.; Hutson, C.; Davidson, W.; Rao, A.; Donahue, M.; Li, Y.	CDC, DHCPP-PRB	insdc_ingest_user	Automated Ingest from INSDC/NCBI Virus by Loculus	USA	NE	2022-06	2025-02-03	Monkeypox virus					PRJNA849962	SAMN30467543	METAGENOMIC	WGS	RANDOM	ILLUMINA	Illumina NovaSeq 6000	1482252	389968534	2022-09-24	SRR21676854
SRR21676852	PP_000U1VK	PP_000U1VK.2	Gigante, C. M.; Iwen, P. C.; Zhao, H.; Batra, D.; Hetrick, E. E.; Howard, D. T.; Kovar, L.; Seabolt, M. H.; Weigand, M. R.; Burroughs, M. S.; Lee, J.; Wilkins, K.; McCollum, A.; Hutson, C.; Davidson, W.; Rao, A.; Donahue, M.; Li, Y.	CDC, DHCPP-PRB	insdc_ingest_user	Automated Ingest from INSDC/NCBI Virus by Loculus	USA	NE	2022-07	2025-02-03	Monkeypox virus					PRJNA849962	SAMN30467544	METAGENOMIC	WGS	RANDOM	ILLUMINA	Illumina NovaSeq 6000	104878	26135166	2022-09-24	SRR21676852
SRR21676858	PP_000U1WH	PP_000U1WH.2	Gigante, C. M.; Hughes, S.; Zhao, H.; Batra, D.; Hetrick, E. E.; Howard, D. T.; Kovar, L.; Seabolt, M. H.; Weigand, M. R.; Burroughs, M. S.; Lee, J.; Wilkins, K.; McCollum, A.; Hutson, C.; Davidson, W.; Rao, A.; Baumgartner, J.; Li, Y.	CDC, DHCPP-PRB	insdc_ingest_user	Automated Ingest from INSDC/NCBI Virus by Loculus	USA	NY	2022-06	2025-02-03	Monkeypox virus					PRJNA849962	SAMN30467547	METAGENOMIC	WGS	RANDOM	ILLUMINA	Illumina NovaSeq 6000	195193	47811554	2022-09-24	SRR21676858
SRR21676860	PP_000U1XF	PP_000U1XF.2	Gigante, C. M.; Hughes, S.; Zhao, H.; Batra, D.; Hetrick, E. E.; Howard, D. T.; Kovar, L.; Seabolt, M. H.; Weigand, M. R.; Burroughs, M. S.; Lee, J.; Wilkins, K.; McCollum, A.; Hutson, C.; Davidson, W.; Rao, A.; Baumgartner, J.; Li, Y.	CDC, DHCPP-PRB	insdc_ingest_user	Automated Ingest from INSDC/NCBI Virus by Loculus	USA	NY	2022-06	2025-02-03	Monkeypox virus					PRJNA849962	SAMN30467548	METAGENOMIC	WGS	RANDOM	ILLUMINA	Illumina NovaSeq 6000	792893	198361224	2022-09-24	SRR21676860
SRR21676855	PP_000U1YD	PP_000U1YD.2	Gigante, C. M.; Lee, B.; Zhao, H.; Batra, D.; Hetrick, E. E.; Howard, D. T.; Kovar, L.; Seabolt, M. H.; Weigand, M. R.; Burroughs, M. S.; Lee, J.; Wilkins, K.; McCollum, A.; Hutson, C.; Davidson, W.; Rao, A.; Salehi, E.; Li, Y.	CDC, DHCPP-PRB	insdc_ingest_user	Automated Ingest from INSDC/NCBI Virus by Loculus	USA	OH	2022-06	2025-02-03	Monkeypox virus					PRJNA849962	SAMN30467549	METAGENOMIC	WGS	RANDOM	ILLUMINA	Illumina NovaSeq 6000	2184059	604564561	2022-09-24	SRR21676855
SRR21676853	PP_000U1ZB	PP_000U1ZB.2	Gigante, C. M.; Hughes, S.; Zhao, H.; Batra, D.; Hetrick, E. E.; Howard, D. T.; Kovar, L.; Seabolt, M. H.; Weigand, M. R.; Burroughs, M. S.; Lee, J.; Wilkins, K.; McCollum, A.; Hutson, C.; Davidson, W.; Rao, A.; Baumgartner, J.; Li, Y.	CDC, DHCPP-PRB	insdc_ingest_user	Automated Ingest from INSDC/NCBI Virus by Loculus	USA	NY	2022-06	2025-02-03	Monkeypox virus					PRJNA849962	SAMN30467546	METAGENOMIC	WGS	RANDOM	ILLUMINA	Illumina NovaSeq 6000	493780	131612401	2022-09-24	SRR21676853
SRR21676857	PP_000U209	PP_000U209.2	Gigante, C. M.; Griffin-Thomas, L.; Zhao, H.; Batra, D.; Hetrick, E. E.; Howard, D. T.; Kovar, L.; Seabolt, M. H.; Weigand, M. R.; Burroughs, M. S.; Lee, J.; Wilkins, K.; McCollum, A.; Hutson, C.; Davidson, W.; Rao, A.; Crain, J.; Li, Y.	CDC, DHCPP-PRB	insdc_ingest_user	Automated Ingest from INSDC/NCBI Virus by Loculus	USA	VA	2022-06	2025-02-03	Monkeypox virus					PRJNA849962	SAMN30467551	METAGENOMIC	WGS	RANDOM	ILLUMINA	Illumina NovaSeq 6000	1424161	402601955	2022-09-24	SRR21676857
SRR21236120	PP_000U217	PP_000U217.2	Sereewit, J.; Xie, H.; Roychoudhury, P.; Greninger, A. L.	UW Virology, Laboratory Medicine	insdc_ingest_user	Automated Ingest from INSDC/NCBI Virus by Loculus	USA	OH	2022-08	2025-02-03	Monkeypox virus					PRJNA862948	SAMN30526396	GENOMIC	Targeted-Capture	RANDOM PCR	ILLUMINA	NextSeq 2000	1371864	414302928	2022-08-28	SRR21236120
SRR21236109	PP_000U225	PP_000U225.2	Sereewit, J.; Xie, H.; Roychoudhury, P.; Greninger, A. L.	UW Virology, Laboratory Medicine	insdc_ingest_user	Automated Ingest from INSDC/NCBI Virus by Loculus	USA	WA	2022-08	2025-02-03	Monkeypox virus					PRJNA862948	SAMN30526397	GENOMIC	Targeted-Capture	RANDOM PCR	ILLUMINA	NextSeq 2000	1584007	478370114	2022-08-28	SRR21236109
SRR21236098	PP_000U233	PP_000U233.2	Sereewit, J.; Xie, H.; Roychoudhury, P.; Greninger, A. L.	UW Virology, Laboratory Medicine	insdc_ingest_user	Automated Ingest from INSDC/NCBI Virus by Loculus	USA	WA	2022-08	2025-02-03	Monkeypox virus					PRJNA862948	SAMN30526398	GENOMIC	Targeted-Capture	RANDOM PCR	ILLUMINA	NextSeq 2000	2065779	623865258	2022-08-28	SRR21236098
SRR21236087	PP_000U241	PP_000U241.2	Sereewit, J.; Xie, H.; Roychoudhury, P.; Greninger, A. L.	UW Virology, Laboratory Medicine	insdc_ingest_user	Automated Ingest from INSDC/NCBI Virus by Loculus	USA	WA	2022-08	2025-02-03	Monkeypox virus					PRJNA862948	SAMN30526399	GENOMIC	Targeted-Capture	RANDOM PCR	ILLUMINA	NextSeq 2000	1485501	448621302	2022-08-28	SRR21236087
SRR21236076	PP_000U25Z	PP_000U25Z.2	Sereewit, J.; Xie, H.; Roychoudhury, P.; Greninger, A. L.	UW Virology, Laboratory Medicine	insdc_ingest_user	Automated Ingest from INSDC/NCBI Virus by Loculus	USA	WA	2022-08	2025-02-03	Monkeypox virus					PRJNA862948	SAMN30526400	GENOMIC	Targeted-Capture	RANDOM PCR	ILLUMINA	NextSeq 2000	1140836	344532472	2022-08-28	SRR21236076
SRR21236075	PP_000U26X	PP_000U26X.2	Sereewit, J.; Xie, H.; Roychoudhury, P.; Greninger, A. L.	UW Virology, Laboratory Medicine	insdc_ingest_user	Automated Ingest from INSDC/NCBI Virus by Loculus	USA	WA	2022-08	2025-02-03	Monkeypox virus					PRJNA862948	SAMN30526401	GENOMIC	Targeted-Capture	RANDOM PCR	ILLUMINA	NextSeq 2000	729961	220448222	2022-08-28	SRR21236075
SRR21236074	PP_000U27V	PP_000U27V.2	Sereewit, J.; Xie, H.; Roychoudhury, P.; Greninger, A. L.	UW Virology, Laboratory Medicine	insdc_ingest_user	Automated Ingest from INSDC/NCBI Virus by Loculus	USA	WA	2022-08	2025-02-03	Monkeypox virus					PRJNA862948	SAMN30526402	GENOMIC	Targeted-Capture	RANDOM PCR	ILLUMINA	NextSeq 2000	3210917	969696934	2022-08-28	SRR21236074
SRR21236141	PP_000U28T	PP_000U28T.2	Sereewit, J.; Xie, H.; Roychoudhury, P.; Greninger, A. L.	UW Virology, Laboratory Medicine	insdc_ingest_user	Automated Ingest from INSDC/NCBI Virus by Loculus	USA	WA	2022-08	2025-02-03	Monkeypox virus					PRJNA862948	SAMN30526403	GENOMIC	Targeted-Capture	RANDOM PCR	ILLUMINA	NextSeq 2000	525155	158596810	2022-08-28	SRR21236141
SRR21236140	PP_000U29R	PP_000U29R.2	Sereewit, J.; Xie, H.; Roychoudhury, P.; Greninger, A. L.	UW Virology, Laboratory Medicine	insdc_ingest_user	Automated Ingest from INSDC/NCBI Virus by Loculus	USA	WA	2022-08	2025-02-03	Monkeypox virus					PRJNA862948	SAMN30526404	GENOMIC	Targeted-Capture	RANDOM PCR	ILLUMINA	NextSeq 2000	1306573	394585046	2022-08-28	SRR21236140
SRR21236139	PP_000U2AP	PP_000U2AP.2	Sereewit, J.; Xie, H.; Roychoudhury, P.; Greninger, A. L.	UW Virology, Laboratory Medicine	insdc_ingest_user	Automated Ingest from INSDC/NCBI Virus by Loculus	USA	WA	2022-08	2025-02-03	Monkeypox virus					PRJNA862948	SAMN30526405	GENOMIC	Targeted-Capture	RANDOM PCR	ILLUMINA	NextSeq 2000	1178860	356015720	2022-08-28	SRR21236139
SRR21236138	PP_000U2BM	PP_000U2BM.2	Sereewit, J.; Xie, H.; Roychoudhury, P.; Greninger, A. L.	UW Virology, Laboratory Medicine	insdc_ingest_user	Automated Ingest from INSDC/NCBI Virus by Loculus	USA	WA	2022-08	2025-02-03	Monkeypox virus					PRJNA862948	SAMN30526406	GENOMIC	Targeted-Capture	RANDOM PCR	ILLUMINA	NextSeq 2000	1927516	582109832	2022-08-28	SRR21236138
SRR21236137	PP_000U2CK	PP_000U2CK.2	Sereewit, J.; Xie, H.; Roychoudhury, P.; Greninger, A. L.	UW Virology, Laboratory Medicine	insdc_ingest_user	Automated Ingest from INSDC/NCBI Virus by Loculus	USA	OH	2022-08	2025-02-03	Monkeypox virus					PRJNA862948	SAMN30526407	GENOMIC	Targeted-Capture	RANDOM PCR	ILLUMINA	NextSeq 2000	847001	255794302	2022-08-28	SRR21236137
SRR21236136	PP_000U2DH	PP_000U2DH.2	Sereewit, J.; Xie, H.; Roychoudhury, P.; Greninger, A. L.	UW Virology, Laboratory Medicine	insdc_ingest_user	Automated Ingest from INSDC/NCBI Virus by Loculus	USA	OH	2022-08	2025-02-03	Monkeypox virus					PRJNA862948	SAMN30526408	GENOMIC	Targeted-Capture	RANDOM PCR	ILLUMINA	NextSeq 2000	574828	173598056	2022-08-28	SRR21236136
SRR21236135	PP_000U2EF	PP_000U2EF.2	Sereewit, J.; Xie, H.; Roychoudhury, P.; Greninger, A. L.	UW Virology, Laboratory Medicine	insdc_ingest_user	Automated Ingest from INSDC/NCBI Virus by Loculus	USA	WA	2022-08	2025-02-03	Monkeypox virus					PRJNA862948	SAMN30526409	GENOMIC	Targeted-Capture	RANDOM PCR	ILLUMINA	NextSeq 2000	1254114	378742428	2022-08-28	SRR21236135
SRR21236134	PP_000U2FD	PP_000U2FD.2	Sereewit, J.; Xie, H.; Roychoudhury, P.; Greninger, A. L.	UW Virology, Laboratory Medicine	insdc_ingest_user	Automated Ingest from INSDC/NCBI Virus by Loculus	USA	WA	2022-08	2025-02-03	Monkeypox virus					PRJNA862948	SAMN30526410	GENOMIC	Targeted-Capture	RANDOM PCR	ILLUMINA	NextSeq 2000	1213357	366433814	2022-08-28	SRR21236134
SRR21236133	PP_000U2GB	PP_000U2GB.2	Sereewit, J.; Xie, H.; Roychoudhury, P.; Greninger, A. L.	UW Virology, Laboratory Medicine	insdc_ingest_user	Automated Ingest from INSDC/NCBI Virus by Loculus	USA	WA	2022-08	2025-02-03	Monkeypox virus					PRJNA862948	SAMN30526411	GENOMIC	Targeted-Capture	RANDOM PCR	ILLUMINA	NextSeq 2000	927862	280214324	2022-08-28	SRR21236133
SRR21236132	PP_000U2H8	PP_000U2H8.2	Sereewit, J.; Xie, H.; Roychoudhury, P.; Greninger, A. L.	UW Virology, Laboratory Medicine	insdc_ingest_user	Automated Ingest from INSDC/NCBI Virus by Loculus	USA	WA	2022-08	2025-02-03	Monkeypox virus					PRJNA862948	SAMN30526412	GENOMIC	Targeted-Capture	RANDOM PCR	ILLUMINA	NextSeq 2000	2146943	648376786	2022-08-28	SRR21236132
SRR21236130	PP_000U2J6	PP_000U2J6.2	Sereewit, J.; Xie, H.; Roychoudhury, P.; Greninger, A. L.	UW Virology, Laboratory Medicine	insdc_ingest_user	Automated Ingest from INSDC/NCBI Virus by Loculus	USA	WA	2022-08	2025-02-03	Monkeypox virus					PRJNA862948	SAMN30526413	GENOMIC	Targeted-Capture	RANDOM PCR	ILLUMINA	NextSeq 2000	1471068	444262536	2022-08-28	SRR21236130
SRR21236129	PP_000U2K4	PP_000U2K4.2	Sereewit, J.; Xie, H.; Roychoudhury, P.; Greninger, A. L.	UW Virology, Laboratory Medicine	insdc_ingest_user	Automated Ingest from INSDC/NCBI Virus by Loculus	USA	WA	2022-08	2025-02-03	Monkeypox virus					PRJNA862948	SAMN30526414	GENOMIC	Targeted-Capture	RANDOM PCR	ILLUMINA	NextSeq 2000	1272519	384300738	2022-08-28	SRR21236129
SRR21236128	PP_000U2L2	PP_000U2L2.2	Sereewit, J.; Xie, H.; Roychoudhury, P.; Greninger, A. L.	UW Virology, Laboratory Medicine	insdc_ingest_user	Automated Ingest from INSDC/NCBI Virus by Loculus	USA	WA	2022-08	2025-02-03	Monkeypox virus					PRJNA862948	SAMN30526415	GENOMIC	Targeted-Capture	RANDOM PCR	ILLUMINA	NextSeq 2000	4181153	1262708206	2022-08-28	SRR21236128
SRR21236127	PP_000U2M0	PP_000U2M0.2	Sereewit, J.; Xie, H.; Roychoudhury, P.; Greninger, A. L.	UW Virology, Laboratory Medicine	insdc_ingest_user	Automated Ingest from INSDC/NCBI Virus by Loculus	USA	WA	2022-08	2025-02-03	Monkeypox virus					PRJNA862948	SAMN30526416	GENOMIC	Targeted-Capture	RANDOM PCR	ILLUMINA	NextSeq 2000	2594503	783539906	2022-08-28	SRR21236127
SRR21236126	PP_000U2NY	PP_000U2NY.2	Sereewit, J.; Xie, H.; Roychoudhury, P.; Greninger, A. L.	UW Virology, Laboratory Medicine	insdc_ingest_user	Automated Ingest from INSDC/NCBI Virus by Loculus	USA	OH	2022-08	2025-02-03	Monkeypox virus					PRJNA862948	SAMN30526417	GENOMIC	Targeted-Capture	RANDOM PCR	ILLUMINA	NextSeq 2000	870598	262920596	2022-08-28	SRR21236126
SRR21236125	PP_000U2PW	PP_000U2PW.2	Sereewit, J.; Xie, H.; Roychoudhury, P.; Greninger, A. L.	UW Virology, Laboratory Medicine	insdc_ingest_user	Automated Ingest from INSDC/NCBI Virus by Loculus	USA	OH	2022-08	2025-02-03	Monkeypox virus					PRJNA862948	SAMN30526418	GENOMIC	Targeted-Capture	RANDOM PCR	ILLUMINA	NextSeq 2000	1312861	396484022	2022-08-28	SRR21236125
SRR21236124	PP_000U2QU	PP_000U2QU.2	Sereewit, J.; Xie, H.; Roychoudhury, P.; Greninger, A. L.	UW Virology, Laboratory Medicine	insdc_ingest_user	Automated Ingest from INSDC/NCBI Virus by Loculus	USA	WA	2022-08	2025-02-03	Monkeypox virus					PRJNA862948	SAMN30526419	GENOMIC	Targeted-Capture	RANDOM PCR	ILLUMINA	NextSeq 2000	1353756	408834312	2022-08-28	SRR21236124
SRR21236123	PP_000U2RS	PP_000U2RS.2	Sereewit, J.; Xie, H.; Roychoudhury, P.; Greninger, A. L.	UW Virology, Laboratory Medicine	insdc_ingest_user	Automated Ingest from INSDC/NCBI Virus by Loculus	USA	WA	2022-08	2025-02-03	Monkeypox virus					PRJNA862948	SAMN30526420	GENOMIC	Targeted-Capture	RANDOM PCR	ILLUMINA	NextSeq 2000	1570396	474259592	2022-08-28	SRR21236123
SRR21236122	PP_000U2SQ	PP_000U2SQ.2	Sereewit, J.; Xie, H.; Roychoudhury, P.; Greninger, A. L.	UW Virology, Laboratory Medicine	insdc_ingest_user	Automated Ingest from INSDC/NCBI Virus by Loculus	USA	WA	2022-08	2025-02-03	Monkeypox virus					PRJNA862948	SAMN30526421	GENOMIC	Targeted-Capture	RANDOM PCR	ILLUMINA	NextSeq 2000	1088311	328669922	2022-08-28	SRR21236122
SRR21236121	PP_000U2TN	PP_000U2TN.2	Sereewit, J.; Xie, H.; Roychoudhury, P.; Greninger, A. L.	UW Virology, Laboratory Medicine	insdc_ingest_user	Automated Ingest from INSDC/NCBI Virus by Loculus	USA	WA	2022-08	2025-02-03	Monkeypox virus					PRJNA862948	SAMN30526422	GENOMIC	Targeted-Capture	RANDOM PCR	ILLUMINA	NextSeq 2000	2811468	849063336	2022-08-28	SRR21236121
SRR21236119	PP_000U2UL	PP_000U2UL.2	Sereewit, J.; Xie, H.; Roychoudhury, P.; Greninger, A. L.	UW Virology, Laboratory Medicine	insdc_ingest_user	Automated Ingest from INSDC/NCBI Virus by Loculus	USA	WA	2022-08	2025-02-03	Monkeypox virus					PRJNA862948	SAMN30526423	GENOMIC	Targeted-Capture	RANDOM PCR	ILLUMINA	NextSeq 2000	559745	169042990	2022-08-28	SRR21236119
SRR21236118	PP_000U2VJ	PP_000U2VJ.2	Sereewit, J.; Xie, H.; Roychoudhury, P.; Greninger, A. L.	UW Virology, Laboratory Medicine	insdc_ingest_user	Automated Ingest from INSDC/NCBI Virus by Loculus	USA	WA	2022-08	2025-02-03	Monkeypox virus					PRJNA862948	SAMN30526424	GENOMIC	Targeted-Capture	RANDOM PCR	ILLUMINA	NextSeq 2000	941851	284439002	2022-08-28	SRR21236118
SRR21236116	PP_000U2WG	PP_000U2WG.2	Sereewit, J.; Xie, H.; Roychoudhury, P.; Greninger, A. L.	UW Virology, Laboratory Medicine	insdc_ingest_user	Automated Ingest from INSDC/NCBI Virus by Loculus	USA	WA	2022-08	2025-02-03	Monkeypox virus					PRJNA862948	SAMN30526426	GENOMIC	Targeted-Capture	RANDOM PCR	ILLUMINA	NextSeq 2000	1794272	541870144	2022-08-28	SRR21236116
SRR21236105	PP_000U2XE	PP_000U2XE.2	Sereewit, J.; Xie, H.; Roychoudhury, P.; Greninger, A. L.	UW Virology, Laboratory Medicine	insdc_ingest_user	Automated Ingest from INSDC/NCBI Virus by Loculus	USA	WA	2022-08	2025-02-03	Monkeypox virus					PRJNA862948	SAMN30526436	GENOMIC	Targeted-Capture	RANDOM PCR	ILLUMINA	NextSeq 2000	9088465	2744716430	2022-08-28	SRR21236105
SRR21236079	PP_000U2YC	PP_000U2YC.2	Sereewit, J.; Xie, H.; Roychoudhury, P.; Greninger, A. L.	UW Virology, Laboratory Medicine	insdc_ingest_user	Automated Ingest from INSDC/NCBI Virus by Loculus	USA	WA	2022-08	2025-02-03	Monkeypox virus					PRJNA862948	SAMN30526460	GENOMIC	Targeted-Capture	RANDOM PCR	ILLUMINA	NextSeq 2000	3265136	986071072	2022-08-28	SRR21236079
SRR21236114	PP_000U3J5	PP_000U3J5.2	Sereewit, J.; Xie, H.; Roychoudhury, P.; Greninger, A. L.	UW Virology, Laboratory Medicine	insdc_ingest_user	Automated Ingest from INSDC/NCBI Virus by Loculus	USA	WA	2022-08	2025-02-03	Monkeypox virus					PRJNA862948	SAMN30526428	GENOMIC	Targeted-Capture	RANDOM PCR	ILLUMINA	NextSeq 2000	2644280	798572560	2022-08-28	SRR21236114
SRR21236112	PP_000U3RR	PP_000U3RR.2	Sereewit, J.; Xie, H.; Roychoudhury, P.; Greninger, A. L.	UW Virology, Laboratory Medicine	insdc_ingest_user	Automated Ingest from INSDC/NCBI Virus by Loculus	USA	WA	2022-08	2025-02-03	Monkeypox virus					PRJNA862948	SAMN30526430	GENOMIC	Targeted-Capture	RANDOM PCR	ILLUMINA	NextSeq 2000	1374993	415247886	2022-08-28	SRR21236112
SRR21236111	PP_000U3YB	PP_000U3YB.2	Sereewit, J.; Xie, H.; Roychoudhury, P.; Greninger, A. L.	UW Virology, Laboratory Medicine	insdc_ingest_user	Automated Ingest from INSDC/NCBI Virus by Loculus	USA	WA	2022-08	2025-02-03	Monkeypox virus					PRJNA862948	SAMN30526431	GENOMIC	Targeted-Capture	RANDOM PCR	ILLUMINA	NextSeq 2000	1680548	507525496	2022-08-28	SRR21236111
SRR21236110	PP_000U45X	PP_000U45X.2	Sereewit, J.; Xie, H.; Roychoudhury, P.; Greninger, A. L.	UW Virology, Laboratory Medicine	insdc_ingest_user	Automated Ingest from INSDC/NCBI Virus by Loculus	USA	WA	2022-08	2025-02-03	Monkeypox virus					PRJNA862948	SAMN30526432	GENOMIC	Targeted-Capture	RANDOM PCR	ILLUMINA	NextSeq 2000	2266265	684412030	2022-08-28	SRR21236110
SRR21236131	PP_000U6LY	PP_000U6LY.2	Sereewit, J.; Xie, H.; Roychoudhury, P.; Greninger, A. L.	UW Virology, Laboratory Medicine	insdc_ingest_user	Automated Ingest from INSDC/NCBI Virus by Loculus	USA	WA	2022-08	2025-02-03	Monkeypox virus					PRJNA862948	SAMN30526395	GENOMIC	Targeted-Capture	RANDOM PCR	ILLUMINA	NextSeq 2000	1684899	508839498	2022-08-28	SRR21236131
SRR21236115	PP_000U6MW	PP_000U6MW.2	Sereewit, J.; Xie, H.; Roychoudhury, P.; Greninger, A. L.	UW Virology, Laboratory Medicine	insdc_ingest_user	Automated Ingest from INSDC/NCBI Virus by Loculus	USA	WA	2022-08	2025-02-03	Monkeypox virus					PRJNA862948	SAMN30526427	GENOMIC	Targeted-Capture	RANDOM PCR	ILLUMINA	NextSeq 2000	888401	268297102	2022-08-28	SRR21236115
SRR21403192	PP_000U6VE	PP_000U6VE.2	Ceniseros, A.	Idaho Bureau of Laboratories, Molecular Epidemiology	insdc_ingest_user	Automated Ingest from INSDC/NCBI Virus by Loculus	USA		2022-07-26	2025-02-03	Monkeypox virus					PRJNA875899	SAMN30634130									SRR21403192
SRR21684331	PP_000U811	PP_000U811.2	Gigante, C. M.; Hauser, J. R.; Zhao, H.; Batra, D.; Hetrick, E. E.; Howard, D. T.; Kovar, L.; Seabolt, M. H.; Weigand, M. R.; Burroughs, M.; Lee, J.; Wilkins, K.; McCollum, A.; Hutson, C.; Davidson, W.; Rao, A.; Mangla, A.; Li, Y.	CDC, DHCPP-PRB	insdc_ingest_user	Automated Ingest from INSDC/NCBI Virus by Loculus	USA	DC	2022-06	2025-02-03	Monkeypox virus					PRJNA849962	SAMN30652158	METAGENOMIC	WGS	RANDOM	ILLUMINA	Illumina NovaSeq 6000	84198	21896242	2022-09-24	SRR21684331
SRR21684336	PP_000U82Z	PP_000U82Z.2	Gigante, C. M.; Pavlick, J.; Zhao, H.; Batra, D.; Hetrick, E. E.; Howard, D. T.; Kovar, L.; Seabolt, M. H.; Weigand, M. R.; Burroughs, M.; Lee, J.; Wilkins, K.; McCollum, A.; Hutson, C.; Davidson, W.; Rao, A.; Parrott, T.; Li, Y.	CDC, DHCPP-PRB	insdc_ingest_user	Automated Ingest from INSDC/NCBI Virus by Loculus	USA	GA	2022-06	2025-02-03	Monkeypox virus					PRJNA849962	SAMN30652160	METAGENOMIC	WGS	RANDOM	ILLUMINA	Illumina NovaSeq 6000	185674	50133660	2022-09-24	SRR21684336
SRR21684324	PP_000U83X	PP_000U83X.2	Gigante, C. M.; Hauser, J. R.; Zhao, H.; Batra, D.; Hetrick, E. E.; Howard, D. T.; Kovar, L.; Seabolt, M. H.; Weigand, M. R.; Burroughs, M.; Lee, J.; Wilkins, K.; McCollum, A.; Hutson, C.; Davidson, W.; Rao, A.; Mangla, A.; Li, Y.	CDC, DHCPP-PRB	insdc_ingest_user	Automated Ingest from INSDC/NCBI Virus by Loculus	USA	DC	2022-06	2025-02-03	Monkeypox virus					PRJNA849962	SAMN30652159	METAGENOMIC	WGS	RANDOM	ILLUMINA	Illumina NovaSeq 6000	137898	36963199	2022-09-24	SRR21684324
SRR21684328	PP_000U84V	PP_000U84V.2	Gigante, C. M.; Hauser, J. R.; Zhao, H.; Batra, D.; Hetrick, E. E.; Howard, D. T.; Kovar, L.; Seabolt, M. H.; Weigand, M. R.; Burroughs, M.; Lee, J.; Wilkins, K.; McCollum, A.; Hutson, C.; Davidson, W.; Rao, A.; Mangla, A.; Li, Y.	CDC, DHCPP-PRB	insdc_ingest_user	Automated Ingest from INSDC/NCBI Virus by Loculus	USA	DC	2022-06	2025-02-03	Monkeypox virus					PRJNA849962	SAMN30652155	METAGENOMIC	WGS	RANDOM	ILLUMINA	Illumina NovaSeq 6000	584123	143406378	2022-09-24	SRR21684328
SRR21684329	PP_000U85T	PP_000U85T.2	Gigante, C. M.; Pavlick, J.; Zhao, H.; Batra, D.; Hetrick, E. E.; Howard, D. T.; Kovar, L.; Seabolt, M. H.; Weigand, M. R.; Burroughs, M.; Lee, J.; Wilkins, K.; McCollum, A.; Hutson, C.; Davidson, W.; Rao, A.; Parrott, T.; Li, Y.	CDC, DHCPP-PRB	insdc_ingest_user	Automated Ingest from INSDC/NCBI Virus by Loculus	USA	GA	2022-07	2025-02-03	Monkeypox virus					PRJNA849962	SAMN30652164	METAGENOMIC	WGS	RANDOM	ILLUMINA	Illumina NovaSeq 6000	219070	57091133	2022-09-24	SRR21684329
SRR21684341	PP_000U86R	PP_000U86R.2	Gigante, C. M.; Pavlick, J.; Zhao, H.; Batra, D.; Hetrick, E. E.; Howard, D. T.; Kovar, L.; Seabolt, M. H.; Weigand, M. R.; Burroughs, M.; Lee, J.; Wilkins, K.; McCollum, A.; Hutson, C.; Davidson, W.; Rao, A.; Parrott, T.; Li, Y.	CDC, DHCPP-PRB	insdc_ingest_user	Automated Ingest from INSDC/NCBI Virus by Loculus	USA	GA	2022-06	2025-02-03	Monkeypox virus					PRJNA849962	SAMN30652162	METAGENOMIC	WGS	RANDOM	ILLUMINA	Illumina NovaSeq 6000	861872	226244488	2022-09-24	SRR21684341
SRR21684326	PP_000U87P	PP_000U87P.2	Gigante, C. M.; Pavlick, J.; Zhao, H.; Batra, D.; Hetrick, E. E.; Howard, D. T.; Kovar, L.; Seabolt, M. H.; Weigand, M. R.; Burroughs, M.; Lee, J.; Wilkins, K.; McCollum, A.; Hutson, C.; Davidson, W.; Rao, A.; Parrott, T.; Li, Y.	CDC, DHCPP-PRB	insdc_ingest_user	Automated Ingest from INSDC/NCBI Virus by Loculus	USA	GA	2022-07	2025-02-03	Monkeypox virus					PRJNA849962	SAMN30652163	METAGENOMIC	WGS	RANDOM	ILLUMINA	Illumina NovaSeq 6000	123164	36856455	2022-09-24	SRR21684326
SRR21684325	PP_000U88M	PP_000U88M.2	Gigante, C. M.; Pavlick, J.; Zhao, H.; Batra, D.; Hetrick, E. E.; Howard, D. T.; Kovar, L.; Seabolt, M. H.; Weigand, M. R.; Burroughs, M.; Lee, J.; Wilkins, K.; McCollum, A.; Hutson, C.; Davidson, W.; Rao, A.; Parrott, T.; Li, Y.	CDC, DHCPP-PRB	insdc_ingest_user	Automated Ingest from INSDC/NCBI Virus by Loculus	USA	GA	2022-07	2025-02-03	Monkeypox virus					PRJNA849962	SAMN30652167	METAGENOMIC	WGS	RANDOM	ILLUMINA	Illumina NovaSeq 6000	820838	219222891	2022-09-24	SRR21684325
SRR21684350	PP_000U89K	PP_000U89K.2	Gigante, C. M.; Hughes, S.; Zhao, H.; Batra, D.; Hetrick, E. E.; Howard, D. T.; Kovar, L.; Seabolt, M. H.; Weigand, M. R.; Burroughs, M.; Lee, J.; Wilkins, K.; McCollum, A.; Hutson, C.; Davidson, W.; Rao, A.; Baumgartner, J.; Li, Y.	CDC, DHCPP-PRB	insdc_ingest_user	Automated Ingest from INSDC/NCBI Virus by Loculus	USA	NY	2022-06	2025-02-03	Monkeypox virus					PRJNA849962	SAMN30652172	METAGENOMIC	WGS	RANDOM	ILLUMINA	Illumina NovaSeq 6000	112682	24589120	2022-09-24	SRR21684350
SRR21684343	PP_000U8AH	PP_000U8AH.2	Gigante, C. M.; Johnson, S.; Zhao, H.; Batra, D.; Hetrick, E. E.; Howard, D. T.; Kovar, L.; Seabolt, M. H.; Weigand, M. R.; Burroughs, M.; Lee, J.; Wilkins, K.; McCollum, A.; Hutson, C.; Davidson, W.; Rao, A.; Riner, D.; Li, Y.	CDC, DHCPP-PRB	insdc_ingest_user	Automated Ingest from INSDC/NCBI Virus by Loculus	USA	MI	2022-06	2025-02-03	Monkeypox virus					PRJNA849962	SAMN30652171	METAGENOMIC	WGS	RANDOM	ILLUMINA	Illumina NovaSeq 6000	364567	105523294	2022-09-24	SRR21684343
SRR21684339	PP_000U8BF	PP_000U8BF.2	Gigante, C. M.; Manuzak, A.; Zhao, H.; Batra, D.; Hetrick, E. E.; Howard, D. T.; Kovar, L.; Seabolt, M. H.; Weigand, M. R.; Burroughs, M.; Lee, J.; Wilkins, K.; McCollum, A.; Hutson, C.; Davidson, W.; Rao, A.; Gose, R.; Li, Y.	CDC, DHCPP-PRB	insdc_ingest_user	Automated Ingest from INSDC/NCBI Virus by Loculus	USA	HI	2022-06	2025-02-03	Monkeypox virus					PRJNA849962	SAMN30652168	METAGENOMIC	WGS	RANDOM	ILLUMINA	Illumina NovaSeq 6000	1319673	303090834	2022-09-24	SRR21684339
SRR21684348	PP_000U8CD	PP_000U8CD.2	Gigante, C. M.; Kubin, G.; Zhao, H.; Batra, D.; Hetrick, E. E.; Howard, D. T.; Kovar, L.; Seabolt, M. H.; Weigand, M. R.; Burroughs, M.; Lee, J.; Wilkins, K.; McCollum, A.; Hutson, C.; Davidson, W.; Rao, A.; White, S. L.; Li, Y.	CDC, DHCPP-PRB	insdc_ingest_user	Automated Ingest from INSDC/NCBI Virus by Loculus	USA	TX	2022-06	2025-02-03	Monkeypox virus					PRJNA849962	SAMN30652174	METAGENOMIC	WGS	RANDOM	ILLUMINA	Illumina NovaSeq 6000	485762	127491711	2022-09-24	SRR21684348
SRR21684347	PP_000U8DB	PP_000U8DB.2	Gigante, C. M.; Kubin, G.; Zhao, H.; Batra, D.; Hetrick, E. E.; Howard, D. T.; Kovar, L.; Seabolt, M. H.; Weigand, M. R.; Burroughs, M.; Lee, J.; Wilkins, K.; McCollum, A.; Hutson, C.; Davidson, W.; Rao, A.; White, S. L.; Li, Y.	CDC, DHCPP-PRB	insdc_ingest_user	Automated Ingest from INSDC/NCBI Virus by Loculus	USA	TX	2022-06	2025-02-03	Monkeypox virus					PRJNA849962	SAMN30652176	METAGENOMIC	WGS	RANDOM	ILLUMINA	Illumina NovaSeq 6000	314731	79722243	2022-09-24	SRR21684347
SRR21684342	PP_000U8E9	PP_000U8E9.2	Gigante, C. M.; Ghinai, I.; Zhao, H.; Batra, D.; Hetrick, E. E.; Howard, D. T.; Kovar, L.; Seabolt, M. H.; Weigand, M. R.; Burroughs, M.; Lee, J.; Wilkins, K.; McCollum, A.; Hutson, C.; Davidson, W.; Rao, A.; Kerins, J.; Li, Y.	CDC, DHCPP-PRB	insdc_ingest_user	Automated Ingest from INSDC/NCBI Virus by Loculus	USA	IL	2022-06	2025-02-03	Monkeypox virus					PRJNA849962	SAMN30652169	METAGENOMIC	WGS	RANDOM	ILLUMINA	Illumina NovaSeq 6000	71071	17959386	2022-09-24	SRR21684342
SRR21684344	PP_000U8F7	PP_000U8F7.2	Gigante, C. M.; Griffin-Thomas, L.; Zhao, H.; Batra, D.; Hetrick, E. E.; Howard, D. T.; Kovar, L.; Seabolt, M. H.; Weigand, M. R.; Burroughs, M.; Lee, J.; Wilkins, K.; McCollum, A.; Hutson, C.; Davidson, W.; Rao, A.; Crain, J.; Li, Y.	CDC, DHCPP-PRB	insdc_ingest_user	Automated Ingest from INSDC/NCBI Virus by Loculus	USA	VA	2022-06	2025-02-03	Monkeypox virus					PRJNA849962	SAMN30652178	METAGENOMIC	WGS	RANDOM	ILLUMINA	Illumina NovaSeq 6000	92279	23450967	2022-09-24	SRR21684344
SRR21684346	PP_000U8G5	PP_000U8G5.2	Gigante, C. M.; Griffin-Thomas, L.; Zhao, H.; Batra, D.; Hetrick, E. E.; Howard, D. T.; Kovar, L.; Seabolt, M. H.; Weigand, M. R.; Burroughs, M.; Lee, J.; Wilkins, K.; McCollum, A.; Hutson, C.; Davidson, W.; Rao, A.; Crain, J.; Li, Y.	CDC, DHCPP-PRB	insdc_ingest_user	Automated Ingest from INSDC/NCBI Virus by Loculus	USA	VA	2022-06	2025-02-03	Monkeypox virus					PRJNA849962	SAMN30652179	METAGENOMIC	WGS	RANDOM	ILLUMINA	Illumina NovaSeq 6000	245940	62316086	2022-09-24	SRR21684346
SRR21684351	PP_000U8H2	PP_000U8H2.2	Gigante, C. M.; Xia, D.; Zhao, H.; Batra, D.; Hetrick, E. E.; Howard, D. T.; Kovar, L.; Seabolt, M. H.; Weigand, M. R.; Burroughs, M.; Lee, J.; Wilkins, K.; McCollum, A.; Hutson, C.; Davidson, W.; Rao, A.; Plipat, N.; Li, Y.	CDC, DHCPP-PRB	insdc_ingest_user	Automated Ingest from INSDC/NCBI Virus by Loculus	USA	PA	2022-06	2025-02-03	Monkeypox virus					PRJNA849962	SAMN30652173	METAGENOMIC	WGS	RANDOM	ILLUMINA	Illumina NovaSeq 6000	737712	212958244	2022-09-24	SRR21684351
SRR21684349	PP_000U8J0	PP_000U8J0.2	Gigante, C. M.; Griffin-Thomas, L.; Zhao, H.; Batra, D.; Hetrick, E. E.; Howard, D. T.; Kovar, L.; Seabolt, M. H.; Weigand, M. R.; Burroughs, M.; Lee, J.; Wilkins, K.; McCollum, A.; Hutson, C.; Davidson, W.; Rao, A.; Crain, J.; Li, Y.	CDC, DHCPP-PRB	insdc_ingest_user	Automated Ingest from INSDC/NCBI Virus by Loculus	USA	VA	2022-06	2025-02-03	Monkeypox virus					PRJNA849962	SAMN30652180	METAGENOMIC	WGS	RANDOM	ILLUMINA	Illumina NovaSeq 6000	80171	19454850	2022-09-24	SRR21684349
SRR21684345	PP_000U8KY	PP_000U8KY.2	Gigante, C. M.; Griffin-Thomas, L.; Zhao, H.; Batra, D.; Hetrick, E. E.; Howard, D. T.; Kovar, L.; Seabolt, M. H.; Weigand, M. R.; Burroughs, M.; Lee, J.; Wilkins, K.; McCollum, A.; Hutson, C.; Davidson, W.; Rao, A.; Crain, J.; Li, Y.	CDC, DHCPP-PRB	insdc_ingest_user	Automated Ingest from INSDC/NCBI Virus by Loculus	USA	VA	2022-06	2025-02-03	Monkeypox virus					PRJNA849962	SAMN30652182	METAGENOMIC	WGS	RANDOM	ILLUMINA	Illumina NovaSeq 6000	1086218	288268257	2022-09-24	SRR21684345
SRR21403194	PP_000U8LW	PP_000U8LW.2	Ceniseros, A.	Idaho Bureau of Laboratories, Molecular Epidemiology	insdc_ingest_user	Automated Ingest from INSDC/NCBI Virus by Loculus	USA		2022-07-25	2025-02-03	Monkeypox virus					PRJNA875899	SAMN30634128									SRR21403194
SRR21403193	PP_000U8MU	PP_000U8MU.2	Ceniseros, A.	Idaho Bureau of Laboratories, Molecular Epidemiology	insdc_ingest_user	Automated Ingest from INSDC/NCBI Virus by Loculus	USA		2022-07-25	2025-02-03	Monkeypox virus					PRJNA875899	SAMN30634129									SRR21403193
SRR21403189	PP_000U8NS	PP_000U8NS.2	Ceniseros, A.	Idaho Bureau of Laboratories, Molecular Epidemiology	insdc_ingest_user	Automated Ingest from INSDC/NCBI Virus by Loculus	USA		2022-08-03	2025-02-03	Monkeypox virus					PRJNA875899	SAMN30634133									SRR21403189
SRR21403188	PP_000U8PQ	PP_000U8PQ.2	Ceniseros, A.	Idaho Bureau of Laboratories, Molecular Epidemiology	insdc_ingest_user	Automated Ingest from INSDC/NCBI Virus by Loculus	USA		2022-08-05	2025-02-03	Monkeypox virus					PRJNA875899	SAMN30634134									SRR21403188
SRR21403187	PP_000U8QN	PP_000U8QN.2	Ceniseros, A.	Idaho Bureau of Laboratories, Molecular Epidemiology	insdc_ingest_user	Automated Ingest from INSDC/NCBI Virus by Loculus	USA		2022-08-07	2025-02-03	Monkeypox virus					PRJNA875899	SAMN30634135									SRR21403187
SRR21403186	PP_000U8RL	PP_000U8RL.2	Ceniseros, A.	Idaho Bureau of Laboratories, Molecular Epidemiology	insdc_ingest_user	Automated Ingest from INSDC/NCBI Virus by Loculus	USA		2022-08-08	2025-02-03	Monkeypox virus					PRJNA875899	SAMN30634136									SRR21403186
SRR21524970	PP_000UABD	PP_000UABD.2	Sereewit, J.; Xie, H.; Roychoudhury, P.; Greninger, A. L.	UW Virology, Laboratory Medicine	insdc_ingest_user	Automated Ingest from INSDC/NCBI Virus by Loculus	USA	OH	2022-07	2025-02-03	Monkeypox virus					PRJNA862948	SAMN30797805	GENOMIC	Targeted-Capture	RANDOM PCR	ILLUMINA	NextSeq 2000	2443042	737798684	2022-09-13	SRR21524970
SRR21524983	PP_000UACB	PP_000UACB.2	Sereewit, J.; Xie, H.; Roychoudhury, P.; Greninger, A. L.	UW Virology, Laboratory Medicine	insdc_ingest_user	Automated Ingest from INSDC/NCBI Virus by Loculus	USA	OH	2022-08	2025-02-03	Monkeypox virus					PRJNA862948	SAMN30797793	GENOMIC	Targeted-Capture	RANDOM PCR	ILLUMINA	NextSeq 2000	1998695	603605890	2022-09-13	SRR21524983
SRR21524984	PP_000UAD9	PP_000UAD9.2	Sereewit, J.; Xie, H.; Roychoudhury, P.; Greninger, A. L.	UW Virology, Laboratory Medicine	insdc_ingest_user	Automated Ingest from INSDC/NCBI Virus by Loculus	USA	OH	2022-08	2025-02-03	Monkeypox virus					PRJNA862948	SAMN30797792	GENOMIC	Targeted-Capture	RANDOM PCR	ILLUMINA	NextSeq 2000	1444290	436175580	2022-09-13	SRR21524984
SRR21524962	PP_000UAE7	PP_000UAE7.2	Sereewit, J.; Xie, H.; Roychoudhury, P.; Greninger, A. L.	UW Virology, Laboratory Medicine	insdc_ingest_user	Automated Ingest from INSDC/NCBI Virus by Loculus	USA	OH	2022-08	2025-02-03	Monkeypox virus					PRJNA862948	SAMN30797788	GENOMIC	Targeted-Capture	RANDOM PCR	ILLUMINA	NextSeq 2000	2022181	610698662	2022-09-13	SRR21524962
SRR21524985	PP_000UAF5	PP_000UAF5.2	Sereewit, J.; Xie, H.; Roychoudhury, P.; Greninger, A. L.	UW Virology, Laboratory Medicine	insdc_ingest_user	Automated Ingest from INSDC/NCBI Virus by Loculus	USA	WA	2022-08	2025-02-03	Monkeypox virus					PRJNA862948	SAMN30797791	GENOMIC	Targeted-Capture	RANDOM PCR	ILLUMINA	NextSeq 2000	697059	210511818	2022-09-13	SRR21524985
SRR21524966	PP_000UAG3	PP_000UAG3.2	Sereewit, J.; Xie, H.; Roychoudhury, P.; Greninger, A. L.	UW Virology, Laboratory Medicine	insdc_ingest_user	Automated Ingest from INSDC/NCBI Virus by Loculus	USA	WA	2022-08	2025-02-03	Monkeypox virus					PRJNA862948	SAMN30797784	GENOMIC	Targeted-Capture	RANDOM PCR	ILLUMINA	NextSeq 2000	2302998	695505396	2022-09-13	SRR21524966
SRR21524964	PP_000UAH0	PP_000UAH0.2	Sereewit, J.; Xie, H.; Roychoudhury, P.; Greninger, A. L.	UW Virology, Laboratory Medicine	insdc_ingest_user	Automated Ingest from INSDC/NCBI Virus by Loculus	USA	WA	2022-08	2025-02-03	Monkeypox virus					PRJNA862948	SAMN30797786	GENOMIC	Targeted-Capture	RANDOM PCR	ILLUMINA	NextSeq 2000	2323025	701553550	2022-09-13	SRR21524964
SRR21524978	PP_000UAJY	PP_000UAJY.2	Sereewit, J.; Xie, H.; Roychoudhury, P.; Greninger, A. L.	UW Virology, Laboratory Medicine	insdc_ingest_user	Automated Ingest from INSDC/NCBI Virus by Loculus	USA	WA	2022-08	2025-02-03	Monkeypox virus					PRJNA862948	SAMN30797798	GENOMIC	Targeted-Capture	RANDOM PCR	ILLUMINA	NextSeq 2000	2087610	630458220	2022-09-13	SRR21524978
SRR21524967	PP_000UAKW	PP_000UAKW.2	Sereewit, J.; Xie, H.; Roychoudhury, P.; Greninger, A. L.	UW Virology, Laboratory Medicine	insdc_ingest_user	Automated Ingest from INSDC/NCBI Virus by Loculus	USA	WA	2022-08	2025-02-03	Monkeypox virus					PRJNA862948	SAMN30797808	GENOMIC	Targeted-Capture	RANDOM PCR	ILLUMINA	NextSeq 2000	2736254	826348708	2022-09-13	SRR21524967
SRR21524969	PP_000UALU	PP_000UALU.2	Sereewit, J.; Xie, H.; Roychoudhury, P.; Greninger, A. L.	UW Virology, Laboratory Medicine	insdc_ingest_user	Automated Ingest from INSDC/NCBI Virus by Loculus	USA	WA	2022-08	2025-02-03	Monkeypox virus					PRJNA862948	SAMN30797806	GENOMIC	Targeted-Capture	RANDOM PCR	ILLUMINA	NextSeq 2000	6053658	1828204716	2022-09-13	SRR21524969
SRR21524977	PP_000UAMS	PP_000UAMS.2	Sereewit, J.; Xie, H.; Roychoudhury, P.; Greninger, A. L.	UW Virology, Laboratory Medicine	insdc_ingest_user	Automated Ingest from INSDC/NCBI Virus by Loculus	USA	WA	2022-08	2025-02-03	Monkeypox virus					PRJNA862948	SAMN30797799	GENOMIC	Targeted-Capture	RANDOM PCR	ILLUMINA	NextSeq 2000	1676338	506254076	2022-09-13	SRR21524977
SRR21524981	PP_000UANQ	PP_000UANQ.2	Sereewit, J.; Xie, H.; Roychoudhury, P.; Greninger, A. L.	UW Virology, Laboratory Medicine	insdc_ingest_user	Automated Ingest from INSDC/NCBI Virus by Loculus	USA	WA	2022-08	2025-02-03	Monkeypox virus					PRJNA862948	SAMN30797795	GENOMIC	Targeted-Capture	RANDOM PCR	ILLUMINA	NextSeq 2000	2131835	643814170	2022-09-13	SRR21524981
SRR21524963	PP_000UAPN	PP_000UAPN.2	Sereewit, J.; Xie, H.; Roychoudhury, P.; Greninger, A. L.	UW Virology, Laboratory Medicine	insdc_ingest_user	Automated Ingest from INSDC/NCBI Virus by Loculus	USA	WA	2022-08	2025-02-03	Monkeypox virus					PRJNA862948	SAMN30797787	GENOMIC	Targeted-Capture	RANDOM PCR	ILLUMINA	NextSeq 2000	3286284	992457768	2022-09-13	SRR21524963
SRR21524974	PP_000UAQL	PP_000UAQL.2	Sereewit, J.; Xie, H.; Roychoudhury, P.; Greninger, A. L.	UW Virology, Laboratory Medicine	insdc_ingest_user	Automated Ingest from INSDC/NCBI Virus by Loculus	USA	WA	2022-08	2025-02-03	Monkeypox virus					PRJNA862948	SAMN30797801	GENOMIC	Targeted-Capture	RANDOM PCR	ILLUMINA	NextSeq 2000	1631006	492563812	2022-09-13	SRR21524974
SRR21524986	PP_000UARJ	PP_000UARJ.2	Sereewit, J.; Xie, H.; Roychoudhury, P.; Greninger, A. L.	UW Virology, Laboratory Medicine	insdc_ingest_user	Automated Ingest from INSDC/NCBI Virus by Loculus	USA	WA	2022-08	2025-02-03	Monkeypox virus					PRJNA862948	SAMN30797782	GENOMIC	Targeted-Capture	RANDOM PCR	ILLUMINA	NextSeq 2000	3652438	1103036276	2022-09-13	SRR21524986
SRR21524961	PP_000UASG	PP_000UASG.2	Sereewit, J.; Xie, H.; Roychoudhury, P.; Greninger, A. L.	UW Virology, Laboratory Medicine	insdc_ingest_user	Automated Ingest from INSDC/NCBI Virus by Loculus	USA	WA	2022-08	2025-02-03	Monkeypox virus					PRJNA862948	SAMN30797789	GENOMIC	Targeted-Capture	RANDOM PCR	ILLUMINA	NextSeq 2000	1483527	448025154	2022-09-13	SRR21524961
SRR21524972	PP_000UATE	PP_000UATE.2	Sereewit, J.; Xie, H.; Roychoudhury, P.; Greninger, A. L.	UW Virology, Laboratory Medicine	insdc_ingest_user	Automated Ingest from INSDC/NCBI Virus by Loculus	USA	WA	2022-08	2025-02-03	Monkeypox virus					PRJNA862948	SAMN30797803	GENOMIC	Targeted-Capture	RANDOM PCR	ILLUMINA	NextSeq 2000	2246177	678345454	2022-09-13	SRR21524972
SRR21524960	PP_000UAUC	PP_000UAUC.2	Sereewit, J.; Xie, H.; Roychoudhury, P.; Greninger, A. L.	UW Virology, Laboratory Medicine	insdc_ingest_user	Automated Ingest from INSDC/NCBI Virus by Loculus	USA	WA	2022-08	2025-02-03	Monkeypox virus					PRJNA862948	SAMN30797790	GENOMIC	Targeted-Capture	RANDOM PCR	ILLUMINA	NextSeq 2000	1848435	558227370	2022-09-13	SRR21524960
SRR21524976	PP_000UAVA	PP_000UAVA.2	Sereewit, J.; Xie, H.; Roychoudhury, P.; Greninger, A. L.	UW Virology, Laboratory Medicine	insdc_ingest_user	Automated Ingest from INSDC/NCBI Virus by Loculus	USA	WA	2022-08	2025-02-03	Monkeypox virus					PRJNA862948	SAMN30797800	GENOMIC	Targeted-Capture	RANDOM PCR	ILLUMINA	NextSeq 2000	2120251	640315802	2022-09-13	SRR21524976
SRR21524987	PP_000UAW8	PP_000UAW8.2	Sereewit, J.; Xie, H.; Roychoudhury, P.; Greninger, A. L.	UW Virology, Laboratory Medicine	insdc_ingest_user	Automated Ingest from INSDC/NCBI Virus by Loculus	USA	WA	2022-08	2025-02-03	Monkeypox virus					PRJNA862948	SAMN30797781	GENOMIC	Targeted-Capture	RANDOM PCR	ILLUMINA	NextSeq 2000	3222047	973058194	2022-09-13	SRR21524987
SRR21524968	PP_000UAX6	PP_000UAX6.2	Sereewit, J.; Xie, H.; Roychoudhury, P.; Greninger, A. L.	UW Virology, Laboratory Medicine	insdc_ingest_user	Automated Ingest from INSDC/NCBI Virus by Loculus	USA	WA	2022-08	2025-02-03	Monkeypox virus					PRJNA862948	SAMN30797807	GENOMIC	Targeted-Capture	RANDOM PCR	ILLUMINA	NextSeq 2000	5335789	1611408278	2022-09-13	SRR21524968
SRR21524971	PP_000UAY4	PP_000UAY4.2	Sereewit, J.; Xie, H.; Roychoudhury, P.; Greninger, A. L.	UW Virology, Laboratory Medicine	insdc_ingest_user	Automated Ingest from INSDC/NCBI Virus by Loculus	USA	WA	2022-08	2025-02-03	Monkeypox virus					PRJNA862948	SAMN30797804	GENOMIC	Targeted-Capture	RANDOM PCR	ILLUMINA	NextSeq 2000	678612	204940824	2022-09-13	SRR21524971
SRR21524982	PP_000UAZ2	PP_000UAZ2.2	Sereewit, J.; Xie, H.; Roychoudhury, P.; Greninger, A. L.	UW Virology, Laboratory Medicine	insdc_ingest_user	Automated Ingest from INSDC/NCBI Virus by Loculus	USA	WA	2022-08	2025-02-03	Monkeypox virus					PRJNA862948	SAMN30797794	GENOMIC	Targeted-Capture	RANDOM PCR	ILLUMINA	NextSeq 2000	2598803	784838506	2022-09-13	SRR21524982
SRR20913436	PP_000UJ0T	PP_000UJ0T.2	Sereewit, J.; Xie, H.; Roychoudhury, P.; Greninger, A. L.	UW Virology, Laboratory Medicine	insdc_ingest_user	Automated Ingest from INSDC/NCBI Virus by Loculus	USA	WA	2022-07	2025-02-03	Monkeypox virus					PRJNA862948	SAMN30174639	GENOMIC	Targeted-Capture	RANDOM PCR	ILLUMINA	NextSeq 2000	7310753	2207847406	2022-08-11	SRR20913436
SRR21236090	PP_000ULV0	PP_000ULV0.2	Sereewit, J.; Xie, H.; Roychoudhury, P.; Greninger, A. L.	UW Virology, Laboratory Medicine	insdc_ingest_user	Automated Ingest from INSDC/NCBI Virus by Loculus	USA	OH	2022-07	2025-02-03	Monkeypox virus					PRJNA862948	SAMN30526450	GENOMIC	Targeted-Capture	RANDOM PCR	ILLUMINA	NextSeq 2000	2458465	742456430	2022-08-28	SRR21236090
SRR20913441	PP_000ULWY	PP_000ULWY.2	Sereewit, J.; Xie, H.; Roychoudhury, P.; Greninger, A. L.	UW Virology, Laboratory Medicine	insdc_ingest_user	Automated Ingest from INSDC/NCBI Virus by Loculus	USA	OH	2022-07	2025-02-03	Monkeypox virus					PRJNA862948	SAMN30174645	GENOMIC	Targeted-Capture	RANDOM PCR	ILLUMINA	NextSeq 2000	5125297	1547839694	2022-08-11	SRR20913441
SRR21598457	PP_000ULXW	PP_000ULXW.2	Sereewit, J.; Xie, H.; Roychoudhury, P.; Greninger, A. L.	UW Virology, Laboratory Medicine	insdc_ingest_user	Automated Ingest from INSDC/NCBI Virus by Loculus	USA	OH	2022-07	2025-02-03	Monkeypox virus					PRJNA862948	SAMN30879562	GENOMIC	Targeted-Capture	RANDOM PCR	ILLUMINA	NextSeq 2000	1760839	531773378	2022-09-19	SRR21598457
SRR21236093	PP_000ULYU	PP_000ULYU.2	Sereewit, J.; Xie, H.; Roychoudhury, P.; Greninger, A. L.	UW Virology, Laboratory Medicine	insdc_ingest_user	Automated Ingest from INSDC/NCBI Virus by Loculus	USA	OH	2022-07	2025-02-03	Monkeypox virus					PRJNA862948	SAMN30526447	GENOMIC	Targeted-Capture	RANDOM PCR	ILLUMINA	NextSeq 2000	897611	271078522	2022-08-28	SRR21236093
SRR21236113	PP_000ULZS	PP_000ULZS.2	Sereewit, J.; Xie, H.; Roychoudhury, P.; Greninger, A. L.	UW Virology, Laboratory Medicine	insdc_ingest_user	Automated Ingest from INSDC/NCBI Virus by Loculus	USA	OH	2022-08	2025-02-03	Monkeypox virus					PRJNA862948	SAMN30526429	GENOMIC	Targeted-Capture	RANDOM PCR	ILLUMINA	NextSeq 2000	1944669	587290038	2022-08-28	SRR21236113
SRR21236117	PP_000UM0Q	PP_000UM0Q.2	Sereewit, J.; Xie, H.; Roychoudhury, P.; Greninger, A. L.	UW Virology, Laboratory Medicine	insdc_ingest_user	Automated Ingest from INSDC/NCBI Virus by Loculus	USA	WA	2022-08	2025-02-03	Monkeypox virus					PRJNA862948	SAMN30526425	GENOMIC	Targeted-Capture	RANDOM PCR	ILLUMINA	NextSeq 2000	1581203	477523306	2022-08-28	SRR21236117
SRR21236107	PP_000UM1N	PP_000UM1N.2	Sereewit, J.; Xie, H.; Roychoudhury, P.; Greninger, A. L.	UW Virology, Laboratory Medicine	insdc_ingest_user	Automated Ingest from INSDC/NCBI Virus by Loculus	USA	WA	2022-08	2025-02-03	Monkeypox virus					PRJNA862948	SAMN30526434	GENOMIC	Targeted-Capture	RANDOM PCR	ILLUMINA	NextSeq 2000	1411752	426349104	2022-08-28	SRR21236107
SRR21236097	PP_000UM2L	PP_000UM2L.2	Sereewit, J.; Xie, H.; Roychoudhury, P.; Greninger, A. L.	UW Virology, Laboratory Medicine	insdc_ingest_user	Automated Ingest from INSDC/NCBI Virus by Loculus	USA	WA	2022-08	2025-02-03	Monkeypox virus					PRJNA862948	SAMN30526443	GENOMIC	Targeted-Capture	RANDOM PCR	ILLUMINA	NextSeq 2000	1174587	354725274	2022-08-28	SRR21236097
SRR21524980	PP_000UM3J	PP_000UM3J.2	Sereewit, J.; Xie, H.; Roychoudhury, P.; Greninger, A. L.	UW Virology, Laboratory Medicine	insdc_ingest_user	Automated Ingest from INSDC/NCBI Virus by Loculus	USA	WA	2022-08	2025-02-03	Monkeypox virus					PRJNA862948	SAMN30797796	GENOMIC	Targeted-Capture	RANDOM PCR	ILLUMINA	NextSeq 2000	1052879	317969458	2022-09-13	SRR21524980
SRR21524973	PP_000UM4G	PP_000UM4G.2	Sereewit, J.; Xie, H.; Roychoudhury, P.; Greninger, A. L.	UW Virology, Laboratory Medicine	insdc_ingest_user	Automated Ingest from INSDC/NCBI Virus by Loculus	USA	WA	2022-08	2025-02-03	Monkeypox virus					PRJNA862948	SAMN30797802	GENOMIC	Targeted-Capture	RANDOM PCR	ILLUMINA	NextSeq 2000	1460352	441026304	2022-09-13	SRR21524973
SRR21524975	PP_000UM5E	PP_000UM5E.2	Sereewit, J.; Xie, H.; Roychoudhury, P.; Greninger, A. L.	UW Virology, Laboratory Medicine	insdc_ingest_user	Automated Ingest from INSDC/NCBI Virus by Loculus	USA	WA	2022-08	2025-02-03	Monkeypox virus					PRJNA862948	SAMN30797783	GENOMIC	Targeted-Capture	RANDOM PCR	ILLUMINA	NextSeq 2000	3987765	1204305030	2022-09-13	SRR21524975
SRR21524979	PP_000UM6C	PP_000UM6C.2	Sereewit, J.; Xie, H.; Roychoudhury, P.; Greninger, A. L.	UW Virology, Laboratory Medicine	insdc_ingest_user	Automated Ingest from INSDC/NCBI Virus by Loculus	USA	WA	2022-08	2025-02-03	Monkeypox virus					PRJNA862948	SAMN30797797	GENOMIC	Targeted-Capture	RANDOM PCR	ILLUMINA	NextSeq 2000	1216497	367382094	2022-09-13	SRR21524979
SRR21677080	PP_000UM7A	PP_000UM7A.2	Gigante, C. M.; Kubin, G.; Zhao, H.; Batra, D.; Hetrick, E. E.; Howard, D. T.; Kovar, L.; Seabolt, M. H.; Weigand, M. R.; Burroughs, M.; Lee, J.; Wilkins, K.; McCollum, A.; Hutson, C.; Davidson, W.; Rao, A.; White, S. L.; Li, Y.	CDC, DHCPP-PRB	insdc_ingest_user	Automated Ingest from INSDC/NCBI Virus by Loculus	USA	TX	2022-06	2025-02-03	Monkeypox virus					PRJNA849962	SAMN30876722	METAGENOMIC	WGS	RANDOM	ILLUMINA	Illumina NovaSeq 6000	343830	86270212	2022-09-24	SRR21677080
SRR21677088	PP_000UM88	PP_000UM88.2	Gigante, C. M.; Kubin, G.; Zhao, H.; Batra, D.; Hetrick, E. E.; Howard, D. T.; Kovar, L.; Seabolt, M. H.; Weigand, M. R.; Burroughs, M.; Lee, J.; Wilkins, K.; McCollum, A.; Hutson, C.; Davidson, W.; Rao, A.; White, S. L.; Li, Y.	CDC, DHCPP-PRB	insdc_ingest_user	Automated Ingest from INSDC/NCBI Virus by Loculus	USA	TX	2022-06	2025-02-03	Monkeypox virus					PRJNA849962	SAMN30876720	METAGENOMIC	WGS	RANDOM	ILLUMINA	Illumina NovaSeq 6000	287427	67920790	2022-09-24	SRR21677088
SRR21677082	PP_000UM96	PP_000UM96.2	Gigante, C. M.; Goldoft, M.; Zhao, H.; Batra, D.; Hetrick, E. E.; Howard, D. T.; Kovar, L.; Seabolt, M. H.; Weigand, M. R.; Burroughs, M.; Lee, J.; Wilkins, K.; McCollum, A.; Hutson, C.; Davidson, W.; Rao, A.; Holshue, M.; Li, Y.	CDC, DHCPP-PRB	insdc_ingest_user	Automated Ingest from INSDC/NCBI Virus by Loculus	USA	WA	2022-07	2025-02-03	Monkeypox virus					PRJNA849962	SAMN30876723	METAGENOMIC	WGS	RANDOM	ILLUMINA	Illumina NovaSeq 6000	136520	37552268	2022-09-24	SRR21677082
SRR21677049	PP_000UMB2	PP_000UMB2.2	Gigante, C. M.; Thomas, L.; Zhao, H.; Batra, D.; Hetrick, E. E.; Howard, D. T.; Kovar, L.; Seabolt, M. H.; Weigand, M. R.; Burroughs, M.; Lee, J.; Wilkins, K.; McCollum, A.; Hutson, C.; Davidson, W.; Rao, A.; Dunn, J.; Li, Y.	CDC, DHCPP-PRB	insdc_ingest_user	Automated Ingest from INSDC/NCBI Virus by Loculus	USA	TN	2022-07	2025-02-03	Monkeypox virus					PRJNA849962	SAMN30876718	METAGENOMIC	WGS	RANDOM	ILLUMINA	Illumina NovaSeq 6000	380856	110241359	2022-09-24	SRR21677049
SRR21677009	PP_000UMC0	PP_000UMC0.2	Gigante, C. M.; Buttery, E.; Zhao, H.; Batra, D.; Hetrick, E. E.; Howard, D. T.; Kovar, L.; Seabolt, M. H.; Weigand, M. R.; Burroughs, M.; Lee, J.; Wilkins, K.; McCollum, A.; Hutson, C.; Davidson, W.; Rao, A.; Raman, D.; Li, Y.	CDC, DHCPP-PRB	insdc_ingest_user	Automated Ingest from INSDC/NCBI Virus by Loculus	USA	NV	2022-07	2025-02-03	Monkeypox virus					PRJNA849962	SAMN30876713	METAGENOMIC	WGS	RANDOM	ILLUMINA	Illumina NovaSeq 6000	85186	23093897	2022-09-24	SRR21677009
SRR21677050	PP_000UMDY	PP_000UMDY.2	Gigante, C. M.; Buttery, E.; Zhao, H.; Batra, D.; Hetrick, E. E.; Howard, D. T.; Kovar, L.; Seabolt, M. H.; Weigand, M. R.; Burroughs, M.; Lee, J.; Wilkins, K.; McCollum, A.; Hutson, C.; Davidson, W.; Rao, A.; Raman, D.; Li, Y.	CDC, DHCPP-PRB	insdc_ingest_user	Automated Ingest from INSDC/NCBI Virus by Loculus	USA	NV	2022-06	2025-02-03	Monkeypox virus					PRJNA849962	SAMN30876712	METAGENOMIC	WGS	RANDOM	ILLUMINA	Illumina NovaSeq 6000	97321	27347345	2022-09-24	SRR21677050
SRR21677079	PP_000UMEW	PP_000UMEW.2	Gigante, C. M.; Kubin, G.; Zhao, H.; Batra, D.; Hetrick, E. E.; Howard, D. T.; Kovar, L.; Seabolt, M. H.; Weigand, M. R.; Burroughs, M.; Lee, J.; Wilkins, K.; McCollum, A.; Hutson, C.; Davidson, W.; Rao, A.; White, S. L.; Li, Y.	CDC, DHCPP-PRB	insdc_ingest_user	Automated Ingest from INSDC/NCBI Virus by Loculus	USA	TX	2022-06	2025-02-03	Monkeypox virus					PRJNA849962	SAMN30876721	METAGENOMIC	WGS	RANDOM	ILLUMINA	Illumina NovaSeq 6000	41211	11760574	2022-09-24	SRR21677079
SRR21677090	PP_000UMFU	PP_000UMFU.2	Gigante, C. M.; Thomas, L.; Zhao, H.; Batra, D.; Hetrick, E. E.; Howard, D. T.; Kovar, L.; Seabolt, M. H.; Weigand, M. R.; Burroughs, M.; Lee, J.; Wilkins, K.; McCollum, A.; Hutson, C.; Davidson, W.; Rao, A.; Dunn, J.; Li, Y.	CDC, DHCPP-PRB	insdc_ingest_user	Automated Ingest from INSDC/NCBI Virus by Loculus	USA	TN	2022-07	2025-02-03	Monkeypox virus					PRJNA849962	SAMN30876719	METAGENOMIC	WGS	RANDOM	ILLUMINA	Illumina NovaSeq 6000	306587	87343386	2022-09-24	SRR21677090
SRR21677005	PP_000UMHP	PP_000UMHP.2	Gigante, C. M.; Ghinai, I.; Zhao, H.; Batra, D.; Hetrick, E. E.; Howard, D. T.; Kovar, L.; Seabolt, M. H.; Weigand, M. R.; Burroughs, M.; Lee, J.; Wilkins, K.; McCollum, A.; Hutson, C.; Davidson, W.; Rao, A.; Kerins, J.; Li, Y.	CDC, DHCPP-PRB	insdc_ingest_user	Automated Ingest from INSDC/NCBI Virus by Loculus	USA	IL	2022-06	2025-02-03	Monkeypox virus					PRJNA849962	SAMN30876703	METAGENOMIC	WGS	RANDOM	ILLUMINA	Illumina NovaSeq 6000	967793	264513784	2022-09-24	SRR21677005
SRR21677081	PP_000UMJM	PP_000UMJM.2	Gigante, C. M.; Thomas, L.; Zhao, H.; Batra, D.; Hetrick, E. E.; Howard, D. T.; Kovar, L.; Seabolt, M. H.; Weigand, M. R.; Burroughs, M.; Lee, J.; Wilkins, K.; McCollum, A.; Hutson, C.; Davidson, W.; Rao, A.; Dunn, J.; Li, Y.	CDC, DHCPP-PRB	insdc_ingest_user	Automated Ingest from INSDC/NCBI Virus by Loculus	USA	TN	2022-07	2025-02-03	Monkeypox virus					PRJNA849962	SAMN30876716	METAGENOMIC	WGS	RANDOM	ILLUMINA	Illumina NovaSeq 6000	924021	243294081	2022-09-24	SRR21677081
SRR21677086	PP_000UMKK	PP_000UMKK.2	Gigante, C. M.; Thomas, L.; Zhao, H.; Batra, D.; Hetrick, E. E.; Howard, D. T.; Kovar, L.; Seabolt, M. H.; Weigand, M. R.; Burroughs, M.; Lee, J.; Wilkins, K.; McCollum, A.; Hutson, C.; Davidson, W.; Rao, A.; Dunn, J.; Li, Y.	CDC, DHCPP-PRB	insdc_ingest_user	Automated Ingest from INSDC/NCBI Virus by Loculus	USA	TN	2022-07	2025-02-03	Monkeypox virus					PRJNA849962	SAMN30876717	METAGENOMIC	WGS	RANDOM	ILLUMINA	Illumina NovaSeq 6000	349492	97371771	2022-09-24	SRR21677086
SRR21677012	PP_000UMLH	PP_000UMLH.2	Gigante, C. M.; Xia, D.; Zhao, H.; Batra, D.; Hetrick, E. E.; Howard, D. T.; Kovar, L.; Seabolt, M. H.; Weigand, M. R.; Burroughs, M.; Lee, J.; Wilkins, K.; McCollum, A.; Hutson, C.; Davidson, W.; Rao, A.; Plipat, N.; Li, Y.	CDC, DHCPP-PRB	insdc_ingest_user	Automated Ingest from INSDC/NCBI Virus by Loculus	USA	PA	2022-07	2025-02-03	Monkeypox virus					PRJNA849962	SAMN30876714	METAGENOMIC	WGS	RANDOM	ILLUMINA	Illumina NovaSeq 6000	145858	36816750	2022-09-24	SRR21677012
SRR21677083	PP_000UMMF	PP_000UMMF.2	Gigante, C. M.; Epie, N.; Zhao, H.; Batra, D.; Hetrick, E. E.; Howard, D. T.; Kovar, L.; Seabolt, M. H.; Weigand, M. R.; Burroughs, M.; Lee, J.; Wilkins, K.; McCollum, A.; Hutson, C.; Davidson, W.; Rao, A.; Perez, T.; Li, Y.	CDC, DHCPP-PRB	insdc_ingest_user	Automated Ingest from INSDC/NCBI Virus by Loculus	USA	SC	2022-07	2025-02-03	Monkeypox virus					PRJNA849962	SAMN30876715	METAGENOMIC	WGS	RANDOM	ILLUMINA	Illumina NovaSeq 6000	2865896	821823758	2022-09-24	SRR21677083
SRR21677003	PP_000UMND	PP_000UMND.2	Gigante, C. M.; Acheampong, E.; Zhao, H.; Batra, D.; Hetrick, E. E.; Howard, D. T.; Kovar, L.; Seabolt, M. H.; Weigand, M. R.; Burroughs, M.; Lee, J.; Wilkins, K.; McCollum, A.; Hutson, C.; Davidson, W.; Rao, A.; McDermott, D.; Li, Y.	CDC, DHCPP-PRB	insdc_ingest_user	Automated Ingest from INSDC/NCBI Virus by Loculus	USA	NJ	2022-07	2025-02-03	Monkeypox virus					PRJNA849962	SAMN30876710	METAGENOMIC	WGS	RANDOM	ILLUMINA	Illumina NovaSeq 6000	51530	12800871	2022-09-24	SRR21677003
SRR21677014	PP_000UMPB	PP_000UMPB.2	Gigante, C. M.; Acheampong, E.; Zhao, H.; Batra, D.; Hetrick, E. E.; Howard, D. T.; Kovar, L.; Seabolt, M. H.; Weigand, M. R.; Burroughs, M.; Lee, J.; Wilkins, K.; McCollum, A.; Hutson, C.; Davidson, W.; Rao, A.; McDermott, D.; Li, Y.	CDC, DHCPP-PRB	insdc_ingest_user	Automated Ingest from INSDC/NCBI Virus by Loculus	USA	NJ	2022-07	2025-02-03	Monkeypox virus					PRJNA849962	SAMN30876711	METAGENOMIC	WGS	RANDOM	ILLUMINA	Illumina NovaSeq 6000	403040	106176752	2022-09-24	SRR21677014
SRR21677089	PP_000UMQ9	PP_000UMQ9.2	Gigante, C. M.; Acheampong, E.; Zhao, H.; Batra, D.; Hetrick, E. E.; Howard, D. T.; Kovar, L.; Seabolt, M. H.; Weigand, M. R.; Burroughs, M.; Lee, J.; Wilkins, K.; McCollum, A.; Hutson, C.; Davidson, W.; Rao, A.; McDermott, D.; Li, Y.	CDC, DHCPP-PRB	insdc_ingest_user	Automated Ingest from INSDC/NCBI Virus by Loculus	USA	NJ	2022-06	2025-02-03	Monkeypox virus					PRJNA849962	SAMN30876709	METAGENOMIC	WGS	RANDOM	ILLUMINA	Illumina NovaSeq 6000	80619	23726967	2022-09-24	SRR21677089
SRR21677013	PP_000UMR7	PP_000UMR7.2	Gigante, C. M.; Pettit, D.; Zhao, H.; Batra, D.; Hetrick, E. E.; Howard, D. T.; Kovar, L.; Seabolt, M. H.; Weigand, M. R.; Burroughs, M.; Lee, J.; Wilkins, K.; McCollum, A.; Hutson, C.; Davidson, W.; Rao, A.; Deutsch-Feldman, M.; Li, Y.	CDC, DHCPP-PRB	insdc_ingest_user	Automated Ingest from INSDC/NCBI Virus by Loculus	USA	NC	2022-07	2025-02-03	Monkeypox virus					PRJNA849962	SAMN30876708	METAGENOMIC	WGS	RANDOM	ILLUMINA	Illumina NovaSeq 6000	203673	58928433	2022-09-24	SRR21677013
SRR21677008	PP_000UMS5	PP_000UMS5.2	Gigante, C. M.; Wang, X.; Zhao, H.; Batra, D.; Hetrick, E. E.; Howard, D. T.; Kovar, L.; Seabolt, M. H.; Weigand, M. R.; Burroughs, M.; Lee, J.; Wilkins, K.; McCollum, A.; Hutson, C.; Davidson, W.; Rao, A.; Ostadkar, R.; Li, Y.	CDC, DHCPP-PRB	insdc_ingest_user	Automated Ingest from INSDC/NCBI Virus by Loculus	USA	MN	2022-07	2025-02-03	Monkeypox virus					PRJNA849962	SAMN30876706	METAGENOMIC	WGS	RANDOM	ILLUMINA	Illumina NovaSeq 6000	39398	10144898	2022-09-24	SRR21677008
SRR21677015	PP_000UMT3	PP_000UMT3.2	Gigante, C. M.; Wang, X.; Zhao, H.; Batra, D.; Hetrick, E. E.; Howard, D. T.; Kovar, L.; Seabolt, M. H.; Weigand, M. R.; Burroughs, M.; Lee, J.; Wilkins, K.; McCollum, A.; Hutson, C.; Davidson, W.; Rao, A.; Ostadkar, R.; Li, Y.	CDC, DHCPP-PRB	insdc_ingest_user	Automated Ingest from INSDC/NCBI Virus by Loculus	USA	MN	2022-06	2025-02-03	Monkeypox virus					PRJNA849962	SAMN30876705	METAGENOMIC	WGS	RANDOM	ILLUMINA	Illumina NovaSeq 6000	110632	31632312	2022-09-24	SRR21677015
SRR21677084	PP_000UMU1	PP_000UMU1.2	Gigante, C. M.; Haydel, D.; Zhao, H.; Batra, D.; Hetrick, E. E.; Howard, D. T.; Kovar, L.; Seabolt, M. H.; Weigand, M. R.; Burroughs, M.; Lee, J.; Wilkins, K.; McCollum, A.; Hutson, C.; Davidson, W.; Rao, A.; Salinas, A.; Li, Y.	CDC, DHCPP-PRB	insdc_ingest_user	Automated Ingest from INSDC/NCBI Virus by Loculus	USA	LA	2022-07	2025-02-03	Monkeypox virus					PRJNA849962	SAMN30876704	METAGENOMIC	WGS	RANDOM	ILLUMINA	Illumina NovaSeq 6000	108126	30115343	2022-09-24	SRR21677084
SRR21676997	PP_000UMVZ	PP_000UMVZ.2	Gigante, C. M.; Pavlick, J.; Zhao, H.; Batra, D.; Hetrick, E. E.; Howard, D. T.; Kovar, L.; Seabolt, M. H.; Weigand, M. R.; Burroughs, M.; Lee, J.; Wilkins, K.; McCollum, A.; Hutson, C.; Davidson, W.; Rao, A.; Parrott, T.; Li, Y.	CDC, DHCPP-PRB	insdc_ingest_user	Automated Ingest from INSDC/NCBI Virus by Loculus	USA	GA	2022-07	2025-02-03	Monkeypox virus					PRJNA849962	SAMN30876702	METAGENOMIC	WGS	RANDOM	ILLUMINA	Illumina NovaSeq 6000	320087	85045670	2022-09-24	SRR21676997
SRR21676996	PP_000UMWX	PP_000UMWX.2	Gigante, C. M.; Pavlick, J.; Zhao, H.; Batra, D.; Hetrick, E. E.; Howard, D. T.; Kovar, L.; Seabolt, M. H.; Weigand, M. R.; Burroughs, M.; Lee, J.; Wilkins, K.; McCollum, A.; Hutson, C.; Davidson, W.; Rao, A.; Parrott, T.; Li, Y.	CDC, DHCPP-PRB	insdc_ingest_user	Automated Ingest from INSDC/NCBI Virus by Loculus	USA	GA	2022-06	2025-02-03	Monkeypox virus					PRJNA849962	SAMN30876701	METAGENOMIC	WGS	RANDOM	ILLUMINA	Illumina NovaSeq 6000	117599	29042751	2022-09-24	SRR21676996
SRR21677077	PP_000UMXV	PP_000UMXV.2	Gigante, C. M.; Pearson, C.; Zhao, H.; Batra, D.; Hetrick, E. E.; Howard, D. T.; Kovar, L.; Seabolt, M. H.; Weigand, M. R.; Burroughs, M.; Lee, J.; Wilkins, K.; McCollum, A.; Hutson, C.; Davidson, W.; Rao, A.; Maloney, M.; Li, Y.	CDC, DHCPP-PRB	insdc_ingest_user	Automated Ingest from INSDC/NCBI Virus by Loculus	USA	CT	2022-07	2025-02-03	Monkeypox virus					PRJNA849962	SAMN30876699	METAGENOMIC	WGS	RANDOM	ILLUMINA	Illumina NovaSeq 6000	481062	139573532	2022-09-24	SRR21677077
SRR21677007	PP_000UMYT	PP_000UMYT.2	Gigante, C. M.; Pearson, C.; Zhao, H.; Batra, D.; Hetrick, E. E.; Howard, D. T.; Kovar, L.; Seabolt, M. H.; Weigand, M. R.; Burroughs, M.; Lee, J.; Wilkins, K.; McCollum, A.; Hutson, C.; Davidson, W.; Rao, A.; Maloney, M.; Li, Y.	CDC, DHCPP-PRB	insdc_ingest_user	Automated Ingest from INSDC/NCBI Virus by Loculus	USA	CT	2022-07	2025-02-03	Monkeypox virus					PRJNA849962	SAMN30876698	METAGENOMIC	WGS	RANDOM	ILLUMINA	Illumina NovaSeq 6000	54424	14740439	2022-09-24	SRR21677007
SRR21677000	PP_000UMZR	PP_000UMZR.2	Gigante, C. M.; Hauser, J. R.; Zhao, H.; Batra, D.; Hetrick, E. E.; Howard, D. T.; Kovar, L.; Seabolt, M. H.; Weigand, M. R.; Burroughs, M.; Lee, J.; Wilkins, K.; McCollum, A.; Hutson, C.; Davidson, W.; Rao, A.; Mangla, A.; Li, Y.	CDC, DHCPP-PRB	insdc_ingest_user	Automated Ingest from INSDC/NCBI Virus by Loculus	USA	DC	2022-06	2025-02-03	Monkeypox virus					PRJNA849962	SAMN30876700	METAGENOMIC	WGS	RANDOM	ILLUMINA	Illumina NovaSeq 6000	217412	60646818	2022-09-24	SRR21677000
SRR21676999	PP_000UN0P	PP_000UN0P.2	Gigante, C. M.; Pearson, C.; Zhao, H.; Batra, D.; Hetrick, E. E.; Howard, D. T.; Kovar, L.; Seabolt, M. H.; Weigand, M. R.; Burroughs, M.; Lee, J.; Wilkins, K.; McCollum, A.; Hutson, C.; Davidson, W.; Rao, A.; Maloney, M.; Li, Y.	CDC, DHCPP-PRB	insdc_ingest_user	Automated Ingest from INSDC/NCBI Virus by Loculus	USA	CT	2022-07	2025-02-03	Monkeypox virus					PRJNA849962	SAMN30876697	METAGENOMIC	WGS	RANDOM	ILLUMINA	Illumina NovaSeq 6000	211179	52535786	2022-09-24	SRR21676999
SRR21676998	PP_000UN1M	PP_000UN1M.2	Gigante, C. M.; Ventura, J.; Zhao, H.; Batra, D.; Hetrick, E. E.; Howard, D. T.; Kovar, L.; Seabolt, M. H.; Weigand, M. R.; Burroughs, M.; Lee, J.; Wilkins, K.; McCollum, A.; Hutson, C.; Davidson, W.; Rao, A.; Nash, J.; Li, Y.	CDC, DHCPP-PRB	insdc_ingest_user	Automated Ingest from INSDC/NCBI Virus by Loculus	USA	CA	2022-06	2025-02-03	Monkeypox virus					PRJNA849962	SAMN30876694	METAGENOMIC	WGS	RANDOM	ILLUMINA	Illumina NovaSeq 6000	54274	12750488	2022-09-24	SRR21676998
SRR21677085	PP_000UN2K	PP_000UN2K.2	Gigante, C. M.; Ventura, J.; Zhao, H.; Batra, D.; Hetrick, E. E.; Howard, D. T.; Kovar, L.; Seabolt, M. H.; Weigand, M. R.; Burroughs, M.; Lee, J.; Wilkins, K.; McCollum, A.; Hutson, C.; Davidson, W.; Rao, A.; Nash, J.; Li, Y.	CDC, DHCPP-PRB	insdc_ingest_user	Automated Ingest from INSDC/NCBI Virus by Loculus	USA	CA	2022-06	2025-02-03	Monkeypox virus					PRJNA849962	SAMN30876696	METAGENOMIC	WGS	RANDOM	ILLUMINA	Illumina NovaSeq 6000	95199	23470304	2022-09-24	SRR21677085
SRR21677006	PP_000UN3H	PP_000UN3H.2	Gigante, C. M.; Ventura, J.; Zhao, H.; Batra, D.; Hetrick, E. E.; Howard, D. T.; Kovar, L.; Seabolt, M. H.; Weigand, M. R.; Burroughs, M.; Lee, J.; Wilkins, K.; McCollum, A.; Hutson, C.; Davidson, W.; Rao, A.; Nash, J.; Li, Y.	CDC, DHCPP-PRB	insdc_ingest_user	Automated Ingest from INSDC/NCBI Virus by Loculus	USA	CA	2022-06	2025-02-03	Monkeypox virus					PRJNA849962	SAMN30876695	METAGENOMIC	WGS	RANDOM	ILLUMINA	Illumina NovaSeq 6000	152462	38609088	2022-09-24	SRR21677006
SRR21677004	PP_000UN4F	PP_000UN4F.2	Gigante, C. M.; Ventura, J.; Zhao, H.; Batra, D.; Hetrick, E. E.; Howard, D. T.; Kovar, L.; Seabolt, M. H.; Weigand, M. R.; Burroughs, M.; Lee, J.; Wilkins, K.; McCollum, A.; Hutson, C.; Davidson, W.; Rao, A.; Nash, J.; Li, Y.	CDC, DHCPP-PRB	insdc_ingest_user	Automated Ingest from INSDC/NCBI Virus by Loculus	USA	CA	2022-06	2025-02-03	Monkeypox virus					PRJNA849962	SAMN30876693	METAGENOMIC	WGS	RANDOM	ILLUMINA	Illumina NovaSeq 6000	177288	39530653	2022-09-24	SRR21677004
SRR21677048	PP_000UN5D	PP_000UN5D.2	Gigante, C. M.; Ventura, J.; Zhao, H.; Batra, D.; Hetrick, E. E.; Howard, D. T.; Kovar, L.; Seabolt, M. H.; Weigand, M. R.; Burroughs, M.; Lee, J.; Wilkins, K.; McCollum, A.; Hutson, C.; Davidson, W.; Rao, A.; Nash, J.; Li, Y.	CDC, DHCPP-PRB	insdc_ingest_user	Automated Ingest from INSDC/NCBI Virus by Loculus	USA	CA	2022-06	2025-02-03	Monkeypox virus					PRJNA849962	SAMN30876692	METAGENOMIC	WGS	RANDOM	ILLUMINA	Illumina NovaSeq 6000	801122	215513241	2022-09-24	SRR21677048
SRR21677076	PP_000UN6B	PP_000UN6B.2	Gigante, C. M.; Pavlick, J.; Zhao, H.; Batra, D.; Hetrick, E. E.; Howard, D. T.; Kovar, L.; Seabolt, M. H.; Weigand, M. R.; Burroughs, M.; Lee, J.; Wilkins, K.; McCollum, A.; Hutson, C.; Davidson, W.; Rao, A.; Parrott, T.; Li, Y.	CDC, DHCPP-PRB	insdc_ingest_user	Automated Ingest from INSDC/NCBI Virus by Loculus	USA	GA	2022-06	2025-02-03	Monkeypox virus					PRJNA849962	SAMN30890599	METAGENOMIC	WGS	RANDOM	ILLUMINA	Illumina NovaSeq 6000	676823	188568056	2022-09-24	SRR21677076
SRR21684498	PP_000URYP	PP_000URYP.2	Gigante, C. M.; Plumb, M.; Ruprecht, A.; Zhao, H.; Wicker, V.; Wilkins, K.; Matheny, A.; Khan, T.; Davidson, W.; Sheth, M.; Burgin, A.; Burroughs, M.; Padilla, J.; Lee, J. S.; Batra, D.; Hetrick, E. E.; Howard, D. T.; Garfin, J.; Tate, L.; Hubsmith, S. J.; Mendoza, R. M.; Stanek, D.; Gillani, S.; Lee, M.; Mangla, A.; Blythe, D.; SierraPatev, S.; Carpenter-Azevedo, K.; Huard, R. C.; Gallagher, G.; Hall, J.; Ash, S.; Kovar, L.; Seabolt, M. H.; Weigand, M. R.; Damon, I.; Satheshkumar, P. S.; McCollum, A. M.; Hutson, C. L.; Wang, X.; Li, Y.; Ruiz, V.; Lee, J.; McCollum, A.; Hutson, C.; Rao, A.; Wang, J.	CDC, DHCPP-PRB	insdc_ingest_user	Automated Ingest from INSDC/NCBI Virus by Loculus	USA	NY	2022-08	2025-02-03	Monkeypox virus					PRJNA849962	SAMN30985734	METAGENOMIC	WGS	RANDOM	ILLUMINA	Illumina NovaSeq 6000	11742	3359299	2022-09-24	SRR21684498
SRR21683344	PP_000URZM	PP_000URZM.2	Gigante, C. M.; Plumb, M.; Ruprecht, A.; Zhao, H.; Wicker, V.; Wilkins, K.; Matheny, A.; Khan, T.; Davidson, W.; Sheth, M.; Burgin, A.; Burroughs, M.; Padilla, J.; Lee, J. S.; Batra, D.; Hetrick, E. E.; Howard, D. T.; Garfin, J.; Tate, L.; Hubsmith, S. J.; Mendoza, R. M.; Stanek, D.; Gillani, S.; Lee, M.; Mangla, A.; Blythe, D.; SierraPatev, S.; Carpenter-Azevedo, K.; Huard, R. C.; Gallagher, G.; Hall, J.; Ash, S.; Kovar, L.; Seabolt, M. H.; Weigand, M. R.; Damon, I.; Satheshkumar, P. S.; McCollum, A. M.; Hutson, C. L.; Wang, X.; Li, Y.	CDC, DHCPP-PRB	insdc_ingest_user	Automated Ingest from INSDC/NCBI Virus by Loculus	USA	MN	2022-06	2025-02-03	Monkeypox virus					PRJNA849962	SAMN30975193	METAGENOMIC	WGS	RANDOM	ILLUMINA	Illumina NovaSeq 6000	638534	154633795	2022-09-24	SRR21683344
SRR21683345	PP_000US0K	PP_000US0K.2	Gigante, C. M.; Plumb, M.; Ruprecht, A.; Zhao, H.; Wicker, V.; Wilkins, K.; Matheny, A.; Khan, T.; Davidson, W.; Sheth, M.; Burgin, A.; Burroughs, M.; Padilla, J.; Lee, J. S.; Batra, D.; Hetrick, E. E.; Howard, D. T.; Garfin, J.; Tate, L.; Hubsmith, S. J.; Mendoza, R. M.; Stanek, D.; Gillani, S.; Lee, M.; Mangla, A.; Blythe, D.; SierraPatev, S.; Carpenter-Azevedo, K.; Huard, R. C.; Gallagher, G.; Hall, J.; Ash, S.; Kovar, L.; Seabolt, M. H.; Weigand, M. R.; Damon, I.; Satheshkumar, P. S.; McCollum, A. M.; Hutson, C. L.; Wang, X.; Li, Y.	CDC, DHCPP-PRB	insdc_ingest_user	Automated Ingest from INSDC/NCBI Virus by Loculus	USA	FL	2022-06	2025-02-03	Monkeypox virus					PRJNA849962	SAMN30975189	METAGENOMIC	WGS	RANDOM	ILLUMINA	Illumina NovaSeq 6000	57246	16307287	2022-09-24	SRR21683345
SRR21683343	PP_000US1H	PP_000US1H.2	Gigante, C. M.; Plumb, M.; Ruprecht, A.; Zhao, H.; Wicker, V.; Wilkins, K.; Matheny, A.; Khan, T.; Davidson, W.; Sheth, M.; Burgin, A.; Burroughs, M.; Padilla, J.; Lee, J. S.; Batra, D.; Hetrick, E. E.; Howard, D. T.; Garfin, J.; Tate, L.; Hubsmith, S. J.; Mendoza, R. M.; Stanek, D.; Gillani, S.; Lee, M.; Mangla, A.; Blythe, D.; SierraPatev, S.; Carpenter-Azevedo, K.; Huard, R. C.; Gallagher, G.; Hall, J.; Ash, S.; Kovar, L.; Seabolt, M. H.; Weigand, M. R.; Damon, I.; Satheshkumar, P. S.; McCollum, A. M.; Hutson, C. L.; Wang, X.; Li, Y.	CDC, DHCPP-PRB	insdc_ingest_user	Automated Ingest from INSDC/NCBI Virus by Loculus	USA	FL	2022-07	2025-02-03	Monkeypox virus					PRJNA849962	SAMN30975190	METAGENOMIC	WGS	RANDOM	ILLUMINA	Illumina NovaSeq 6000	695372	195476712	2022-09-24	SRR21683343
SRR21683341	PP_000US2F	PP_000US2F.2	Gigante, C. M.; Plumb, M.; Ruprecht, A.; Zhao, H.; Wicker, V.; Wilkins, K.; Matheny, A.; Khan, T.; Davidson, W.; Sheth, M.; Burgin, A.; Burroughs, M.; Padilla, J.; Lee, J. S.; Batra, D.; Hetrick, E. E.; Howard, D. T.; Garfin, J.; Tate, L.; Hubsmith, S. J.; Mendoza, R. M.; Stanek, D.; Gillani, S.; Lee, M.; Mangla, A.; Blythe, D.; SierraPatev, S.; Carpenter-Azevedo, K.; Huard, R. C.; Gallagher, G.; Hall, J.; Ash, S.; Kovar, L.; Seabolt, M. H.; Weigand, M. R.; Damon, I.; Satheshkumar, P. S.; McCollum, A. M.; Hutson, C. L.; Wang, X.; Li, Y.	CDC, DHCPP-PRB	insdc_ingest_user	Automated Ingest from INSDC/NCBI Virus by Loculus	USA	MD	2022-06	2025-02-03	Monkeypox virus					PRJNA849962	SAMN30975192	METAGENOMIC	WGS	RANDOM	ILLUMINA	Illumina NovaSeq 6000	288743	80301472	2022-09-24	SRR21683341
SRR21711219	PP_000US3D	PP_000US3D.2	Gigante, C. M.; Plumb, M.; Ruprecht, A.; Zhao, H.; Wicker, V.; Wilkins, K.; Matheny, A.; Khan, T.; Davidson, W.; Sheth, M.; Burgin, A.; Burroughs, M.; Padilla, J.; Lee, J. S.; Batra, D.; Hetrick, E. E.; Howard, D. T.; Garfin, J.; Tate, L.; Hubsmith, S. J.; Mendoza, R. M.; Stanek, D.; Gillani, S.; Lee, M.; Mangla, A.; Blythe, D.; SierraPatev, S.; Carpenter-Azevedo, K.; Huard, R. C.; Gallagher, G.; Hall, J.; Ash, S.; Kovar, L.; Seabolt, M. H.; Weigand, M. R.; Damon, I.; Satheshkumar, P. S.; McCollum, A. M.; Hutson, C. L.; Wang, X.; Li, Y.	CDC, DHCPP-PRB	insdc_ingest_user	Automated Ingest from INSDC/NCBI Virus by Loculus	USA	RI	2022-06	2025-02-03	Monkeypox virus					PRJNA849962	SAMN30975194	METAGENOMIC	WGS	RANDOM	ILLUMINA	Illumina MiSeq	128830	76687661	2022-09-27	SRR21711219
SRR21683342	PP_000US4B	PP_000US4B.2	Gigante, C. M.; Plumb, M.; Ruprecht, A.; Zhao, H.; Wicker, V.; Wilkins, K.; Matheny, A.; Khan, T.; Davidson, W.; Sheth, M.; Burgin, A.; Burroughs, M.; Padilla, J.; Lee, J. S.; Batra, D.; Hetrick, E. E.; Howard, D. T.; Garfin, J.; Tate, L.; Hubsmith, S. J.; Mendoza, R. M.; Stanek, D.; Gillani, S.; Lee, M.; Mangla, A.; Blythe, D.; SierraPatev, S.; Carpenter-Azevedo, K.; Huard, R. C.; Gallagher, G.; Hall, J.; Ash, S.; Kovar, L.; Seabolt, M. H.; Weigand, M. R.; Damon, I.; Satheshkumar, P. S.; McCollum, A. M.; Hutson, C. L.; Wang, X.; Li, Y.	CDC, DHCPP-PRB	insdc_ingest_user	Automated Ingest from INSDC/NCBI Virus by Loculus	USA	FL	2022-06	2025-02-03	Monkeypox virus					PRJNA849962	SAMN30975188	METAGENOMIC	WGS	RANDOM	ILLUMINA	Illumina NovaSeq 6000	55837	14289824	2022-09-24	SRR21683342
SRR21683627	PP_000US59	PP_000US59.2	Gigante, C. M.; Plumb, M.; Ruprecht, A.; Zhao, H.; Wicker, V.; Wilkins, K.; Matheny, A.; Khan, T.; Davidson, W.; Sheth, M.; Burgin, A.; Burroughs, M.; Padilla, J.; Lee, J. S.; Batra, D.; Hetrick, E. E.; Howard, D. T.; Garfin, J.; Tate, L.; Hubsmith, S. J.; Mendoza, R. M.; Stanek, D.; Gillani, S.; Lee, M.; Mangla, A.; Blythe, D.; SierraPatev, S.; Carpenter-Azevedo, K.; Huard, R. C.; Gallagher, G.; Hall, J.; Ash, S.; Kovar, L.; Seabolt, M. H.; Weigand, M. R.; Damon, I.; Satheshkumar, P. S.; McCollum, A. M.; Hutson, C. L.; Wang, X.; Li, Y.	CDC, DHCPP-PRB	insdc_ingest_user	Automated Ingest from INSDC/NCBI Virus by Loculus	USA	DC	2022-06	2025-02-03	Monkeypox virus					PRJNA849962	SAMN30983803	METAGENOMIC	WGS	RANDOM	ILLUMINA	Illumina NovaSeq 6000	687054	192272432	2022-09-24	SRR21683627
SRR21755544	PP_000V8X6	PP_000V8X6.2	Fries, A.	US Air Force, USAFSAM	insdc_ingest_user	Automated Ingest from INSDC/NCBI Virus by Loculus	USA	Alabama	2022-09-06	2025-02-03	Monkeypox virus					PRJNA885468	SAMN31095484	VIRAL RNA	AMPLICON	PCR	ILLUMINA	NextSeq 550	3227181	802139862	2022-09-30	SRR21755544
SRR21755543	PP_000V8Y4	PP_000V8Y4.2	Fries, A.	US Air Force, USAFSAM	insdc_ingest_user	Automated Ingest from INSDC/NCBI Virus by Loculus	USA	Alabama	2022-09-06	2025-02-03	Monkeypox virus					PRJNA885468	SAMN31095485	VIRAL RNA	AMPLICON	PCR	ILLUMINA	NextSeq 550	3159855	785577186	2022-09-30	SRR21755543
SRR21755542	PP_000V8Z2	PP_000V8Z2.2	Fries, A.	US Air Force, USAFSAM	insdc_ingest_user	Automated Ingest from INSDC/NCBI Virus by Loculus	USA	Massachusetts	2022-09-13	2025-02-03	Monkeypox virus					PRJNA885468	SAMN31095486	VIRAL RNA	AMPLICON	PCR	ILLUMINA	NextSeq 550	728354	190008687	2022-10-04	SRR21755542
SRR21839013	PP_000V900	PP_000V900.2	Gigante, C. M.; Vang, K.; Zhao, H.; Batra, D.; Hetrick, E. E.; Howard, D. T.; Kovar, L.; Seabolt, M. H.; Weigand, M. R.; Burroughs, M.; Lee, J.; Wilkins, K.; McCollum, A.; Hutson, C.; Davidson, W.; Rao, A.; Seely, K.; Li, Y.	CDC, DHCPP-PRB	insdc_ingest_user	Automated Ingest from INSDC/NCBI Virus by Loculus	USA	AR	2022-07	2025-02-03	Monkeypox virus					PRJNA849962	SAMN31208427	METAGENOMIC	WGS	RANDOM	ILLUMINA	Illumina NovaSeq 6000	1298203	372097328	2022-10-08	SRR21839013
SRR21839012	PP_000V91Y	PP_000V91Y.2	Gigante, C. M.; Segaloff, H.; Zhao, H.; Batra, D.; Hetrick, E. E.; Howard, D. T.; Kovar, L.; Seabolt, M. H.; Weigand, M. R.; Burroughs, M.; Lee, J.; Wilkins, K.; McCollum, A.; Hutson, C.; Davidson, W.; Rao, A.; Florek, K.; Li, Y.	CDC, DHCPP-PRB	insdc_ingest_user	Automated Ingest from INSDC/NCBI Virus by Loculus	USA	WI	2022-07	2025-02-03	Monkeypox virus					PRJNA849962	SAMN31208430	METAGENOMIC	WGS	RANDOM	ILLUMINA	Illumina NovaSeq 6000	24174	6580982	2022-10-08	SRR21839012
SRR21839010	PP_000V92W	PP_000V92W.2	Gigante, C. M.; Pavlick, J.; Zhao, H.; Batra, D.; Hetrick, E. E.; Howard, D. T.; Kovar, L.; Seabolt, M. H.; Weigand, M. R.; Burroughs, M.; Lee, J.; Wilkins, K.; McCollum, A.; Hutson, C.; Davidson, W.; Rao, A.; Parrott, T.; Li, Y.	CDC, DHCPP-PRB	insdc_ingest_user	Automated Ingest from INSDC/NCBI Virus by Loculus	USA	GA	2022-07	2025-02-03	Monkeypox virus					PRJNA849962	SAMN31208428	METAGENOMIC	WGS	RANDOM	ILLUMINA	Illumina NovaSeq 6000	25215	7299657	2022-10-08	SRR21839010
SRR21839011	PP_000V93U	PP_000V93U.2	Gigante, C. M.; Plumb, M.; Ruprecht, A.; Zhao, H.; Wicker, V.; Wilkins, K.; Matheny, A.; Khan, T.; Davidson, W.; Sheth, M.; Burgin, A.; Burroughs, M.; Padilla, J.; Lee, J. S.; Batra, D.; Hetrick, E. E.; Howard, D. T.; Garfin, J.; Tate, L.; Hubsmith, S. J.; Mendoza, R. M.; Stanek, D.; Gillani, S.; Lee, M.; Mangla, A.; Blythe, D.; SierraPatev, S.; Carpenter-Azevedo, K.; Huard, R. C.; Gallagher, G.; Hall, J.; Ash, S.; Kovar, L.; Seabolt, M. H.; Weigand, M. R.; Damon, I.; Satheshkumar, P. S.; McCollum, A. M.; Hutson, C. L.; Wang, X.; Li, Y.	CDC, DHCPP-PRB	insdc_ingest_user	Automated Ingest from INSDC/NCBI Virus by Loculus	USA	MN	2022-07	2025-02-03	Monkeypox virus					PRJNA849962	SAMN31208429	METAGENOMIC	WGS	RANDOM	ILLUMINA	Illumina NovaSeq 6000	24190	6877045	2022-10-08	SRR21839011
SRR21837773	PP_000V94S	PP_000V94S.2	Gigante, C. M.; Epie, N.; Zhao, H.; Batra, D.; Hetrick, E. E.; Howard, D. T.; Kovar, L.; Seabolt, M. H.; Weigand, M. R.; Burroughs, M.; Lee, J.; Wilkins, K.; McCollum, A.; Hutson, C.; Davidson, W.; Rao, A.; Perez, T.; Li, Y.	CDC, DHCPP-PRB	insdc_ingest_user	Automated Ingest from INSDC/NCBI Virus by Loculus	USA	SC	2022-07	2025-02-03	Monkeypox virus					PRJNA849962	SAMN31207385	METAGENOMIC	WGS	RANDOM	ILLUMINA	Illumina NovaSeq 6000	109874	28771349	2022-10-08	SRR21837773
SRR21837779	PP_000V95Q	PP_000V95Q.2	Gigante, C. M.; Acheampong, E.; Zhao, H.; Batra, D.; Hetrick, E. E.; Howard, D. T.; Kovar, L.; Seabolt, M. H.; Weigand, M. R.; Burroughs, M.; Lee, J.; Wilkins, K.; McCollum, A.; Hutson, C.; Davidson, W.; Rao, A.; McDermott, D.; Li, Y.	CDC, DHCPP-PRB	insdc_ingest_user	Automated Ingest from INSDC/NCBI Virus by Loculus	USA	NJ	2022-07	2025-02-03	Monkeypox virus					PRJNA849962	SAMN31207380	METAGENOMIC	WGS	RANDOM	ILLUMINA	Illumina NovaSeq 6000	1063238	274157822	2022-10-08	SRR21837779
SRR21837776	PP_000V96N	PP_000V96N.2	Gigante, C. M.; Xia, D.; Zhao, H.; Batra, D.; Hetrick, E. E.; Howard, D. T.; Kovar, L.; Seabolt, M. H.; Weigand, M. R.; Burroughs, M.; Lee, J.; Wilkins, K.; McCollum, A.; Hutson, C.; Davidson, W.; Rao, A.; Plipat, N.; Li, Y.	CDC, DHCPP-PRB	insdc_ingest_user	Automated Ingest from INSDC/NCBI Virus by Loculus	USA	PA	2022-06	2025-02-03	Monkeypox virus					PRJNA849962	SAMN31207384	METAGENOMIC	WGS	RANDOM	ILLUMINA	Illumina NovaSeq 6000	337364	85137124	2022-10-08	SRR21837776
SRR21837781	PP_000V97L	PP_000V97L.2	Gigante, C. M.; Ruiz, V.; Zhao, H.; Batra, D.; Hetrick, E. E.; Howard, D. T.; Kovar, L.; Seabolt, M. H.; Weigand, M. R.; Burroughs, M.; Lee, J.; Wilkins, K.; McCollum, A.; Hutson, C.; Davidson, W.; Rao, A.; Wang, J.; Li, Y.	CDC, DHCPP-PRB	insdc_ingest_user	Automated Ingest from INSDC/NCBI Virus by Loculus	USA	NY	2022-07	2025-02-03	Monkeypox virus					PRJNA849962	SAMN31207382	METAGENOMIC	WGS	RANDOM	ILLUMINA	Illumina NovaSeq 6000	1561377	416952118	2022-10-08	SRR21837781
SRR21837772	PP_000V98J	PP_000V98J.2	Gigante, C. M.; Francis, D.; Zhao, H.; Batra, D.; Hetrick, E. E.; Howard, D. T.; Kovar, L.; Seabolt, M. H.; Weigand, M. R.; Burroughs, M.; Lee, J.; Wilkins, K.; McCollum, A.; Hutson, C.; Davidson, W.; Rao, A.; Escobar, J.; Li, Y.	CDC, DHCPP-PRB	insdc_ingest_user	Automated Ingest from INSDC/NCBI Virus by Loculus	USA	AZ	2022-07	2025-02-03	Monkeypox virus					PRJNA849962	SAMN31207375	METAGENOMIC	WGS	RANDOM	ILLUMINA	Illumina NovaSeq 6000	269259	70172120	2022-10-08	SRR21837772
SRR21837774	PP_000V99G	PP_000V99G.2	Gigante, C. M.; Johnson, S.; Zhao, H.; Batra, D.; Hetrick, E. E.; Howard, D. T.; Kovar, L.; Seabolt, M. H.; Weigand, M. R.; Burroughs, M.; Lee, J.; Wilkins, K.; McCollum, A.; Hutson, C.; Davidson, W.; Rao, A.; Riner, D.; Li, Y.	CDC, DHCPP-PRB	insdc_ingest_user	Automated Ingest from INSDC/NCBI Virus by Loculus	USA	MI	2022-07	2025-02-03	Monkeypox virus					PRJNA849962	SAMN31207379	METAGENOMIC	WGS	RANDOM	ILLUMINA	Illumina NovaSeq 6000	225526	64586831	2022-10-08	SRR21837774
SRR21837775	PP_000V9AE	PP_000V9AE.2	Gigante, C. M.; Culbertson, M.; Zhao, H.; Batra, D.; Hetrick, E. E.; Howard, D. T.; Kovar, L.; Seabolt, M. H.; Weigand, M. R.; Burroughs, M.; Lee, J.; Wilkins, K.; McCollum, A.; Hutson, C.; Davidson, W.; Rao, A.; Pope, B.; Li, Y.	CDC, DHCPP-PRB	insdc_ingest_user	Automated Ingest from INSDC/NCBI Virus by Loculus	USA	IN	2022-06	2025-02-03	Monkeypox virus					PRJNA849962	SAMN31207377	METAGENOMIC	WGS	RANDOM	ILLUMINA	Illumina NovaSeq 6000	441070	112228639	2022-10-08	SRR21837775
SRR21837771	PP_000V9BC	PP_000V9BC.2	Gigante, C. M.; Ventura, J.; Zhao, H.; Batra, D.; Hetrick, E. E.; Howard, D. T.; Kovar, L.; Seabolt, M. H.; Weigand, M. R.; Burroughs, M.; Lee, J.; Wilkins, K.; McCollum, A.; Hutson, C.; Davidson, W.; Rao, A.; Nash, J.; Li, Y.	CDC, DHCPP-PRB	insdc_ingest_user	Automated Ingest from INSDC/NCBI Virus by Loculus	USA	CA	2022-07	2025-02-03	Monkeypox virus					PRJNA849962	SAMN31207376	METAGENOMIC	WGS	RANDOM	ILLUMINA	Illumina NovaSeq 6000	200291	57047440	2022-10-08	SRR21837771
SRR21773041	PP_000V9CA	PP_000V9CA.2	Gigante, C. M.; Francis, D.; Zhao, H.; Batra, D.; Hetrick, E. E.; Howard, D. T.; Kovar, L.; Seabolt, M. H.; Weigand, M. R.; Burroughs, M.; Lee, J.; Wilkins, K.; McCollum, A.; Hutson, C.; Davidson, W.; Rao, A.; Escobar, J.; Li, Y.	CDC, DHCPP-PRB	insdc_ingest_user	Automated Ingest from INSDC/NCBI Virus by Loculus	USA	AZ	2022-07	2025-02-03	Monkeypox virus					PRJNA849962	SAMN31111950	METAGENOMIC	WGS	RANDOM	ILLUMINA	Illumina NovaSeq 6000	472187	130565428	2022-10-01	SRR21773041
SRR21773044	PP_000V9D8	PP_000V9D8.2	Gigante, C. M.; Ruiz, V.; Zhao, H.; Batra, D.; Hetrick, E. E.; Howard, D. T.; Kovar, L.; Seabolt, M. H.; Weigand, M. R.; Burroughs, M.; Lee, J.; Wilkins, K.; McCollum, A.; Hutson, C.; Davidson, W.; Rao, A.; Wang, J.; Li, Y.	CDC, DHCPP-PRB	insdc_ingest_user	Automated Ingest from INSDC/NCBI Virus by Loculus	USA	NY	2022-07	2025-02-03	Monkeypox virus					PRJNA849962	SAMN31111955	METAGENOMIC	WGS	RANDOM	ILLUMINA	Illumina NovaSeq 6000	207298	54972157	2022-10-01	SRR21773044
SRR21773040	PP_000V9E6	PP_000V9E6.2	Gigante, C. M.; Pavlick, J.; Zhao, H.; Batra, D.; Hetrick, E. E.; Howard, D. T.; Kovar, L.; Seabolt, M. H.; Weigand, M. R.; Burroughs, M.; Lee, J.; Wilkins, K.; McCollum, A.; Hutson, C.; Davidson, W.; Rao, A.; Parrott, T.; Li, Y.	CDC, DHCPP-PRB	insdc_ingest_user	Automated Ingest from INSDC/NCBI Virus by Loculus	USA	GA	2022-07	2025-02-03	Monkeypox virus					PRJNA849962	SAMN31111954	METAGENOMIC	WGS	RANDOM	ILLUMINA	Illumina NovaSeq 6000	72834	21827258	2022-10-01	SRR21773040
SRR21773039	PP_000V9F4	PP_000V9F4.2	Gigante, C. M.; Ventura, J.; Zhao, H.; Batra, D.; Hetrick, E. E.; Howard, D. T.; Kovar, L.; Seabolt, M. H.; Weigand, M. R.; Burroughs, M.; Lee, J.; Wilkins, K.; McCollum, A.; Hutson, C.; Davidson, W.; Rao, A.; Nash, J.; Li, Y.	CDC, DHCPP-PRB	insdc_ingest_user	Automated Ingest from INSDC/NCBI Virus by Loculus	USA	CA	2022-06	2025-02-03	Monkeypox virus					PRJNA849962	SAMN31111952	METAGENOMIC	WGS	RANDOM	ILLUMINA	Illumina NovaSeq 6000	57803	17280370	2022-10-01	SRR21773039
SRR21773042	PP_000V9G2	PP_000V9G2.2	Gigante, C. M.; Ventura, J.; Zhao, H.; Batra, D.; Hetrick, E. E.; Howard, D. T.; Kovar, L.; Seabolt, M. H.; Weigand, M. R.; Burroughs, M.; Lee, J.; Wilkins, K.; McCollum, A.; Hutson, C.; Davidson, W.; Rao, A.; Nash, J.; Li, Y.	CDC, DHCPP-PRB	insdc_ingest_user	Automated Ingest from INSDC/NCBI Virus by Loculus	USA	CA	2022-06	2025-02-03	Monkeypox virus					PRJNA849962	SAMN31111953	METAGENOMIC	WGS	RANDOM	ILLUMINA	Illumina NovaSeq 6000	47597	14187350	2022-10-01	SRR21773042
SRR21773043	PP_000V9HZ	PP_000V9HZ.2	Gigante, C. M.; Ventura, J.; Zhao, H.; Batra, D.; Hetrick, E. E.; Howard, D. T.; Kovar, L.; Seabolt, M. H.; Weigand, M. R.; Burroughs, M.; Lee, J.; Wilkins, K.; McCollum, A.; Hutson, C.; Davidson, W.; Rao, A.; Nash, J.; Li, Y.	CDC, DHCPP-PRB	insdc_ingest_user	Automated Ingest from INSDC/NCBI Virus by Loculus	USA	CA	2022-06	2025-02-03	Monkeypox virus					PRJNA849962	SAMN31111951	METAGENOMIC	WGS	RANDOM	ILLUMINA	Illumina NovaSeq 6000	59185	16307075	2022-10-01	SRR21773043
SRR21851078	PP_000V9JX	PP_000V9JX.2	Gigante, C. M.; Carlson, C.; Zhao, H.; Batra, D.; Hetrick, E. E.; Howard, D. T.; Kovar, L.; Seabolt, M. H.; Knipe, K.; Burroughs, S.; Lee, J.; Wilkins, K.; McCollum, A.; Hutson, C.; Davidson, W.; Rao, A.; Southern, T.; Li, Y.	CDC, DHCPP-PRB	insdc_ingest_user	Automated Ingest from INSDC/NCBI Virus by Loculus	USA	SD	2022-07	2025-02-03	Monkeypox virus					PRJNA849962	SAMN31228354	METAGENOMIC	WGS	RANDOM	ILLUMINA	Illumina NovaSeq 6000	41767	12423374	2022-10-11	SRR21851078
SRR21851110	PP_000V9KV	PP_000V9KV.2	Gigante, C. M.; Murray, J.; Zhao, H.; Batra, D.; Hetrick, E. E.; Howard, D. T.; Kovar, L.; Seabolt, M. H.; Knipe, K.; Burroughs, S.; Lee, J.; Wilkins, K.; McCollum, A.; Hutson, C.; Davidson, W.; Rao, A.; Atkinson, A.; Li, Y.	CDC, DHCPP-PRB	insdc_ingest_user	Automated Ingest from INSDC/NCBI Virus by Loculus	USA	UT	2022-07	2025-02-03	Monkeypox virus					PRJNA849962	SAMN31228356	METAGENOMIC	WGS	RANDOM	ILLUMINA	Illumina NovaSeq 6000	317159	86279783	2022-10-11	SRR21851110
SRR21851093	PP_000V9LT	PP_000V9LT.2	Gigante, C. M.; Kubin, G.; Zhao, H.; Batra, D.; Hetrick, E. E.; Howard, D. T.; Kovar, L.; Seabolt, M. H.; Knipe, K.; Burroughs, S.; Lee, J.; Wilkins, K.; McCollum, A.; Hutson, C.; Davidson, W.; Rao, A.; White, S. L.; Li, Y.	CDC, DHCPP-PRB	insdc_ingest_user	Automated Ingest from INSDC/NCBI Virus by Loculus	USA	TX	2022-07	2025-02-03	Monkeypox virus					PRJNA849962	SAMN31228355	METAGENOMIC	WGS	RANDOM	ILLUMINA	Illumina NovaSeq 6000	32859	9552755	2022-10-11	SRR21851093
SRR21851075	PP_000V9MR	PP_000V9MR.2	Gigante, C. M.; Xia, D.; Zhao, H.; Batra, D.; Hetrick, E. E.; Howard, D. T.; Kovar, L.; Seabolt, M. H.; Knipe, K.; Burroughs, S.; Lee, J.; Wilkins, K.; McCollum, A.; Hutson, C.; Davidson, W.; Rao, A.; Plipat, N.; Li, Y.	CDC, DHCPP-PRB	insdc_ingest_user	Automated Ingest from INSDC/NCBI Virus by Loculus	USA	PA	2022-06	2025-02-03	Monkeypox virus					PRJNA849962	SAMN31228352	METAGENOMIC	WGS	RANDOM	ILLUMINA	Illumina NovaSeq 6000	32734	9190981	2022-10-11	SRR21851075
SRR21851083	PP_000V9NP	PP_000V9NP.2	Gigante, C. M.; Pettit, D.; Zhao, H.; Batra, D.; Hetrick, E. E.; Howard, D. T.; Kovar, L.; Seabolt, M. H.; Knipe, K.; Burroughs, S.; Lee, J.; Wilkins, K.; McCollum, A.; Hutson, C.; Davidson, W.; Rao, A.; Deutsch-Feldman, M.; Li, Y.	CDC, DHCPP-PRB	insdc_ingest_user	Automated Ingest from INSDC/NCBI Virus by Loculus	USA	NC	2022-07	2025-02-03	Monkeypox virus					PRJNA849962	SAMN31228348	METAGENOMIC	WGS	RANDOM	ILLUMINA	Illumina NovaSeq 6000	268806	80136904	2022-10-11	SRR21851083
SRR21851080	PP_000V9PM	PP_000V9PM.2	Gigante, C. M.; Buttery, E.; Zhao, H.; Batra, D.; Hetrick, E. E.; Howard, D. T.; Kovar, L.; Seabolt, M. H.; Knipe, K.; Burroughs, S.; Lee, J.; Wilkins, K.; McCollum, A.; Hutson, C.; Davidson, W.; Rao, A.; Raman, D.; Li, Y.	CDC, DHCPP-PRB	insdc_ingest_user	Automated Ingest from INSDC/NCBI Virus by Loculus	USA	NV	2022-07	2025-02-03	Monkeypox virus					PRJNA849962	SAMN31228351	METAGENOMIC	WGS	RANDOM	ILLUMINA	Illumina NovaSeq 6000	126275	31046357	2022-10-11	SRR21851080
SRR21851092	PP_000V9QK	PP_000V9QK.2	Gigante, C. M.; Acheampong, E.; Zhao, H.; Batra, D.; Hetrick, E. E.; Howard, D. T.; Kovar, L.; Seabolt, M. H.; Knipe, K.; Burroughs, S.; Lee, J.; Wilkins, K.; McCollum, A.; Hutson, C.; Davidson, W.; Rao, A.; McDermott, D.; Li, Y.	CDC, DHCPP-PRB	insdc_ingest_user	Automated Ingest from INSDC/NCBI Virus by Loculus	USA	NJ	2022-07	2025-02-03	Monkeypox virus					PRJNA849962	SAMN31228349	METAGENOMIC	WGS	RANDOM	ILLUMINA	Illumina NovaSeq 6000	74160	22039716	2022-10-11	SRR21851092
SRR21851084	PP_000V9RH	PP_000V9RH.2	Gigante, C. M.; Pettit, D.; Zhao, H.; Batra, D.; Hetrick, E. E.; Howard, D. T.; Kovar, L.; Seabolt, M. H.; Knipe, K.; Burroughs, S.; Lee, J.; Wilkins, K.; McCollum, A.; Hutson, C.; Davidson, W.; Rao, A.; Deutsch-Feldman, M.; Li, Y.	CDC, DHCPP-PRB	insdc_ingest_user	Automated Ingest from INSDC/NCBI Virus by Loculus	USA	NC	2022-07	2025-02-03	Monkeypox virus					PRJNA849962	SAMN31228347	METAGENOMIC	WGS	RANDOM	ILLUMINA	Illumina NovaSeq 6000	119171	30355800	2022-10-11	SRR21851084
SRR21851073	PP_000V9SF	PP_000V9SF.2	Gigante, C. M.; Myers, R.; Zhao, H.; Batra, D.; Hetrick, E. E.; Howard, D. T.; Kovar, L.; Seabolt, M. H.; Knipe, K.; Burroughs, S.; Lee, J.; Wilkins, K.; McCollum, A.; Hutson, C.; Davidson, W.; Rao, A.; Blythe, D.; Li, Y.	CDC, DHCPP-PRB	insdc_ingest_user	Automated Ingest from INSDC/NCBI Virus by Loculus	USA	MD	2022-06	2025-02-03	Monkeypox virus					PRJNA849962	SAMN31228344	METAGENOMIC	WGS	RANDOM	ILLUMINA	Illumina NovaSeq 6000	533581	154426668	2022-10-11	SRR21851073
SRR21851079	PP_000V9TD	PP_000V9TD.2	Gigante, C. M.; Myers, R.; Zhao, H.; Batra, D.; Hetrick, E. E.; Howard, D. T.; Kovar, L.; Seabolt, M. H.; Knipe, K.; Burroughs, S.; Lee, J.; Wilkins, K.; McCollum, A.; Hutson, C.; Davidson, W.; Rao, A.; Blythe, D.; Li, Y.	CDC, DHCPP-PRB	insdc_ingest_user	Automated Ingest from INSDC/NCBI Virus by Loculus	USA	MD	2022-06	2025-02-03	Monkeypox virus					PRJNA849962	SAMN31228345	METAGENOMIC	WGS	RANDOM	ILLUMINA	Illumina NovaSeq 6000	62163	25821204	2022-10-11	SRR21851079
SRR21851089	PP_000V9UB	PP_000V9UB.2	Gigante, C. M.; Pavlick, J.; Zhao, H.; Batra, D.; Hetrick, E. E.; Howard, D. T.; Kovar, L.; Seabolt, M. H.; Knipe, K.; Burroughs, S.; Lee, J.; Wilkins, K.; McCollum, A.; Hutson, C.; Davidson, W.; Rao, A.; Parrott, T.; Li, Y.	CDC, DHCPP-PRB	insdc_ingest_user	Automated Ingest from INSDC/NCBI Virus by Loculus	USA	GA	2022-06	2025-02-03	Monkeypox virus					PRJNA849962	SAMN31228342	METAGENOMIC	WGS	RANDOM	ILLUMINA	Illumina NovaSeq 6000	73715	17485891	2022-10-11	SRR21851089
SRR21851081	PP_000V9V9	PP_000V9V9.2	Gigante, C. M.; Lee, P.; Zhao, H.; Batra, D.; Hetrick, E. E.; Howard, D. T.; Kovar, L.; Seabolt, M. H.; Knipe, K.; Burroughs, S.; Lee, J.; Wilkins, K.; McCollum, A.; Hutson, C.; Davidson, W.; Rao, A.; Stanek, D.; Li, Y.	CDC, DHCPP-PRB	insdc_ingest_user	Automated Ingest from INSDC/NCBI Virus by Loculus	USA	FL	2022-06	2025-02-03	Monkeypox virus					PRJNA849962	SAMN31228341	METAGENOMIC	WGS	RANDOM	ILLUMINA	Illumina NovaSeq 6000	151562	44999031	2022-10-11	SRR21851081
SRR21851094	PP_000V9W7	PP_000V9W7.2	Gigante, C. M.; Lee, P.; Zhao, H.; Batra, D.; Hetrick, E. E.; Howard, D. T.; Kovar, L.; Seabolt, M. H.; Knipe, K.; Burroughs, S.; Lee, J.; Wilkins, K.; McCollum, A.; Hutson, C.; Davidson, W.; Rao, A.; Stanek, D.; Li, Y.	CDC, DHCPP-PRB	insdc_ingest_user	Automated Ingest from INSDC/NCBI Virus by Loculus	USA	FL	2022-07	2025-02-03	Monkeypox virus					PRJNA849962	SAMN31228339	METAGENOMIC	WGS	RANDOM	ILLUMINA	Illumina NovaSeq 6000	210873	62724111	2022-10-11	SRR21851094
SRR21851090	PP_000V9X5	PP_000V9X5.2	Gigante, C. M.; Hauser, J. R.; Zhao, H.; Batra, D.; Hetrick, E. E.; Howard, D. T.; Kovar, L.; Seabolt, M. H.; Knipe, K.; Burroughs, S.; Lee, J.; Wilkins, K.; McCollum, A.; Hutson, C.; Davidson, W.; Rao, A.; Mangla, A.; Li, Y.	CDC, DHCPP-PRB	insdc_ingest_user	Automated Ingest from INSDC/NCBI Virus by Loculus	USA	DC	2022-06	2025-02-03	Monkeypox virus					PRJNA849962	SAMN31228337	METAGENOMIC	WGS	RANDOM	ILLUMINA	Illumina NovaSeq 6000	1193547	345394180	2022-10-11	SRR21851090
SRR21851074	PP_000V9Y3	PP_000V9Y3.2	Gigante, C. M.; Ventura, J.; Zhao, H.; Batra, D.; Hetrick, E. E.; Howard, D. T.; Kovar, L.; Seabolt, M. H.; Knipe, K.; Burroughs, S.; Lee, J.; Wilkins, K.; McCollum, A.; Hutson, C.; Davidson, W.; Rao, A.; Nash, J.; Li, Y.	CDC, DHCPP-PRB	insdc_ingest_user	Automated Ingest from INSDC/NCBI Virus by Loculus	USA	CA	2022-06	2025-02-03	Monkeypox virus					PRJNA849962	SAMN31228335	METAGENOMIC	WGS	RANDOM	ILLUMINA	Illumina NovaSeq 6000	702522	168576699	2022-10-11	SRR21851074
SRR21887143	PP_000VEGX	PP_000VEGX.2	Sereewit, J.; Xie, H.; Roychoudhury, P.; Greninger, A. L.	UW Virology, Laboratory Medicine	insdc_ingest_user	Automated Ingest from INSDC/NCBI Virus by Loculus	USA	WA	2022-08	2025-02-03	Monkeypox virus					PRJNA862948	SAMN31265430	GENOMIC	Targeted-Capture	RANDOM PCR	ILLUMINA	NextSeq 2000	3158691	953924682	2022-10-14	SRR21887143
SRR21887133	PP_000VEHU	PP_000VEHU.2	Sereewit, J.; Xie, H.; Roychoudhury, P.; Greninger, A. L.	UW Virology, Laboratory Medicine	insdc_ingest_user	Automated Ingest from INSDC/NCBI Virus by Loculus	USA	WA	2022-08	2025-02-03	Monkeypox virus					PRJNA862948	SAMN31265439	GENOMIC	Targeted-Capture	RANDOM PCR	ILLUMINA	NextSeq 2000	2652122	800940844	2022-10-14	SRR21887133
SRR21887117	PP_000VEJS	PP_000VEJS.2	Sereewit, J.; Xie, H.; Roychoudhury, P.; Greninger, A. L.	UW Virology, Laboratory Medicine	insdc_ingest_user	Automated Ingest from INSDC/NCBI Virus by Loculus	USA	WA	2022-08	2025-02-03	Monkeypox virus					PRJNA862948	SAMN31265453	GENOMIC	Targeted-Capture	RANDOM PCR	ILLUMINA	NextSeq 2000	2711300	818812600	2022-10-14	SRR21887117
SRR21887125	PP_000VEKQ	PP_000VEKQ.2	Sereewit, J.; Xie, H.; Roychoudhury, P.; Greninger, A. L.	UW Virology, Laboratory Medicine	insdc_ingest_user	Automated Ingest from INSDC/NCBI Virus by Loculus	USA	WA	2022-08	2025-02-03	Monkeypox virus					PRJNA862948	SAMN31265446	GENOMIC	Targeted-Capture	RANDOM PCR	ILLUMINA	NextSeq 2000	2552686	770911172	2022-10-14	SRR21887125
SRR21887113	PP_000VELN	PP_000VELN.2	Sereewit, J.; Xie, H.; Roychoudhury, P.; Greninger, A. L.	UW Virology, Laboratory Medicine	insdc_ingest_user	Automated Ingest from INSDC/NCBI Virus by Loculus	USA	WA	2022-08	2025-02-03	Monkeypox virus					PRJNA862948	SAMN31265408	GENOMIC	Targeted-Capture	RANDOM PCR	ILLUMINA	NextSeq 2000	4103581	1239281462	2022-10-14	SRR21887113
SRR21887134	PP_000VEML	PP_000VEML.2	Sereewit, J.; Xie, H.; Roychoudhury, P.; Greninger, A. L.	UW Virology, Laboratory Medicine	insdc_ingest_user	Automated Ingest from INSDC/NCBI Virus by Loculus	USA	WA	2022-08	2025-02-03	Monkeypox virus					PRJNA862948	SAMN31265438	GENOMIC	Targeted-Capture	RANDOM PCR	ILLUMINA	NextSeq 2000	1608208	485678816	2022-10-14	SRR21887134
SRR21887130	PP_000VENJ	PP_000VENJ.2	Sereewit, J.; Xie, H.; Roychoudhury, P.; Greninger, A. L.	UW Virology, Laboratory Medicine	insdc_ingest_user	Automated Ingest from INSDC/NCBI Virus by Loculus	USA	WA	2022-08	2025-02-03	Monkeypox virus					PRJNA862948	SAMN31265406	GENOMIC	Targeted-Capture	RANDOM PCR	ILLUMINA	NextSeq 2000	4248825	1283145150	2022-10-14	SRR21887130
SRR21887145	PP_000VEPG	PP_000VEPG.2	Sereewit, J.; Xie, H.; Roychoudhury, P.; Greninger, A. L.	UW Virology, Laboratory Medicine	insdc_ingest_user	Automated Ingest from INSDC/NCBI Virus by Loculus	USA	WA	2022-08	2025-02-03	Monkeypox virus					PRJNA862948	SAMN31265428	GENOMIC	Targeted-Capture	RANDOM PCR	ILLUMINA	NextSeq 2000	3317096	1001762992	2022-10-14	SRR21887145
SRR21887118	PP_000VEQE	PP_000VEQE.2	Sereewit, J.; Xie, H.; Roychoudhury, P.; Greninger, A. L.	UW Virology, Laboratory Medicine	insdc_ingest_user	Automated Ingest from INSDC/NCBI Virus by Loculus	USA	WA	2022-08	2025-02-03	Monkeypox virus					PRJNA862948	SAMN31265452	GENOMIC	Targeted-Capture	RANDOM PCR	ILLUMINA	NextSeq 2000	4622157	1395891414	2022-10-14	SRR21887118
SRR21887124	PP_000VERC	PP_000VERC.2	Sereewit, J.; Xie, H.; Roychoudhury, P.; Greninger, A. L.	UW Virology, Laboratory Medicine	insdc_ingest_user	Automated Ingest from INSDC/NCBI Virus by Loculus	USA	WA	2022-08	2025-02-03	Monkeypox virus					PRJNA862948	SAMN31265447	GENOMIC	Targeted-Capture	RANDOM PCR	ILLUMINA	NextSeq 2000	3968182	1198390964	2022-10-14	SRR21887124
SRR21887120	PP_000VESA	PP_000VESA.2	Sereewit, J.; Xie, H.; Roychoudhury, P.; Greninger, A. L.	UW Virology, Laboratory Medicine	insdc_ingest_user	Automated Ingest from INSDC/NCBI Virus by Loculus	USA	WA	2022-08	2025-02-03	Monkeypox virus					PRJNA862948	SAMN31265451	GENOMIC	Targeted-Capture	RANDOM PCR	ILLUMINA	NextSeq 2000	1685300	508960600	2022-10-14	SRR21887120
SRR21887154	PP_000VET8	PP_000VET8.2	Sereewit, J.; Xie, H.; Roychoudhury, P.; Greninger, A. L.	UW Virology, Laboratory Medicine	insdc_ingest_user	Automated Ingest from INSDC/NCBI Virus by Loculus	USA	WA	2022-08	2025-02-03	Monkeypox virus					PRJNA862948	SAMN31265420	GENOMIC	Targeted-Capture	RANDOM PCR	ILLUMINA	NextSeq 2000	1761860	532081720	2022-10-14	SRR21887154
SRR21887127	PP_000VEU6	PP_000VEU6.2	Sereewit, J.; Xie, H.; Roychoudhury, P.; Greninger, A. L.	UW Virology, Laboratory Medicine	insdc_ingest_user	Automated Ingest from INSDC/NCBI Virus by Loculus	USA	WA	2022-08	2025-02-03	Monkeypox virus					PRJNA862948	SAMN31265444	GENOMIC	Targeted-Capture	RANDOM PCR	ILLUMINA	NextSeq 2000	2383542	719829684	2022-10-14	SRR21887127
SRR21887157	PP_000VEV4	PP_000VEV4.2	Sereewit, J.; Xie, H.; Roychoudhury, P.; Greninger, A. L.	UW Virology, Laboratory Medicine	insdc_ingest_user	Automated Ingest from INSDC/NCBI Virus by Loculus	USA	WA	2022-08	2025-02-03	Monkeypox virus					PRJNA862948	SAMN31265417	GENOMIC	Targeted-Capture	RANDOM PCR	ILLUMINA	NextSeq 2000	5557419	1678340538	2022-10-14	SRR21887157
SRR21887162	PP_000VEW2	PP_000VEW2.2	Sereewit, J.; Xie, H.; Roychoudhury, P.; Greninger, A. L.	UW Virology, Laboratory Medicine	insdc_ingest_user	Automated Ingest from INSDC/NCBI Virus by Loculus	USA	WA	2022-08	2025-02-03	Monkeypox virus					PRJNA862948	SAMN31265412	GENOMIC	Targeted-Capture	RANDOM PCR	ILLUMINA	NextSeq 2000	8702728	2628223856	2022-10-14	SRR21887162
SRR21887150	PP_000VEX0	PP_000VEX0.2	Sereewit, J.; Xie, H.; Roychoudhury, P.; Greninger, A. L.	UW Virology, Laboratory Medicine	insdc_ingest_user	Automated Ingest from INSDC/NCBI Virus by Loculus	USA	WA	2022-08	2025-02-03	Monkeypox virus					PRJNA862948	SAMN31265423	GENOMIC	Targeted-Capture	RANDOM PCR	ILLUMINA	NextSeq 2000	773824	233694848	2022-10-14	SRR21887150
SRR21887156	PP_000VEYY	PP_000VEYY.2	Sereewit, J.; Xie, H.; Roychoudhury, P.; Greninger, A. L.	UW Virology, Laboratory Medicine	insdc_ingest_user	Automated Ingest from INSDC/NCBI Virus by Loculus	USA	WA	2022-08	2025-02-03	Monkeypox virus					PRJNA862948	SAMN31265418	GENOMIC	Targeted-Capture	RANDOM PCR	ILLUMINA	NextSeq 2000	3002945	906889390	2022-10-14	SRR21887156
SRR21887139	PP_000VEZW	PP_000VEZW.2	Sereewit, J.; Xie, H.; Roychoudhury, P.; Greninger, A. L.	UW Virology, Laboratory Medicine	insdc_ingest_user	Automated Ingest from INSDC/NCBI Virus by Loculus	USA	WA	2022-08	2025-02-03	Monkeypox virus					PRJNA862948	SAMN31265433	GENOMIC	Targeted-Capture	RANDOM PCR	ILLUMINA	NextSeq 2000	3509335	1059819170	2022-10-14	SRR21887139
SRR21887123	PP_000VF0U	PP_000VF0U.2	Sereewit, J.; Xie, H.; Roychoudhury, P.; Greninger, A. L.	UW Virology, Laboratory Medicine	insdc_ingest_user	Automated Ingest from INSDC/NCBI Virus by Loculus	USA	WA	2022-08	2025-02-03	Monkeypox virus					PRJNA862948	SAMN31265448	GENOMIC	Targeted-Capture	RANDOM PCR	ILLUMINA	NextSeq 2000	5172682	1562149964	2022-10-14	SRR21887123
SRR21887164	PP_000VF1S	PP_000VF1S.2	Sereewit, J.; Xie, H.; Roychoudhury, P.; Greninger, A. L.	UW Virology, Laboratory Medicine	insdc_ingest_user	Automated Ingest from INSDC/NCBI Virus by Loculus	USA	WA	2022-07	2025-02-03	Monkeypox virus					PRJNA862948	SAMN31265402	GENOMIC	Targeted-Capture	RANDOM PCR	ILLUMINA	NextSeq 2000	4120207	1244302514	2022-10-14	SRR21887164
SRR21887149	PP_000VF2Q	PP_000VF2Q.2	Sereewit, J.; Xie, H.; Roychoudhury, P.; Greninger, A. L.	UW Virology, Laboratory Medicine	insdc_ingest_user	Automated Ingest from INSDC/NCBI Virus by Loculus	USA	WA	2022-08	2025-02-03	Monkeypox virus					PRJNA862948	SAMN31265424	GENOMIC	Targeted-Capture	RANDOM PCR	ILLUMINA	NextSeq 2000	2717999	820835698	2022-10-14	SRR21887149
SRR21887135	PP_000VF3N	PP_000VF3N.2	Sereewit, J.; Xie, H.; Roychoudhury, P.; Greninger, A. L.	UW Virology, Laboratory Medicine	insdc_ingest_user	Automated Ingest from INSDC/NCBI Virus by Loculus	USA	WA	2022-08	2025-02-03	Monkeypox virus					PRJNA862948	SAMN31265437	GENOMIC	Targeted-Capture	RANDOM PCR	ILLUMINA	NextSeq 2000	1343567	405757234	2022-10-14	SRR21887135
SRR21887140	PP_000VF4L	PP_000VF4L.2	Sereewit, J.; Xie, H.; Roychoudhury, P.; Greninger, A. L.	UW Virology, Laboratory Medicine	insdc_ingest_user	Automated Ingest from INSDC/NCBI Virus by Loculus	USA	WA	2022-08	2025-02-03	Monkeypox virus					PRJNA862948	SAMN31265432	GENOMIC	Targeted-Capture	RANDOM PCR	ILLUMINA	NextSeq 2000	3021557	912510214	2022-10-14	SRR21887140
SRR21887152	PP_000VF5J	PP_000VF5J.2	Sereewit, J.; Xie, H.; Roychoudhury, P.; Greninger, A. L.	UW Virology, Laboratory Medicine	insdc_ingest_user	Automated Ingest from INSDC/NCBI Virus by Loculus	USA	WA	2022-08	2025-02-03	Monkeypox virus					PRJNA862948	SAMN31265404	GENOMIC	Targeted-Capture	RANDOM PCR	ILLUMINA	NextSeq 2000	2568321	775632942	2022-10-14	SRR21887152
SRR21887155	PP_000VF6G	PP_000VF6G.2	Sereewit, J.; Xie, H.; Roychoudhury, P.; Greninger, A. L.	UW Virology, Laboratory Medicine	insdc_ingest_user	Automated Ingest from INSDC/NCBI Virus by Loculus	USA	WA	2022-08	2025-02-03	Monkeypox virus					PRJNA862948	SAMN31265419	GENOMIC	Targeted-Capture	RANDOM PCR	ILLUMINA	NextSeq 2000	2035067	614590234	2022-10-14	SRR21887155
SRR21887136	PP_000VF7E	PP_000VF7E.2	Sereewit, J.; Xie, H.; Roychoudhury, P.; Greninger, A. L.	UW Virology, Laboratory Medicine	insdc_ingest_user	Automated Ingest from INSDC/NCBI Virus by Loculus	USA	WA	2022-08	2025-02-03	Monkeypox virus					PRJNA862948	SAMN31265436	GENOMIC	Targeted-Capture	RANDOM PCR	ILLUMINA	NextSeq 2000	1779962	537548524	2022-10-14	SRR21887136
SRR21887132	PP_000VF8C	PP_000VF8C.2	Sereewit, J.; Xie, H.; Roychoudhury, P.; Greninger, A. L.	UW Virology, Laboratory Medicine	insdc_ingest_user	Automated Ingest from INSDC/NCBI Virus by Loculus	USA	WA	2022-08	2025-02-03	Monkeypox virus					PRJNA862948	SAMN31265440	GENOMIC	Targeted-Capture	RANDOM PCR	ILLUMINA	NextSeq 2000	2102486	634950772	2022-10-14	SRR21887132
SRR21887161	PP_000VF9A	PP_000VF9A.2	Sereewit, J.; Xie, H.; Roychoudhury, P.; Greninger, A. L.	UW Virology, Laboratory Medicine	insdc_ingest_user	Automated Ingest from INSDC/NCBI Virus by Loculus	USA	WA	2022-08	2025-02-03	Monkeypox virus					PRJNA862948	SAMN31265413	GENOMIC	Targeted-Capture	RANDOM PCR	ILLUMINA	NextSeq 2000	5654067	1707528234	2022-10-14	SRR21887161
SRR21887116	PP_000VFA8	PP_000VFA8.2	Sereewit, J.; Xie, H.; Roychoudhury, P.; Greninger, A. L.	UW Virology, Laboratory Medicine	insdc_ingest_user	Automated Ingest from INSDC/NCBI Virus by Loculus	USA	WA	2022-08	2025-02-03	Monkeypox virus					PRJNA862948	SAMN31265454	GENOMIC	Targeted-Capture	RANDOM PCR	ILLUMINA	NextSeq 2000	3234010	976671020	2022-10-14	SRR21887116
SRR21887147	PP_000VFB6	PP_000VFB6.2	Sereewit, J.; Xie, H.; Roychoudhury, P.; Greninger, A. L.	UW Virology, Laboratory Medicine	insdc_ingest_user	Automated Ingest from INSDC/NCBI Virus by Loculus	USA	WA	2022-08	2025-02-03	Monkeypox virus					PRJNA862948	SAMN31265426	GENOMIC	Targeted-Capture	RANDOM PCR	ILLUMINA	NextSeq 2000	7566268	2285012936	2022-10-14	SRR21887147
SRR21887129	PP_000VFC4	PP_000VFC4.2	Sereewit, J.; Xie, H.; Roychoudhury, P.; Greninger, A. L.	UW Virology, Laboratory Medicine	insdc_ingest_user	Automated Ingest from INSDC/NCBI Virus by Loculus	USA	WA	2022-08	2025-02-03	Monkeypox virus					PRJNA862948	SAMN31265442	GENOMIC	Targeted-Capture	RANDOM PCR	ILLUMINA	NextSeq 2000	2903220	876772440	2022-10-14	SRR21887129
SRR21887121	PP_000VFD2	PP_000VFD2.2	Sereewit, J.; Xie, H.; Roychoudhury, P.; Greninger, A. L.	UW Virology, Laboratory Medicine	insdc_ingest_user	Automated Ingest from INSDC/NCBI Virus by Loculus	USA	WA	2022-08	2025-02-03	Monkeypox virus					PRJNA862948	SAMN31265450	GENOMIC	Targeted-Capture	RANDOM PCR	ILLUMINA	NextSeq 2000	1965312	593524224	2022-10-14	SRR21887121
SRR21887137	PP_000VFE0	PP_000VFE0.2	Sereewit, J.; Xie, H.; Roychoudhury, P.; Greninger, A. L.	UW Virology, Laboratory Medicine	insdc_ingest_user	Automated Ingest from INSDC/NCBI Virus by Loculus	USA	WA	2022-08	2025-02-03	Monkeypox virus					PRJNA862948	SAMN31265435	GENOMIC	Targeted-Capture	RANDOM PCR	ILLUMINA	NextSeq 2000	4124332	1245548264	2022-10-14	SRR21887137
SRR21887144	PP_000VFFY	PP_000VFFY.2	Sereewit, J.; Xie, H.; Roychoudhury, P.; Greninger, A. L.	UW Virology, Laboratory Medicine	insdc_ingest_user	Automated Ingest from INSDC/NCBI Virus by Loculus	USA	WA	2022-08	2025-02-03	Monkeypox virus					PRJNA862948	SAMN31265429	GENOMIC	Targeted-Capture	RANDOM PCR	ILLUMINA	NextSeq 2000	2674735	807769970	2022-10-14	SRR21887144
SRR21887141	PP_000VFGW	PP_000VFGW.2	Sereewit, J.; Xie, H.; Roychoudhury, P.; Greninger, A. L.	UW Virology, Laboratory Medicine	insdc_ingest_user	Automated Ingest from INSDC/NCBI Virus by Loculus	USA	WA	2022-08	2025-02-03	Monkeypox virus					PRJNA862948	SAMN31265405	GENOMIC	Targeted-Capture	RANDOM PCR	ILLUMINA	NextSeq 2000	2759924	833497048	2022-10-14	SRR21887141
SRR21887151	PP_000VFHT	PP_000VFHT.2	Sereewit, J.; Xie, H.; Roychoudhury, P.; Greninger, A. L.	UW Virology, Laboratory Medicine	insdc_ingest_user	Automated Ingest from INSDC/NCBI Virus by Loculus	USA	WA	2022-08	2025-02-03	Monkeypox virus					PRJNA862948	SAMN31265422	GENOMIC	Targeted-Capture	RANDOM PCR	ILLUMINA	NextSeq 2000	6796425	2052520350	2022-10-14	SRR21887151
SRR21887119	PP_000VFJR	PP_000VFJR.2	Sereewit, J.; Xie, H.; Roychoudhury, P.; Greninger, A. L.	UW Virology, Laboratory Medicine	insdc_ingest_user	Automated Ingest from INSDC/NCBI Virus by Loculus	USA	WA	2022-08	2025-02-03	Monkeypox virus					PRJNA862948	SAMN31265407	GENOMIC	Targeted-Capture	RANDOM PCR	ILLUMINA	NextSeq 2000	2923331	882845962	2022-10-14	SRR21887119
SRR21887138	PP_000VFKP	PP_000VFKP.2	Sereewit, J.; Xie, H.; Roychoudhury, P.; Greninger, A. L.	UW Virology, Laboratory Medicine	insdc_ingest_user	Automated Ingest from INSDC/NCBI Virus by Loculus	USA	WA	2022-08	2025-02-03	Monkeypox virus					PRJNA862948	SAMN31265434	GENOMIC	Targeted-Capture	RANDOM PCR	ILLUMINA	NextSeq 2000	3939434	1189709068	2022-10-14	SRR21887138
SRR21887163	PP_000VFLM	PP_000VFLM.2	Sereewit, J.; Xie, H.; Roychoudhury, P.; Greninger, A. L.	UW Virology, Laboratory Medicine	insdc_ingest_user	Automated Ingest from INSDC/NCBI Virus by Loculus	USA	WA	2022-08	2025-02-03	Monkeypox virus					PRJNA862948	SAMN31265403	GENOMIC	Targeted-Capture	RANDOM PCR	ILLUMINA	NextSeq 2000	2941516	888337832	2022-10-14	SRR21887163
SRR21887146	PP_000VFMK	PP_000VFMK.2	Sereewit, J.; Xie, H.; Roychoudhury, P.; Greninger, A. L.	UW Virology, Laboratory Medicine	insdc_ingest_user	Automated Ingest from INSDC/NCBI Virus by Loculus	USA	WA	2022-08	2025-02-03	Monkeypox virus					PRJNA862948	SAMN31265427	GENOMIC	Targeted-Capture	RANDOM PCR	ILLUMINA	NextSeq 2000	2811361	849031022	2022-10-14	SRR21887146
SRR21887142	PP_000VFNH	PP_000VFNH.2	Sereewit, J.; Xie, H.; Roychoudhury, P.; Greninger, A. L.	UW Virology, Laboratory Medicine	insdc_ingest_user	Automated Ingest from INSDC/NCBI Virus by Loculus	USA	WA	2022-08	2025-02-03	Monkeypox virus					PRJNA862948	SAMN31265431	GENOMIC	Targeted-Capture	RANDOM PCR	ILLUMINA	NextSeq 2000	2689233	812148366	2022-10-14	SRR21887142
SRR21887148	PP_000VFPF	PP_000VFPF.2	Sereewit, J.; Xie, H.; Roychoudhury, P.; Greninger, A. L.	UW Virology, Laboratory Medicine	insdc_ingest_user	Automated Ingest from INSDC/NCBI Virus by Loculus	USA	WA	2022-08	2025-02-03	Monkeypox virus					PRJNA862948	SAMN31265425	GENOMIC	Targeted-Capture	RANDOM PCR	ILLUMINA	NextSeq 2000	3455949	1043696598	2022-10-14	SRR21887148
SRR21887160	PP_000VFQD	PP_000VFQD.2	Sereewit, J.; Xie, H.; Roychoudhury, P.; Greninger, A. L.	UW Virology, Laboratory Medicine	insdc_ingest_user	Automated Ingest from INSDC/NCBI Virus by Loculus	USA	WA	2022-08	2025-02-03	Monkeypox virus					PRJNA862948	SAMN31265414	GENOMIC	Targeted-Capture	RANDOM PCR	ILLUMINA	NextSeq 2000	5333079	1610589858	2022-10-14	SRR21887160
SRR21887115	PP_000VFRB	PP_000VFRB.2	Sereewit, J.; Xie, H.; Roychoudhury, P.; Greninger, A. L.	UW Virology, Laboratory Medicine	insdc_ingest_user	Automated Ingest from INSDC/NCBI Virus by Loculus	USA	WA	2022-08	2025-02-03	Monkeypox virus					PRJNA862948	SAMN31265455	GENOMIC	Targeted-Capture	RANDOM PCR	ILLUMINA	NextSeq 2000	2198025	663803550	2022-10-14	SRR21887115
SRR21887112	PP_000VFS9	PP_000VFS9.2	Sereewit, J.; Xie, H.; Roychoudhury, P.; Greninger, A. L.	UW Virology, Laboratory Medicine	insdc_ingest_user	Automated Ingest from INSDC/NCBI Virus by Loculus	USA	WA	2022-08	2025-02-03	Monkeypox virus					PRJNA862948	SAMN31265409	GENOMIC	Targeted-Capture	RANDOM PCR	ILLUMINA	NextSeq 2000	2379066	718477932	2022-10-14	SRR21887112
SRR21887111	PP_000VFT7	PP_000VFT7.2	Sereewit, J.; Xie, H.; Roychoudhury, P.; Greninger, A. L.	UW Virology, Laboratory Medicine	insdc_ingest_user	Automated Ingest from INSDC/NCBI Virus by Loculus	USA	WA	2022-08	2025-02-03	Monkeypox virus					PRJNA862948	SAMN31265410	GENOMIC	Targeted-Capture	RANDOM PCR	ILLUMINA	NextSeq 2000	2417137	729975374	2022-10-14	SRR21887111
SRR21887158	PP_000VFU5	PP_000VFU5.2	Sereewit, J.; Xie, H.; Roychoudhury, P.; Greninger, A. L.	UW Virology, Laboratory Medicine	insdc_ingest_user	Automated Ingest from INSDC/NCBI Virus by Loculus	USA	WA	2022-08	2025-02-03	Monkeypox virus					PRJNA862948	SAMN31265416	GENOMIC	Targeted-Capture	RANDOM PCR	ILLUMINA	NextSeq 2000	1076538	325114476	2022-10-14	SRR21887158
SRR21887110	PP_000VFV3	PP_000VFV3.2	Sereewit, J.; Xie, H.; Roychoudhury, P.; Greninger, A. L.	UW Virology, Laboratory Medicine	insdc_ingest_user	Automated Ingest from INSDC/NCBI Virus by Loculus	USA	WA	2022-08	2025-02-03	Monkeypox virus					PRJNA862948	SAMN31265411	GENOMIC	Targeted-Capture	RANDOM PCR	ILLUMINA	NextSeq 2000	1217912	367809424	2022-10-14	SRR21887110
SRR21887153	PP_000VFW1	PP_000VFW1.2	Sereewit, J.; Xie, H.; Roychoudhury, P.; Greninger, A. L.	UW Virology, Laboratory Medicine	insdc_ingest_user	Automated Ingest from INSDC/NCBI Virus by Loculus	USA	WA	2022-08	2025-02-03	Monkeypox virus					PRJNA862948	SAMN31265421	GENOMIC	Targeted-Capture	RANDOM PCR	ILLUMINA	NextSeq 2000	2837155	856820810	2022-10-14	SRR21887153
SRR21887159	PP_000VFXZ	PP_000VFXZ.2	Sereewit, J.; Xie, H.; Roychoudhury, P.; Greninger, A. L.	UW Virology, Laboratory Medicine	insdc_ingest_user	Automated Ingest from INSDC/NCBI Virus by Loculus	USA	WA	2022-08	2025-02-03	Monkeypox virus					PRJNA862948	SAMN31265415	GENOMIC	Targeted-Capture	RANDOM PCR	ILLUMINA	NextSeq 2000	2108744	636840688	2022-10-14	SRR21887159
SRR21887128	PP_000VFYX	PP_000VFYX.2	Sereewit, J.; Xie, H.; Roychoudhury, P.; Greninger, A. L.	UW Virology, Laboratory Medicine	insdc_ingest_user	Automated Ingest from INSDC/NCBI Virus by Loculus	USA	WA	2022-08	2025-02-03	Monkeypox virus					PRJNA862948	SAMN31265443	GENOMIC	Targeted-Capture	RANDOM PCR	ILLUMINA	NextSeq 2000	2672691	807152682	2022-10-14	SRR21887128
SRR21887126	PP_000VFZV	PP_000VFZV.2	Sereewit, J.; Xie, H.; Roychoudhury, P.; Greninger, A. L.	UW Virology, Laboratory Medicine	insdc_ingest_user	Automated Ingest from INSDC/NCBI Virus by Loculus	USA	WA	2022-09	2025-02-03	Monkeypox virus					PRJNA862948	SAMN31265445	GENOMIC	Targeted-Capture	RANDOM PCR	ILLUMINA	NextSeq 2000	3654768	1103739936	2022-10-14	SRR21887126
SRR21887114	PP_000VG0T	PP_000VG0T.2	Sereewit, J.; Xie, H.; Roychoudhury, P.; Greninger, A. L.	UW Virology, Laboratory Medicine	insdc_ingest_user	Automated Ingest from INSDC/NCBI Virus by Loculus	USA	WA	2022-09	2025-02-03	Monkeypox virus					PRJNA862948	SAMN31265456	GENOMIC	Targeted-Capture	RANDOM PCR	ILLUMINA	NextSeq 2000	1985454	599607108	2022-10-14	SRR21887114
SRR21887131	PP_000VG1R	PP_000VG1R.2	Sereewit, J.; Xie, H.; Roychoudhury, P.; Greninger, A. L.	UW Virology, Laboratory Medicine	insdc_ingest_user	Automated Ingest from INSDC/NCBI Virus by Loculus	USA	WA	2022-09	2025-02-03	Monkeypox virus					PRJNA862948	SAMN31265441	GENOMIC	Targeted-Capture	RANDOM PCR	ILLUMINA	NextSeq 2000	1709317	516213734	2022-10-14	SRR21887131
SRR21887122	PP_000VG2P	PP_000VG2P.2	Sereewit, J.; Xie, H.; Roychoudhury, P.; Greninger, A. L.	UW Virology, Laboratory Medicine	insdc_ingest_user	Automated Ingest from INSDC/NCBI Virus by Loculus	USA	WA	2022-09	2025-02-03	Monkeypox virus					PRJNA862948	SAMN31265449	GENOMIC	Targeted-Capture	RANDOM PCR	ILLUMINA	NextSeq 2000	2690384	812495968	2022-10-14	SRR21887122
SRR21897921	PP_000VHMH	PP_000VHMH.2	Sereewit, J.; Xie, H.; Roychoudhury, P.; Greninger, A. L.	UW Virology, Laboratory Medicine	insdc_ingest_user	Automated Ingest from INSDC/NCBI Virus by Loculus	USA	WA	2022-08	2025-02-03	Monkeypox virus					PRJNA862948	SAMN31276176	GENOMIC	Targeted-Capture	RANDOM PCR	ILLUMINA	NextSeq 2000	3922012	1184447624	2022-10-15	SRR21897921
SRR21966449	PP_000VJLJ	PP_000VJLJ.2	Sereewit, J.; Xie, H.; Roychoudhury, P.; Greninger, A. L.	UW Virology, Laboratory Medicine	insdc_ingest_user	Automated Ingest from INSDC/NCBI Virus by Loculus	USA	WA	2022-08	2025-02-03	Monkeypox virus					PRJNA862948	SAMN31359105	GENOMIC	Targeted-Capture	RANDOM PCR	ILLUMINA	NextSeq 2000	438077	132299254	2022-10-20	SRR21966449
SRR21966448	PP_000VJMG	PP_000VJMG.2	Sereewit, J.; Xie, H.; Roychoudhury, P.; Greninger, A. L.	UW Virology, Laboratory Medicine	insdc_ingest_user	Automated Ingest from INSDC/NCBI Virus by Loculus	USA	WA	2022-09	2025-02-03	Monkeypox virus					PRJNA862948	SAMN31359106	GENOMIC	Targeted-Capture	RANDOM PCR	ILLUMINA	NextSeq 2000	959660	289817320	2022-10-20	SRR21966448
SRR21966447	PP_000VJNE	PP_000VJNE.2	Sereewit, J.; Xie, H.; Roychoudhury, P.; Greninger, A. L.	UW Virology, Laboratory Medicine	insdc_ingest_user	Automated Ingest from INSDC/NCBI Virus by Loculus	USA	WA	2022-09	2025-02-03	Monkeypox virus					PRJNA862948	SAMN31359107	GENOMIC	Targeted-Capture	RANDOM PCR	ILLUMINA	NextSeq 2000	759839	229471378	2022-10-20	SRR21966447
SRR21966446	PP_000VJPC	PP_000VJPC.2	Sereewit, J.; Xie, H.; Roychoudhury, P.; Greninger, A. L.	UW Virology, Laboratory Medicine	insdc_ingest_user	Automated Ingest from INSDC/NCBI Virus by Loculus	USA	WA	2022-09	2025-02-03	Monkeypox virus					PRJNA862948	SAMN31359108	GENOMIC	Targeted-Capture	RANDOM PCR	ILLUMINA	NextSeq 2000	1386147	418616394	2022-10-20	SRR21966446
SRR21966445	PP_000VJQA	PP_000VJQA.2	Sereewit, J.; Xie, H.; Roychoudhury, P.; Greninger, A. L.	UW Virology, Laboratory Medicine	insdc_ingest_user	Automated Ingest from INSDC/NCBI Virus by Loculus	USA	WA	2022-09	2025-02-03	Monkeypox virus					PRJNA862948	SAMN31359109	GENOMIC	Targeted-Capture	RANDOM PCR	ILLUMINA	NextSeq 2000	846548	255657496	2022-10-20	SRR21966445
SRR21966444	PP_000VJR8	PP_000VJR8.2	Sereewit, J.; Xie, H.; Roychoudhury, P.; Greninger, A. L.	UW Virology, Laboratory Medicine	insdc_ingest_user	Automated Ingest from INSDC/NCBI Virus by Loculus	USA	WA	2022-09	2025-02-03	Monkeypox virus					PRJNA862948	SAMN31359110	GENOMIC	Targeted-Capture	RANDOM PCR	ILLUMINA	NextSeq 2000	1492603	450766106	2022-10-20	SRR21966444
SRR21970972	PP_000VJS6	PP_000VJS6.2	Gigante, C. M.; Francis, D.; Zhao, H.; Batra, D.; Hetrick, E. E.; Howard, D. T.; Kovar, L.; Morrison, S. S.; Seabolt, M. H.; Weigand, M. R.; Knipe, K.; Sheth, M.; Burgin, A.; Burroughs, M.; Lee, J.; Wilkins, K.; McCollum, A.; Hutson, C.; Davidson, W.; Rao, A.; Escobar, J.; Li, Y.	CDC, DHCPP-PRB	insdc_ingest_user	Automated Ingest from INSDC/NCBI Virus by Loculus	USA	AZ	2022-07	2025-02-03	Monkeypox virus					PRJNA849962	SAMN31365097	METAGENOMIC	WGS	RANDOM	ILLUMINA	Illumina NovaSeq 6000	31900	9251645	2022-10-20	SRR21970972
SRR21970965	PP_000VJT4	PP_000VJT4.2	Gigante, C. M.; Ventura, J.; Zhao, H.; Batra, D.; Hetrick, E. E.; Howard, D. T.; Kovar, L.; Morrison, S. S.; Seabolt, M. H.; Weigand, M. R.; Knipe, K.; Sheth, M.; Burgin, A.; Burroughs, M.; Lee, J.; Wilkins, K.; McCollum, A.; Hutson, C.; Davidson, W.; Rao, A.; Nash, J.; Li, Y.	CDC, DHCPP-PRB	insdc_ingest_user	Automated Ingest from INSDC/NCBI Virus by Loculus	USA	CA	2022-06	2025-02-03	Monkeypox virus					PRJNA849962	SAMN31365098	METAGENOMIC	WGS	RANDOM	ILLUMINA	Illumina NovaSeq 6000	65512	18371658	2022-10-20	SRR21970965
SRR21970994	PP_000VJU2	PP_000VJU2.2	Gigante, C. M.; Ventura, J.; Zhao, H.; Batra, D.; Hetrick, E. E.; Howard, D. T.; Kovar, L.; Morrison, S. S.; Seabolt, M. H.; Weigand, M. R.; Knipe, K.; Sheth, M.; Burgin, A.; Burroughs, M.; Lee, J.; Wilkins, K.; McCollum, A.; Hutson, C.; Davidson, W.; Rao, A.; Nash, J.; Li, Y.	CDC, DHCPP-PRB	insdc_ingest_user	Automated Ingest from INSDC/NCBI Virus by Loculus	USA	CA	2022-06	2025-02-03	Monkeypox virus					PRJNA849962	SAMN31365099	METAGENOMIC	WGS	RANDOM	ILLUMINA	Illumina NovaSeq 6000	402175	105554635	2022-10-20	SRR21970994
SRR21970992	PP_000VJV0	PP_000VJV0.2	Gigante, C. M.; Maloney, M.; Zhao, H.; Batra, D.; Hetrick, E. E.; Howard, D. T.; Kovar, L.; Morrison, S. S.; Seabolt, M. H.; Weigand, M. R.; Knipe, K.; Sheth, M.; Burgin, A.; Burroughs, M.; Lee, J.; Wilkins, K.; McCollum, A.; Hutson, C.; Davidson, W.; Rao, A.; Pearson, C.; Li, Y.	CDC, DHCPP-PRB	insdc_ingest_user	Automated Ingest from INSDC/NCBI Virus by Loculus	USA	CT	2022-07	2025-02-03	Monkeypox virus					PRJNA849962	SAMN31365100	METAGENOMIC	WGS	RANDOM	ILLUMINA	Illumina NovaSeq 6000	24141	7148721	2022-10-20	SRR21970992
SRR21970963	PP_000VJWY	PP_000VJWY.2	Gigante, C. M.; Lee, P.; Zhao, H.; Batra, D.; Hetrick, E. E.; Howard, D. T.; Kovar, L.; Morrison, S. S.; Seabolt, M. H.; Weigand, M. R.; Knipe, K.; Sheth, M.; Burgin, A.; Burroughs, M.; Lee, J.; Wilkins, K.; McCollum, A.; Hutson, C.; Davidson, W.; Rao, A.; Stanek, D.; Li, Y.	CDC, DHCPP-PRB	insdc_ingest_user	Automated Ingest from INSDC/NCBI Virus by Loculus	USA	FL	2022-07	2025-02-03	Monkeypox virus					PRJNA849962	SAMN31365101	METAGENOMIC	WGS	RANDOM	ILLUMINA	Illumina NovaSeq 6000	123803	36449013	2022-10-20	SRR21970963
SRR21971017	PP_000VJXW	PP_000VJXW.2	Gigante, C. M.; Lee, P.; Zhao, H.; Batra, D.; Hetrick, E. E.; Howard, D. T.; Kovar, L.; Morrison, S. S.; Seabolt, M. H.; Weigand, M. R.; Knipe, K.; Sheth, M.; Burgin, A.; Burroughs, M.; Lee, J.; Wilkins, K.; McCollum, A.; Hutson, C.; Davidson, W.; Rao, A.; Stanek, D.; Li, Y.	CDC, DHCPP-PRB	insdc_ingest_user	Automated Ingest from INSDC/NCBI Virus by Loculus	USA	FL	2022-07	2025-02-03	Monkeypox virus					PRJNA849962	SAMN31365102	METAGENOMIC	WGS	RANDOM	ILLUMINA	Illumina NovaSeq 6000	103314	30528811	2022-10-20	SRR21971017
SRR21970971	PP_000VJYU	PP_000VJYU.2	Gigante, C. M.; Lee, P.; Zhao, H.; Batra, D.; Hetrick, E. E.; Howard, D. T.; Kovar, L.; Morrison, S. S.; Seabolt, M. H.; Weigand, M. R.; Knipe, K.; Sheth, M.; Burgin, A.; Burroughs, M.; Lee, J.; Wilkins, K.; McCollum, A.; Hutson, C.; Davidson, W.; Rao, A.; Stanek, D.; Li, Y.	CDC, DHCPP-PRB	insdc_ingest_user	Automated Ingest from INSDC/NCBI Virus by Loculus	USA	FL	2022-07	2025-02-03	Monkeypox virus					PRJNA849962	SAMN31365103	METAGENOMIC	WGS	RANDOM	ILLUMINA	Illumina NovaSeq 6000	34891	10381363	2022-10-20	SRR21970971
SRR21970962	PP_000VJZS	PP_000VJZS.2	Gigante, C. M.; Johnson, S.; Zhao, H.; Batra, D.; Hetrick, E. E.; Howard, D. T.; Kovar, L.; Morrison, S. S.; Seabolt, M. H.; Weigand, M. R.; Knipe, K.; Sheth, M.; Burgin, A.; Burroughs, M.; Lee, J.; Wilkins, K.; McCollum, A.; Hutson, C.; Davidson, W.; Rao, A.; Riner, D.; Li, Y.	CDC, DHCPP-PRB	insdc_ingest_user	Automated Ingest from INSDC/NCBI Virus by Loculus	USA	MI	2022-08	2025-02-03	Monkeypox virus					PRJNA849962	SAMN31365104	METAGENOMIC	WGS	RANDOM	ILLUMINA	Illumina NovaSeq 6000	94570	26529288	2022-10-20	SRR21970962
SRR21971012	PP_000VK0Q	PP_000VK0Q.2	Gigante, C. M.; Ostadkar, R.; Zhao, H.; Batra, D.; Hetrick, E. E.; Howard, D. T.; Kovar, L.; Morrison, S. S.; Seabolt, M. H.; Weigand, M. R.; Knipe, K.; Sheth, M.; Burgin, A.; Burroughs, M.; Lee, J.; Wilkins, K.; McCollum, A.; Hutson, C.; Davidson, W.; Rao, A.; Wang, X.; Li, Y.	CDC, DHCPP-PRB	insdc_ingest_user	Automated Ingest from INSDC/NCBI Virus by Loculus	USA	MN	2022-08	2025-02-03	Monkeypox virus					PRJNA849962	SAMN31365105	METAGENOMIC	WGS	RANDOM	ILLUMINA	Illumina NovaSeq 6000	85210	21440203	2022-10-20	SRR21971012
SRR21970970	PP_000VK1N	PP_000VK1N.2	Gigante, C. M.; Pettit, D.; Zhao, H.; Batra, D.; Hetrick, E. E.; Howard, D. T.; Kovar, L.; Morrison, S. S.; Seabolt, M. H.; Weigand, M. R.; Knipe, K.; Sheth, M.; Burgin, A.; Burroughs, M.; Lee, J.; Wilkins, K.; McCollum, A.; Hutson, C.; Davidson, W.; Rao, A.; Deutsch-Feldman, M.; Li, Y.	CDC, DHCPP-PRB	insdc_ingest_user	Automated Ingest from INSDC/NCBI Virus by Loculus	USA	NC	2022-08	2025-02-03	Monkeypox virus					PRJNA849962	SAMN31365106	METAGENOMIC	WGS	RANDOM	ILLUMINA	Illumina NovaSeq 6000	322825	89309513	2022-10-20	SRR21970970
SRR21970966	PP_000VK2L	PP_000VK2L.2	Gigante, C. M.; Pettit, D.; Zhao, H.; Batra, D.; Hetrick, E. E.; Howard, D. T.; Kovar, L.; Morrison, S. S.; Seabolt, M. H.; Weigand, M. R.; Knipe, K.; Sheth, M.; Burgin, A.; Burroughs, M.; Lee, J.; Wilkins, K.; McCollum, A.; Hutson, C.; Davidson, W.; Rao, A.; Deutsch-Feldman, M.; Li, Y.	CDC, DHCPP-PRB	insdc_ingest_user	Automated Ingest from INSDC/NCBI Virus by Loculus	USA	NC	2022-07	2025-02-03	Monkeypox virus					PRJNA849962	SAMN31365107	METAGENOMIC	WGS	RANDOM	ILLUMINA	Illumina NovaSeq 6000	37113	8679439	2022-10-20	SRR21970966
SRR21971016	PP_000VK3J	PP_000VK3J.2	Gigante, C. M.; Acheampong, E.; Zhao, H.; Batra, D.; Hetrick, E. E.; Howard, D. T.; Kovar, L.; Morrison, S. S.; Seabolt, M. H.; Weigand, M. R.; Knipe, K.; Sheth, M.; Burgin, A.; Burroughs, M.; Lee, J.; Wilkins, K.; McCollum, A.; Hutson, C.; Davidson, W.; Rao, A.; McDermott, D.; Li, Y.	CDC, DHCPP-PRB	insdc_ingest_user	Automated Ingest from INSDC/NCBI Virus by Loculus	USA	NJ	2022-08	2025-02-03	Monkeypox virus					PRJNA849962	SAMN31365108	METAGENOMIC	WGS	RANDOM	ILLUMINA	Illumina NovaSeq 6000	800057	229052807	2022-10-20	SRR21971016
SRR21971018	PP_000VK5E	PP_000VK5E.2	Gigante, C. M.; Acheampong, E.; Zhao, H.; Batra, D.; Hetrick, E. E.; Howard, D. T.; Kovar, L.; Morrison, S. S.; Seabolt, M. H.; Weigand, M. R.; Knipe, K.; Sheth, M.; Burgin, A.; Burroughs, M.; Lee, J.; Wilkins, K.; McCollum, A.; Hutson, C.; Davidson, W.; Rao, A.; McDermott, D.; Li, Y.	CDC, DHCPP-PRB	insdc_ingest_user	Automated Ingest from INSDC/NCBI Virus by Loculus	USA	NJ	2022-08	2025-02-03	Monkeypox virus					PRJNA849962	SAMN31365109	METAGENOMIC	WGS	RANDOM	ILLUMINA	Illumina NovaSeq 6000	2192079	608088142	2022-10-20	SRR21971018
SRR21970961	PP_000VK6C	PP_000VK6C.2	Gigante, C. M.; Ruiz, V.; Zhao, H.; Batra, D.; Hetrick, E. E.; Howard, D. T.; Kovar, L.; Morrison, S. S.; Seabolt, M. H.; Weigand, M. R.; Knipe, K.; Sheth, M.; Burgin, A.; Burroughs, M.; Lee, J.; Wilkins, K.; McCollum, A.; Hutson, C.; Davidson, W.; Rao, A.; Wang, J.; Li, Y.	CDC, DHCPP-PRB	insdc_ingest_user	Automated Ingest from INSDC/NCBI Virus by Loculus	USA	NY	2022-07	2025-02-03	Monkeypox virus					PRJNA849962	SAMN31365110	METAGENOMIC	WGS	RANDOM	ILLUMINA	Illumina NovaSeq 6000	36592	10156461	2022-10-20	SRR21970961
SRR21971010	PP_000VK7A	PP_000VK7A.2	Gigante, C. M.; Ruiz, V.; Zhao, H.; Batra, D.; Hetrick, E. E.; Howard, D. T.; Kovar, L.; Morrison, S. S.; Seabolt, M. H.; Weigand, M. R.; Knipe, K.; Sheth, M.; Burgin, A.; Burroughs, M.; Lee, J.; Wilkins, K.; McCollum, A.; Hutson, C.; Davidson, W.; Rao, A.; Wang, J.; Li, Y.	CDC, DHCPP-PRB	insdc_ingest_user	Automated Ingest from INSDC/NCBI Virus by Loculus	USA	NY	2022-08	2025-02-03	Monkeypox virus					PRJNA849962	SAMN31365111	METAGENOMIC	WGS	RANDOM	ILLUMINA	Illumina NovaSeq 6000	90585	20874723	2022-10-20	SRR21971010
SRR21970969	PP_000VK88	PP_000VK88.2	Gigante, C. M.; Ruiz, V.; Zhao, H.; Batra, D.; Hetrick, E. E.; Howard, D. T.; Kovar, L.; Morrison, S. S.; Seabolt, M. H.; Weigand, M. R.; Knipe, K.; Sheth, M.; Burgin, A.; Burroughs, M.; Lee, J.; Wilkins, K.; McCollum, A.; Hutson, C.; Davidson, W.; Rao, A.; Wang, J.; Li, Y.	CDC, DHCPP-PRB	insdc_ingest_user	Automated Ingest from INSDC/NCBI Virus by Loculus	USA	NY	2022-08	2025-02-03	Monkeypox virus					PRJNA849962	SAMN31365112	METAGENOMIC	WGS	RANDOM	ILLUMINA	Illumina NovaSeq 6000	39413	8907529	2022-10-20	SRR21970969
SRR21970964	PP_000VK96	PP_000VK96.2	Gigante, C. M.; Lee, B.; Zhao, H.; Batra, D.; Hetrick, E. E.; Howard, D. T.; Kovar, L.; Morrison, S. S.; Seabolt, M. H.; Weigand, M. R.; Knipe, K.; Sheth, M.; Burgin, A.; Burroughs, M.; Lee, J.; Wilkins, K.; McCollum, A.; Hutson, C.; Davidson, W.; Rao, A.; Salehi, E.; Li, Y.	CDC, DHCPP-PRB	insdc_ingest_user	Automated Ingest from INSDC/NCBI Virus by Loculus	USA	OH	2022-08	2025-02-03	Monkeypox virus					PRJNA849962	SAMN31365113	METAGENOMIC	WGS	RANDOM	ILLUMINA	Illumina NovaSeq 6000	761355	180959876	2022-10-20	SRR21970964
SRR21971014	PP_000VKA4	PP_000VKA4.2	Gigante, C. M.; Berns, A.; Zhao, H.; Batra, D.; Hetrick, E. E.; Howard, D. T.; Kovar, L.; Morrison, S. S.; Seabolt, M. H.; Weigand, M. R.; Knipe, K.; Sheth, M.; Burgin, A.; Burroughs, M.; Lee, J.; Wilkins, K.; McCollum, A.; Hutson, C.; Davidson, W.; Rao, A.; Carpenter-Azevedo, K.; Li, Y.	CDC, DHCPP-PRB	insdc_ingest_user	Automated Ingest from INSDC/NCBI Virus by Loculus	USA	RI	2022-07	2025-02-03	Monkeypox virus					PRJNA849962	SAMN31365114	METAGENOMIC	WGS	RANDOM	ILLUMINA	Illumina NovaSeq 6000	103778	26617276	2022-10-20	SRR21971014
SRR21971015	PP_000VKB2	PP_000VKB2.2	Gigante, C. M.; Kubin, G.; Zhao, H.; Batra, D.; Hetrick, E. E.; Howard, D. T.; Kovar, L.; Morrison, S. S.; Seabolt, M. H.; Weigand, M. R.; Knipe, K.; Sheth, M.; Burgin, A.; Burroughs, M.; Lee, J.; Wilkins, K.; McCollum, A.; Hutson, C.; Davidson, W.; Rao, A.; White, S. L.; Li, Y.	CDC, DHCPP-PRB	insdc_ingest_user	Automated Ingest from INSDC/NCBI Virus by Loculus	USA	TX	2022-07	2025-02-03	Monkeypox virus					PRJNA849962	SAMN31365115	METAGENOMIC	WGS	RANDOM	ILLUMINA	Illumina NovaSeq 6000	195142	48699101	2022-10-20	SRR21971015
SRR21970967	PP_000VKC0	PP_000VKC0.2	Gigante, C. M.; Kubin, G.; Zhao, H.; Batra, D.; Hetrick, E. E.; Howard, D. T.; Kovar, L.; Morrison, S. S.; Seabolt, M. H.; Weigand, M. R.; Knipe, K.; Sheth, M.; Burgin, A.; Burroughs, M.; Lee, J.; Wilkins, K.; McCollum, A.; Hutson, C.; Davidson, W.; Rao, A.; White, S. L.; Li, Y.	CDC, DHCPP-PRB	insdc_ingest_user	Automated Ingest from INSDC/NCBI Virus by Loculus	USA	TX	2022-07	2025-02-03	Monkeypox virus					PRJNA849962	SAMN31365116	METAGENOMIC	WGS	RANDOM	ILLUMINA	Illumina NovaSeq 6000	152053	39030824	2022-10-20	SRR21970967
SRR21971008	PP_000VKDY	PP_000VKDY.2	Gigante, C. M.; Kubin, G.; Zhao, H.; Batra, D.; Hetrick, E. E.; Howard, D. T.; Kovar, L.; Morrison, S. S.; Seabolt, M. H.; Weigand, M. R.; Knipe, K.; Sheth, M.; Burgin, A.; Burroughs, M.; Lee, J.; Wilkins, K.; McCollum, A.; Hutson, C.; Davidson, W.; Rao, A.; White, S. L.; Li, Y.	CDC, DHCPP-PRB	insdc_ingest_user	Automated Ingest from INSDC/NCBI Virus by Loculus	USA	TX	2022-08	2025-02-03	Monkeypox virus					PRJNA849962	SAMN31365117	METAGENOMIC	WGS	RANDOM	ILLUMINA	Illumina NovaSeq 6000	454759	107440960	2022-10-20	SRR21971008
SRR21971009	PP_000VKEW	PP_000VKEW.2	Gigante, C. M.; Kubin, G.; Zhao, H.; Batra, D.; Hetrick, E. E.; Howard, D. T.; Kovar, L.; Morrison, S. S.; Seabolt, M. H.; Weigand, M. R.; Knipe, K.; Sheth, M.; Burgin, A.; Burroughs, M.; Lee, J.; Wilkins, K.; McCollum, A.; Hutson, C.; Davidson, W.; Rao, A.; White, S. L.; Li, Y.	CDC, DHCPP-PRB	insdc_ingest_user	Automated Ingest from INSDC/NCBI Virus by Loculus	USA	TX	2022-08	2025-02-03	Monkeypox virus					PRJNA849962	SAMN31365118	METAGENOMIC	WGS	RANDOM	ILLUMINA	Illumina NovaSeq 6000	105751	22691892	2022-10-20	SRR21971009
SRR21970968	PP_000VKFU	PP_000VKFU.2	Gigante, C. M.; Kubin, G.; Zhao, H.; Batra, D.; Hetrick, E. E.; Howard, D. T.; Kovar, L.; Morrison, S. S.; Seabolt, M. H.; Weigand, M. R.; Knipe, K.; Sheth, M.; Burgin, A.; Burroughs, M.; Lee, J.; Wilkins, K.; McCollum, A.; Hutson, C.; Davidson, W.; Rao, A.; White, S. L.; Li, Y.	CDC, DHCPP-PRB	insdc_ingest_user	Automated Ingest from INSDC/NCBI Virus by Loculus	USA	TX	2022-08	2025-02-03	Monkeypox virus					PRJNA849962	SAMN31365119	METAGENOMIC	WGS	RANDOM	ILLUMINA	Illumina NovaSeq 6000	253733	61165167	2022-10-20	SRR21970968
SRR21971007	PP_000VKGS	PP_000VKGS.2	Gigante, C. M.; Kubin, G.; Zhao, H.; Batra, D.; Hetrick, E. E.; Howard, D. T.; Kovar, L.; Morrison, S. S.; Seabolt, M. H.; Weigand, M. R.; Knipe, K.; Sheth, M.; Burgin, A.; Burroughs, M.; Lee, J.; Wilkins, K.; McCollum, A.; Hutson, C.; Davidson, W.; Rao, A.; White, S. L.; Li, Y.	CDC, DHCPP-PRB	insdc_ingest_user	Automated Ingest from INSDC/NCBI Virus by Loculus	USA	TX	2022-08	2025-02-03	Monkeypox virus					PRJNA849962	SAMN31365120	METAGENOMIC	WGS	RANDOM	ILLUMINA	Illumina NovaSeq 6000	215810	50109762	2022-10-20	SRR21971007
ERS13580841	PP_000VLS4	PP_000VLS4.2	Brinkmann, A.; Kohl, C.; Pape, K.; Bourquain, D.; Thurmer, A.; Michel, J.; Schaade, L.; Nitsche, A.	Robert Koch Institute, Centre for Biological Threats, Highly Pathogenic Viruses	insdc_ingest_user	Automated Ingest from INSDC/NCBI Virus by Loculus	Germany		2022-06	2025-02-03	Monkeypox virus															ERS13580841,ERS13580842
ERS13580842	PP_000VLS4	PP_000VLS4.2	Brinkmann, A.; Kohl, C.; Pape, K.; Bourquain, D.; Thurmer, A.; Michel, J.; Schaade, L.; Nitsche, A.	Robert Koch Institute, Centre for Biological Threats, Highly Pathogenic Viruses	insdc_ingest_user	Automated Ingest from INSDC/NCBI Virus by Loculus	Germany		2022-06	2025-02-03	Monkeypox virus															ERS13580841,ERS13580842
ERS13580843	PP_000VLT2	PP_000VLT2.2	Brinkmann, A.; Kohl, C.; Pape, K.; Bourquain, D.; Thurmer, A.; Michel, J.; Schaade, L.; Nitsche, A.	Robert Koch Institute, Centre for Biological Threats, Highly Pathogenic Viruses	insdc_ingest_user	Automated Ingest from INSDC/NCBI Virus by Loculus	Germany		2022-06	2025-02-03	Monkeypox virus															ERS13580843
ERS13580844	PP_000VLU0	PP_000VLU0.2	Brinkmann, A.; Kohl, C.; Pape, K.; Bourquain, D.; Thurmer, A.; Michel, J.; Schaade, L.; Nitsche, A.	Robert Koch Institute, Centre for Biological Threats, Highly Pathogenic Viruses	insdc_ingest_user	Automated Ingest from INSDC/NCBI Virus by Loculus	Germany		2022-06	2025-02-03	Monkeypox virus															ERS13580844,ERS13580845,ERS13580846
ERS13580845	PP_000VLU0	PP_000VLU0.2	Brinkmann, A.; Kohl, C.; Pape, K.; Bourquain, D.; Thurmer, A.; Michel, J.; Schaade, L.; Nitsche, A.	Robert Koch Institute, Centre for Biological Threats, Highly Pathogenic Viruses	insdc_ingest_user	Automated Ingest from INSDC/NCBI Virus by Loculus	Germany		2022-06	2025-02-03	Monkeypox virus															ERS13580844,ERS13580845,ERS13580846
ERS13580846	PP_000VLU0	PP_000VLU0.2	Brinkmann, A.; Kohl, C.; Pape, K.; Bourquain, D.; Thurmer, A.; Michel, J.; Schaade, L.; Nitsche, A.	Robert Koch Institute, Centre for Biological Threats, Highly Pathogenic Viruses	insdc_ingest_user	Automated Ingest from INSDC/NCBI Virus by Loculus	Germany		2022-06	2025-02-03	Monkeypox virus															ERS13580844,ERS13580845,ERS13580846
ERS13580847	PP_000VLVY	PP_000VLVY.2	Brinkmann, A.; Kohl, C.; Pape, K.; Bourquain, D.; Thurmer, A.; Michel, J.; Schaade, L.; Nitsche, A.	Robert Koch Institute, Centre for Biological Threats, Highly Pathogenic Viruses	insdc_ingest_user	Automated Ingest from INSDC/NCBI Virus by Loculus	Germany		2022-07	2025-02-03	Monkeypox virus															ERS13580847,ERS13580848,ERS13580849
ERS13580848	PP_000VLVY	PP_000VLVY.2	Brinkmann, A.; Kohl, C.; Pape, K.; Bourquain, D.; Thurmer, A.; Michel, J.; Schaade, L.; Nitsche, A.	Robert Koch Institute, Centre for Biological Threats, Highly Pathogenic Viruses	insdc_ingest_user	Automated Ingest from INSDC/NCBI Virus by Loculus	Germany		2022-07	2025-02-03	Monkeypox virus															ERS13580847,ERS13580848,ERS13580849
ERS13580849	PP_000VLVY	PP_000VLVY.2	Brinkmann, A.; Kohl, C.; Pape, K.; Bourquain, D.; Thurmer, A.; Michel, J.; Schaade, L.; Nitsche, A.	Robert Koch Institute, Centre for Biological Threats, Highly Pathogenic Viruses	insdc_ingest_user	Automated Ingest from INSDC/NCBI Virus by Loculus	Germany		2022-07	2025-02-03	Monkeypox virus															ERS13580847,ERS13580848,ERS13580849
ERS13580850	PP_000VLWW	PP_000VLWW.2	Brinkmann, A.; Kohl, C.; Pape, K.; Bourquain, D.; Thurmer, A.; Michel, J.; Schaade, L.; Nitsche, A.	Robert Koch Institute, Centre for Biological Threats, Highly Pathogenic Viruses	insdc_ingest_user	Automated Ingest from INSDC/NCBI Virus by Loculus	Germany		2022-09	2025-02-03	Monkeypox virus															ERS13580850,ERS13580851,ERS13580852,ERS13580853
ERS13580851	PP_000VLWW	PP_000VLWW.2	Brinkmann, A.; Kohl, C.; Pape, K.; Bourquain, D.; Thurmer, A.; Michel, J.; Schaade, L.; Nitsche, A.	Robert Koch Institute, Centre for Biological Threats, Highly Pathogenic Viruses	insdc_ingest_user	Automated Ingest from INSDC/NCBI Virus by Loculus	Germany		2022-09	2025-02-03	Monkeypox virus															ERS13580850,ERS13580851,ERS13580852,ERS13580853
ERS13580852	PP_000VLWW	PP_000VLWW.2	Brinkmann, A.; Kohl, C.; Pape, K.; Bourquain, D.; Thurmer, A.; Michel, J.; Schaade, L.; Nitsche, A.	Robert Koch Institute, Centre for Biological Threats, Highly Pathogenic Viruses	insdc_ingest_user	Automated Ingest from INSDC/NCBI Virus by Loculus	Germany		2022-09	2025-02-03	Monkeypox virus															ERS13580850,ERS13580851,ERS13580852,ERS13580853
ERS13580853	PP_000VLWW	PP_000VLWW.2	Brinkmann, A.; Kohl, C.; Pape, K.; Bourquain, D.; Thurmer, A.; Michel, J.; Schaade, L.; Nitsche, A.	Robert Koch Institute, Centre for Biological Threats, Highly Pathogenic Viruses	insdc_ingest_user	Automated Ingest from INSDC/NCBI Virus by Loculus	Germany		2022-09	2025-02-03	Monkeypox virus															ERS13580850,ERS13580851,ERS13580852,ERS13580853
SRR22033832	PP_000VLXU	PP_000VLXU.2	Sereewit, J.; Xie, H.; Roychoudhury, P.; Greninger, A. L.	UW Virology, Laboratory Medicine	insdc_ingest_user	Automated Ingest from INSDC/NCBI Virus by Loculus	USA	WA	2022-09	2025-02-03	Monkeypox virus					PRJNA862948	SAMN31428929	GENOMIC	Targeted-Capture	RANDOM PCR	ILLUMINA	NextSeq 2000	1682659	508163018	2022-10-26	SRR22033832
SRR22033831	PP_000VLYS	PP_000VLYS.2	Sereewit, J.; Xie, H.; Roychoudhury, P.; Greninger, A. L.	UW Virology, Laboratory Medicine	insdc_ingest_user	Automated Ingest from INSDC/NCBI Virus by Loculus	USA	WA	2022-09	2025-02-03	Monkeypox virus					PRJNA862948	SAMN31428930	GENOMIC	Targeted-Capture	RANDOM PCR	ILLUMINA	NextSeq 2000	1690860	510639720	2022-10-26	SRR22033831
SRR22085315	PP_000VNP8	PP_000VNP8.2	Sereewit, J.; Xie, H.; Roychoudhury, P.; Greninger, A. L.	UW Virology, Laboratory Medicine	insdc_ingest_user	Automated Ingest from INSDC/NCBI Virus by Loculus	USA	WA	2022-07	2025-02-03	Monkeypox virus					PRJNA862948	SAMN31509977	GENOMIC	Targeted-Capture	RANDOM PCR	ILLUMINA	NextSeq 2000	1659277	501101654	2022-10-29	SRR22085315
SRR22085314	PP_000VNQ6	PP_000VNQ6.2	Sereewit, J.; Xie, H.; Roychoudhury, P.; Greninger, A. L.	UW Virology, Laboratory Medicine	insdc_ingest_user	Automated Ingest from INSDC/NCBI Virus by Loculus	USA	WA	2022-08	2025-02-03	Monkeypox virus					PRJNA862948	SAMN31509978	GENOMIC	Targeted-Capture	RANDOM PCR	ILLUMINA	NextSeq 2000	1317674	397937548	2022-10-29	SRR22085314
SRR22085313	PP_000VNR4	PP_000VNR4.2	Sereewit, J.; Xie, H.; Roychoudhury, P.; Greninger, A. L.	UW Virology, Laboratory Medicine	insdc_ingest_user	Automated Ingest from INSDC/NCBI Virus by Loculus	USA	WA	2022-08	2025-02-03	Monkeypox virus					PRJNA862948	SAMN31509979	GENOMIC	Targeted-Capture	RANDOM PCR	ILLUMINA	NextSeq 2000	1235782	373206164	2022-10-29	SRR22085313
SRR22085312	PP_000VNS2	PP_000VNS2.2	Sereewit, J.; Xie, H.; Roychoudhury, P.; Greninger, A. L.	UW Virology, Laboratory Medicine	insdc_ingest_user	Automated Ingest from INSDC/NCBI Virus by Loculus	USA	WA	2022-08	2025-02-03	Monkeypox virus					PRJNA862948	SAMN31509980	GENOMIC	Targeted-Capture	RANDOM PCR	ILLUMINA	NextSeq 2000	826910	249726820	2022-10-29	SRR22085312
SRR22085349	PP_000VNT0	PP_000VNT0.2	Sereewit, J.; Xie, H.; Roychoudhury, P.; Greninger, A. L.	UW Virology, Laboratory Medicine	insdc_ingest_user	Automated Ingest from INSDC/NCBI Virus by Loculus	USA	WA	2022-08	2025-02-03	Monkeypox virus					PRJNA862948	SAMN31509938	GENOMIC	Targeted-Capture	RANDOM PCR	ILLUMINA	NextSeq 2000	1876421	566679142	2022-10-29	SRR22085349
SRR22085338	PP_000VNUY	PP_000VNUY.2	Sereewit, J.; Xie, H.; Roychoudhury, P.; Greninger, A. L.	UW Virology, Laboratory Medicine	insdc_ingest_user	Automated Ingest from INSDC/NCBI Virus by Loculus	USA	OH	2022-08	2025-02-03	Monkeypox virus					PRJNA862948	SAMN31509939	GENOMIC	Targeted-Capture	RANDOM PCR	ILLUMINA	NextSeq 2000	1282274	387246748	2022-10-29	SRR22085338
SRR22085327	PP_000VNVW	PP_000VNVW.2	Sereewit, J.; Xie, H.; Roychoudhury, P.; Greninger, A. L.	UW Virology, Laboratory Medicine	insdc_ingest_user	Automated Ingest from INSDC/NCBI Virus by Loculus	USA	OH	2022-08	2025-02-03	Monkeypox virus					PRJNA862948	SAMN31509940	GENOMIC	Targeted-Capture	RANDOM PCR	ILLUMINA	NextSeq 2000	809863	244578626	2022-10-29	SRR22085327
SRR22085316	PP_000VNWU	PP_000VNWU.2	Sereewit, J.; Xie, H.; Roychoudhury, P.; Greninger, A. L.	UW Virology, Laboratory Medicine	insdc_ingest_user	Automated Ingest from INSDC/NCBI Virus by Loculus	USA	WA	2022-08	2025-02-03	Monkeypox virus					PRJNA862948	SAMN31509941	GENOMIC	Targeted-Capture	RANDOM PCR	ILLUMINA	NextSeq 2000	1988415	600501330	2022-10-29	SRR22085316
SRR22085311	PP_000VNXS	PP_000VNXS.2	Sereewit, J.; Xie, H.; Roychoudhury, P.; Greninger, A. L.	UW Virology, Laboratory Medicine	insdc_ingest_user	Automated Ingest from INSDC/NCBI Virus by Loculus	USA	WA	2022-08	2025-02-03	Monkeypox virus					PRJNA862948	SAMN31509942	GENOMIC	Targeted-Capture	RANDOM PCR	ILLUMINA	NextSeq 2000	3599812	1087143224	2022-10-29	SRR22085311
SRR22085310	PP_000VNYQ	PP_000VNYQ.2	Sereewit, J.; Xie, H.; Roychoudhury, P.; Greninger, A. L.	UW Virology, Laboratory Medicine	insdc_ingest_user	Automated Ingest from INSDC/NCBI Virus by Loculus	USA	WA	2022-08	2025-02-03	Monkeypox virus					PRJNA862948	SAMN31509943	GENOMIC	Targeted-Capture	RANDOM PCR	ILLUMINA	NextSeq 2000	495208	149552816	2022-10-29	SRR22085310
SRR22085309	PP_000VNZN	PP_000VNZN.2	Sereewit, J.; Xie, H.; Roychoudhury, P.; Greninger, A. L.	UW Virology, Laboratory Medicine	insdc_ingest_user	Automated Ingest from INSDC/NCBI Virus by Loculus	USA	WA	2022-08	2025-02-03	Monkeypox virus					PRJNA862948	SAMN31509944	GENOMIC	Targeted-Capture	RANDOM PCR	ILLUMINA	NextSeq 2000	1208516	364971832	2022-10-29	SRR22085309
SRR22085308	PP_000VP0L	PP_000VP0L.2	Sereewit, J.; Xie, H.; Roychoudhury, P.; Greninger, A. L.	UW Virology, Laboratory Medicine	insdc_ingest_user	Automated Ingest from INSDC/NCBI Virus by Loculus	USA	WA	2022-08	2025-02-03	Monkeypox virus					PRJNA862948	SAMN31509945	GENOMIC	Targeted-Capture	RANDOM PCR	ILLUMINA	NextSeq 2000	1417708	428147816	2022-10-29	SRR22085308
SRR22085307	PP_000VP1J	PP_000VP1J.2	Sereewit, J.; Xie, H.; Roychoudhury, P.; Greninger, A. L.	UW Virology, Laboratory Medicine	insdc_ingest_user	Automated Ingest from INSDC/NCBI Virus by Loculus	USA	WA	2022-09	2025-02-03	Monkeypox virus					PRJNA862948	SAMN31509946	GENOMIC	Targeted-Capture	RANDOM PCR	ILLUMINA	NextSeq 2000	407176	122967152	2022-10-29	SRR22085307
SRR22085348	PP_000VP2G	PP_000VP2G.2	Sereewit, J.; Xie, H.; Roychoudhury, P.; Greninger, A. L.	UW Virology, Laboratory Medicine	insdc_ingest_user	Automated Ingest from INSDC/NCBI Virus by Loculus	USA	WA	2022-09	2025-02-03	Monkeypox virus					PRJNA862948	SAMN31509947	GENOMIC	Targeted-Capture	RANDOM PCR	ILLUMINA	NextSeq 2000	955541	288573382	2022-10-29	SRR22085348
SRR22085347	PP_000VP3E	PP_000VP3E.2	Sereewit, J.; Xie, H.; Roychoudhury, P.; Greninger, A. L.	UW Virology, Laboratory Medicine	insdc_ingest_user	Automated Ingest from INSDC/NCBI Virus by Loculus	USA	WA	2022-09	2025-02-03	Monkeypox virus					PRJNA862948	SAMN31509948	GENOMIC	Targeted-Capture	RANDOM PCR	ILLUMINA	NextSeq 2000	915760	276559520	2022-10-29	SRR22085347
SRR22085346	PP_000VP4C	PP_000VP4C.2	Sereewit, J.; Xie, H.; Roychoudhury, P.; Greninger, A. L.	UW Virology, Laboratory Medicine	insdc_ingest_user	Automated Ingest from INSDC/NCBI Virus by Loculus	USA	WA	2022-09	2025-02-03	Monkeypox virus					PRJNA862948	SAMN31509949	GENOMIC	Targeted-Capture	RANDOM PCR	ILLUMINA	NextSeq 2000	430871	130123042	2022-10-29	SRR22085346
SRR22085345	PP_000VP5A	PP_000VP5A.2	Sereewit, J.; Xie, H.; Roychoudhury, P.; Greninger, A. L.	UW Virology, Laboratory Medicine	insdc_ingest_user	Automated Ingest from INSDC/NCBI Virus by Loculus	USA	WA	2022-09	2025-02-03	Monkeypox virus					PRJNA862948	SAMN31509950	GENOMIC	Targeted-Capture	RANDOM PCR	ILLUMINA	NextSeq 2000	725281	219034862	2022-10-29	SRR22085345
SRR22085344	PP_000VP68	PP_000VP68.2	Sereewit, J.; Xie, H.; Roychoudhury, P.; Greninger, A. L.	UW Virology, Laboratory Medicine	insdc_ingest_user	Automated Ingest from INSDC/NCBI Virus by Loculus	USA	WA	2022-09	2025-02-03	Monkeypox virus					PRJNA862948	SAMN31509951	GENOMIC	Targeted-Capture	RANDOM PCR	ILLUMINA	NextSeq 2000	1131884	341828968	2022-10-29	SRR22085344
SRR22085343	PP_000VP76	PP_000VP76.2	Sereewit, J.; Xie, H.; Roychoudhury, P.; Greninger, A. L.	UW Virology, Laboratory Medicine	insdc_ingest_user	Automated Ingest from INSDC/NCBI Virus by Loculus	USA	WA	2022-09	2025-02-03	Monkeypox virus					PRJNA862948	SAMN31509952	GENOMIC	Targeted-Capture	RANDOM PCR	ILLUMINA	NextSeq 2000	818644	247230488	2022-10-29	SRR22085343
SRR22085342	PP_000VP84	PP_000VP84.2	Sereewit, J.; Xie, H.; Roychoudhury, P.; Greninger, A. L.	UW Virology, Laboratory Medicine	insdc_ingest_user	Automated Ingest from INSDC/NCBI Virus by Loculus	USA	WA	2022-09	2025-02-03	Monkeypox virus					PRJNA862948	SAMN31509953	GENOMIC	Targeted-Capture	RANDOM PCR	ILLUMINA	NextSeq 2000	1378237	416227574	2022-10-29	SRR22085342
SRR22085341	PP_000VP92	PP_000VP92.2	Sereewit, J.; Xie, H.; Roychoudhury, P.; Greninger, A. L.	UW Virology, Laboratory Medicine	insdc_ingest_user	Automated Ingest from INSDC/NCBI Virus by Loculus	USA	WA	2022-09	2025-02-03	Monkeypox virus					PRJNA862948	SAMN31509954	GENOMIC	Targeted-Capture	RANDOM PCR	ILLUMINA	NextSeq 2000	1002024	302611248	2022-10-29	SRR22085341
SRR22085340	PP_000VPA0	PP_000VPA0.2	Sereewit, J.; Xie, H.; Roychoudhury, P.; Greninger, A. L.	UW Virology, Laboratory Medicine	insdc_ingest_user	Automated Ingest from INSDC/NCBI Virus by Loculus	USA	WA	2022-09	2025-02-03	Monkeypox virus					PRJNA862948	SAMN31509955	GENOMIC	Targeted-Capture	RANDOM PCR	ILLUMINA	NextSeq 2000	608343	183719586	2022-10-29	SRR22085340
SRR22085339	PP_000VPBY	PP_000VPBY.2	Sereewit, J.; Xie, H.; Roychoudhury, P.; Greninger, A. L.	UW Virology, Laboratory Medicine	insdc_ingest_user	Automated Ingest from INSDC/NCBI Virus by Loculus	USA	WA	2022-09	2025-02-03	Monkeypox virus					PRJNA862948	SAMN31509956	GENOMIC	Targeted-Capture	RANDOM PCR	ILLUMINA	NextSeq 2000	568352	171642304	2022-10-29	SRR22085339
SRR22085337	PP_000VPCW	PP_000VPCW.2	Sereewit, J.; Xie, H.; Roychoudhury, P.; Greninger, A. L.	UW Virology, Laboratory Medicine	insdc_ingest_user	Automated Ingest from INSDC/NCBI Virus by Loculus	USA	WA	2022-09	2025-02-03	Monkeypox virus					PRJNA862948	SAMN31509957	GENOMIC	Targeted-Capture	RANDOM PCR	ILLUMINA	NextSeq 2000	757994	228914188	2022-10-29	SRR22085337
SRR22085336	PP_000VPDU	PP_000VPDU.2	Sereewit, J.; Xie, H.; Roychoudhury, P.; Greninger, A. L.	UW Virology, Laboratory Medicine	insdc_ingest_user	Automated Ingest from INSDC/NCBI Virus by Loculus	USA	WA	2022-09	2025-02-03	Monkeypox virus					PRJNA862948	SAMN31509958	GENOMIC	Targeted-Capture	RANDOM PCR	ILLUMINA	NextSeq 2000	1239019	374183738	2022-10-29	SRR22085336
SRR22085335	PP_000VPES	PP_000VPES.2	Sereewit, J.; Xie, H.; Roychoudhury, P.; Greninger, A. L.	UW Virology, Laboratory Medicine	insdc_ingest_user	Automated Ingest from INSDC/NCBI Virus by Loculus	USA	WA	2022-09	2025-02-03	Monkeypox virus					PRJNA862948	SAMN31509959	GENOMIC	Targeted-Capture	RANDOM PCR	ILLUMINA	NextSeq 2000	2989462	902817524	2022-10-29	SRR22085335
SRR22085334	PP_000VPFQ	PP_000VPFQ.2	Sereewit, J.; Xie, H.; Roychoudhury, P.; Greninger, A. L.	UW Virology, Laboratory Medicine	insdc_ingest_user	Automated Ingest from INSDC/NCBI Virus by Loculus	USA	WA	2022-09	2025-02-03	Monkeypox virus					PRJNA862948	SAMN31509960	GENOMIC	Targeted-Capture	RANDOM PCR	ILLUMINA	NextSeq 2000	1989928	600958256	2022-10-29	SRR22085334
SRR22085333	PP_000VPGN	PP_000VPGN.2	Sereewit, J.; Xie, H.; Roychoudhury, P.; Greninger, A. L.	UW Virology, Laboratory Medicine	insdc_ingest_user	Automated Ingest from INSDC/NCBI Virus by Loculus	USA	WA	2022-09	2025-02-03	Monkeypox virus					PRJNA862948	SAMN31509961	GENOMIC	Targeted-Capture	RANDOM PCR	ILLUMINA	NextSeq 2000	1192436	360115672	2022-10-29	SRR22085333
SRR22085332	PP_000VPHK	PP_000VPHK.2	Sereewit, J.; Xie, H.; Roychoudhury, P.; Greninger, A. L.	UW Virology, Laboratory Medicine	insdc_ingest_user	Automated Ingest from INSDC/NCBI Virus by Loculus	USA	WA	2022-09	2025-02-03	Monkeypox virus					PRJNA862948	SAMN31509962	GENOMIC	Targeted-Capture	RANDOM PCR	ILLUMINA	NextSeq 2000	909834	274769868	2022-10-29	SRR22085332
SRR22085331	PP_000VPJH	PP_000VPJH.2	Sereewit, J.; Xie, H.; Roychoudhury, P.; Greninger, A. L.	UW Virology, Laboratory Medicine	insdc_ingest_user	Automated Ingest from INSDC/NCBI Virus by Loculus	USA	WA	2022-09	2025-02-03	Monkeypox virus					PRJNA862948	SAMN31509963	GENOMIC	Targeted-Capture	RANDOM PCR	ILLUMINA	NextSeq 2000	1874659	566147018	2022-10-29	SRR22085331
SRR22085330	PP_000VPKF	PP_000VPKF.2	Sereewit, J.; Xie, H.; Roychoudhury, P.; Greninger, A. L.	UW Virology, Laboratory Medicine	insdc_ingest_user	Automated Ingest from INSDC/NCBI Virus by Loculus	USA	WA	2022-09	2025-02-03	Monkeypox virus					PRJNA862948	SAMN31509964	GENOMIC	Targeted-Capture	RANDOM PCR	ILLUMINA	NextSeq 2000	2064654	623525508	2022-10-29	SRR22085330
SRR22085329	PP_000VPLD	PP_000VPLD.2	Sereewit, J.; Xie, H.; Roychoudhury, P.; Greninger, A. L.	UW Virology, Laboratory Medicine	insdc_ingest_user	Automated Ingest from INSDC/NCBI Virus by Loculus	USA	WA	2022-09	2025-02-03	Monkeypox virus					PRJNA862948	SAMN31509965	GENOMIC	Targeted-Capture	RANDOM PCR	ILLUMINA	NextSeq 2000	1925761	581579822	2022-10-29	SRR22085329
SRR22085328	PP_000VPMB	PP_000VPMB.2	Sereewit, J.; Xie, H.; Roychoudhury, P.; Greninger, A. L.	UW Virology, Laboratory Medicine	insdc_ingest_user	Automated Ingest from INSDC/NCBI Virus by Loculus	USA	WA	2022-09	2025-02-03	Monkeypox virus					PRJNA862948	SAMN31509966	GENOMIC	Targeted-Capture	RANDOM PCR	ILLUMINA	NextSeq 2000	1732074	523086348	2022-10-29	SRR22085328
SRR22085326	PP_000VPN9	PP_000VPN9.2	Sereewit, J.; Xie, H.; Roychoudhury, P.; Greninger, A. L.	UW Virology, Laboratory Medicine	insdc_ingest_user	Automated Ingest from INSDC/NCBI Virus by Loculus	USA	WA	2022-09	2025-02-03	Monkeypox virus					PRJNA862948	SAMN31509967	GENOMIC	Targeted-Capture	RANDOM PCR	ILLUMINA	NextSeq 2000	1845734	557411668	2022-10-29	SRR22085326
SRR22085325	PP_000VPP7	PP_000VPP7.2	Sereewit, J.; Xie, H.; Roychoudhury, P.; Greninger, A. L.	UW Virology, Laboratory Medicine	insdc_ingest_user	Automated Ingest from INSDC/NCBI Virus by Loculus	USA	WA	2022-09	2025-02-03	Monkeypox virus					PRJNA862948	SAMN31509968	GENOMIC	Targeted-Capture	RANDOM PCR	ILLUMINA	NextSeq 2000	874869	264210438	2022-10-29	SRR22085325
SRR22085324	PP_000VPQ5	PP_000VPQ5.2	Sereewit, J.; Xie, H.; Roychoudhury, P.; Greninger, A. L.	UW Virology, Laboratory Medicine	insdc_ingest_user	Automated Ingest from INSDC/NCBI Virus by Loculus	USA	WA	2022-09	2025-02-03	Monkeypox virus					PRJNA862948	SAMN31509969	GENOMIC	Targeted-Capture	RANDOM PCR	ILLUMINA	NextSeq 2000	1625586	490926972	2022-10-29	SRR22085324
SRR22085323	PP_000VPR3	PP_000VPR3.2	Sereewit, J.; Xie, H.; Roychoudhury, P.; Greninger, A. L.	UW Virology, Laboratory Medicine	insdc_ingest_user	Automated Ingest from INSDC/NCBI Virus by Loculus	USA	WA	2022-09	2025-02-03	Monkeypox virus					PRJNA862948	SAMN31509970	GENOMIC	Targeted-Capture	RANDOM PCR	ILLUMINA	NextSeq 2000	1182982	357260564	2022-10-29	SRR22085323
SRR22085322	PP_000VPS1	PP_000VPS1.2	Sereewit, J.; Xie, H.; Roychoudhury, P.; Greninger, A. L.	UW Virology, Laboratory Medicine	insdc_ingest_user	Automated Ingest from INSDC/NCBI Virus by Loculus	USA	WA	2022-09	2025-02-03	Monkeypox virus					PRJNA862948	SAMN31509971	GENOMIC	Targeted-Capture	RANDOM PCR	ILLUMINA	NextSeq 2000	788086	238001972	2022-10-29	SRR22085322
SRR22085321	PP_000VPTZ	PP_000VPTZ.2	Sereewit, J.; Xie, H.; Roychoudhury, P.; Greninger, A. L.	UW Virology, Laboratory Medicine	insdc_ingest_user	Automated Ingest from INSDC/NCBI Virus by Loculus	USA	WA	2022-09	2025-02-03	Monkeypox virus					PRJNA862948	SAMN31509972	GENOMIC	Targeted-Capture	RANDOM PCR	ILLUMINA	NextSeq 2000	1585146	478714092	2022-10-29	SRR22085321
SRR22085320	PP_000VPUX	PP_000VPUX.2	Sereewit, J.; Xie, H.; Roychoudhury, P.; Greninger, A. L.	UW Virology, Laboratory Medicine	insdc_ingest_user	Automated Ingest from INSDC/NCBI Virus by Loculus	USA	WA	2022-09	2025-02-03	Monkeypox virus					PRJNA862948	SAMN31509973	GENOMIC	Targeted-Capture	RANDOM PCR	ILLUMINA	NextSeq 2000	1917852	579191304	2022-10-29	SRR22085320
SRR22085319	PP_000VPVV	PP_000VPVV.2	Sereewit, J.; Xie, H.; Roychoudhury, P.; Greninger, A. L.	UW Virology, Laboratory Medicine	insdc_ingest_user	Automated Ingest from INSDC/NCBI Virus by Loculus	USA	WA	2022-09	2025-02-03	Monkeypox virus					PRJNA862948	SAMN31509974	GENOMIC	Targeted-Capture	RANDOM PCR	ILLUMINA	NextSeq 2000	1892173	571436246	2022-10-29	SRR22085319
SRR22085318	PP_000VPWT	PP_000VPWT.2	Sereewit, J.; Xie, H.; Roychoudhury, P.; Greninger, A. L.	UW Virology, Laboratory Medicine	insdc_ingest_user	Automated Ingest from INSDC/NCBI Virus by Loculus	USA	WA	2022-09	2025-02-03	Monkeypox virus					PRJNA862948	SAMN31509975	GENOMIC	Targeted-Capture	RANDOM PCR	ILLUMINA	NextSeq 2000	1241570	374954140	2022-10-29	SRR22085318
SRR22085317	PP_000VPXR	PP_000VPXR.2	Sereewit, J.; Xie, H.; Roychoudhury, P.; Greninger, A. L.	UW Virology, Laboratory Medicine	insdc_ingest_user	Automated Ingest from INSDC/NCBI Virus by Loculus	USA	WA	2022-09	2025-02-03	Monkeypox virus					PRJNA862948	SAMN31509976	GENOMIC	Targeted-Capture	RANDOM PCR	ILLUMINA	NextSeq 2000	2638553	796843006	2022-10-29	SRR22085317
SRR22094398	PP_000VPYP	PP_000VPYP.2	Sereewit, J.; Xie, H.; Roychoudhury, P.; Greninger, A. L.	UW Virology, Laboratory Medicine	insdc_ingest_user	Automated Ingest from INSDC/NCBI Virus by Loculus	USA	WA	2022-08	2025-02-03	Monkeypox virus					PRJNA862948	SAMN31516422	GENOMIC	Targeted-Capture	RANDOM PCR	ILLUMINA	NextSeq 2000	2347574	708967348	2022-10-30	SRR22094398
SRR22094397	PP_000VPZM	PP_000VPZM.2	Sereewit, J.; Xie, H.; Roychoudhury, P.; Greninger, A. L.	UW Virology, Laboratory Medicine	insdc_ingest_user	Automated Ingest from INSDC/NCBI Virus by Loculus	USA	WA	2022-10	2025-02-03	Monkeypox virus					PRJNA862948	SAMN31516423	GENOMIC	Targeted-Capture	RANDOM PCR	ILLUMINA	NextSeq 2000	1602700	484015400	2022-10-30	SRR22094397
SRR22094396	PP_000VQ0K	PP_000VQ0K.2	Sereewit, J.; Xie, H.; Roychoudhury, P.; Greninger, A. L.	UW Virology, Laboratory Medicine	insdc_ingest_user	Automated Ingest from INSDC/NCBI Virus by Loculus	USA	WA	2022-10	2025-02-03	Monkeypox virus					PRJNA862948	SAMN31516424	GENOMIC	Targeted-Capture	RANDOM PCR	ILLUMINA	NextSeq 2000	1369209	413501118	2022-10-30	SRR22094396
SRR22094395	PP_000VQ1H	PP_000VQ1H.2	Sereewit, J.; Xie, H.; Roychoudhury, P.; Greninger, A. L.	UW Virology, Laboratory Medicine	insdc_ingest_user	Automated Ingest from INSDC/NCBI Virus by Loculus	USA	Unknown	2022-10	2025-02-03	Monkeypox virus					PRJNA862948	SAMN31516425	GENOMIC	Targeted-Capture	RANDOM PCR	ILLUMINA	NextSeq 2000	2064066	623347932	2022-10-30	SRR22094395
SRR22094394	PP_000VQ2F	PP_000VQ2F.2	Sereewit, J.; Xie, H.; Roychoudhury, P.; Greninger, A. L.	UW Virology, Laboratory Medicine	insdc_ingest_user	Automated Ingest from INSDC/NCBI Virus by Loculus	USA	Unknown	2022-10	2025-02-03	Monkeypox virus					PRJNA862948	SAMN31516426	GENOMIC	Targeted-Capture	RANDOM PCR	ILLUMINA	NextSeq 2000	2673238	807317876	2022-10-30	SRR22094394
SRR22094393	PP_000VQ3D	PP_000VQ3D.2	Sereewit, J.; Xie, H.; Roychoudhury, P.; Greninger, A. L.	UW Virology, Laboratory Medicine	insdc_ingest_user	Automated Ingest from INSDC/NCBI Virus by Loculus	USA	WA	2022-10	2025-02-03	Monkeypox virus					PRJNA862948	SAMN31516427	GENOMIC	Targeted-Capture	RANDOM PCR	ILLUMINA	NextSeq 2000	1555336	469711472	2022-10-30	SRR22094393
SRR22094392	PP_000VQ4B	PP_000VQ4B.2	Sereewit, J.; Xie, H.; Roychoudhury, P.; Greninger, A. L.	UW Virology, Laboratory Medicine	insdc_ingest_user	Automated Ingest from INSDC/NCBI Virus by Loculus	USA	Unknown	2022-10	2025-02-03	Monkeypox virus					PRJNA862948	SAMN31516428	GENOMIC	Targeted-Capture	RANDOM PCR	ILLUMINA	NextSeq 2000	1226564	370422328	2022-10-30	SRR22094392
SRR22102842	PP_000VQ59	PP_000VQ59.2	Sereewit, J.; Xie, H.; Roychoudhury, P.; Greninger, A. L.	UW Virology, Laboratory Medicine	insdc_ingest_user	Automated Ingest from INSDC/NCBI Virus by Loculus	USA	WA	2022-08	2025-02-03	Monkeypox virus					PRJNA862948	SAMN31527165	GENOMIC	Targeted-Capture	RANDOM PCR	ILLUMINA	NextSeq 2000	13209028	3989126456	2022-11-02	SRR22102842
SRR22102850	PP_000VQ67	PP_000VQ67.2	Sereewit, J.; Xie, H.; Roychoudhury, P.; Greninger, A. L.	UW Virology, Laboratory Medicine	insdc_ingest_user	Automated Ingest from INSDC/NCBI Virus by Loculus	USA	WA	2022-09	2025-02-03	Monkeypox virus					PRJNA862948	SAMN31527159	GENOMIC	Targeted-Capture	RANDOM PCR	ILLUMINA	NextSeq 2000	3343252	1009662104	2022-11-02	SRR22102850
SRR22102849	PP_000VQ75	PP_000VQ75.2	Sereewit, J.; Xie, H.; Roychoudhury, P.; Greninger, A. L.	UW Virology, Laboratory Medicine	insdc_ingest_user	Automated Ingest from INSDC/NCBI Virus by Loculus	USA	WA	2022-09	2025-02-03	Monkeypox virus					PRJNA862948	SAMN31527160	GENOMIC	Targeted-Capture	RANDOM PCR	ILLUMINA	NextSeq 2000	19039790	5750016580	2022-11-02	SRR22102849
SRR22102846	PP_000VQ83	PP_000VQ83.2	Sereewit, J.; Xie, H.; Roychoudhury, P.; Greninger, A. L.	UW Virology, Laboratory Medicine	insdc_ingest_user	Automated Ingest from INSDC/NCBI Virus by Loculus	USA	WA	2022-09	2025-02-03	Monkeypox virus					PRJNA862948	SAMN31527161	GENOMIC	Targeted-Capture	RANDOM PCR	ILLUMINA	NextSeq 2000	24734993	7469967886	2022-11-02	SRR22102846
SRR22102845	PP_000VQ91	PP_000VQ91.2	Sereewit, J.; Xie, H.; Roychoudhury, P.; Greninger, A. L.	UW Virology, Laboratory Medicine	insdc_ingest_user	Automated Ingest from INSDC/NCBI Virus by Loculus	USA	WA	2022-09	2025-02-03	Monkeypox virus					PRJNA862948	SAMN31527162	GENOMIC	Targeted-Capture	RANDOM PCR	ILLUMINA	NextSeq 2000	25212981	7614320262	2022-11-02	SRR22102845
SRR22102844	PP_000VQAZ	PP_000VQAZ.2	Sereewit, J.; Xie, H.; Roychoudhury, P.; Greninger, A. L.	UW Virology, Laboratory Medicine	insdc_ingest_user	Automated Ingest from INSDC/NCBI Virus by Loculus	USA	WA	2022-09	2025-02-03	Monkeypox virus					PRJNA862948	SAMN31527163	GENOMIC	Targeted-Capture	RANDOM PCR	ILLUMINA	NextSeq 2000	14239147	4300222394	2022-11-02	SRR22102844
SRR22102843	PP_000VQBX	PP_000VQBX.2	Sereewit, J.; Xie, H.; Roychoudhury, P.; Greninger, A. L.	UW Virology, Laboratory Medicine	insdc_ingest_user	Automated Ingest from INSDC/NCBI Virus by Loculus	USA	WA	2022-09	2025-02-03	Monkeypox virus					PRJNA862948	SAMN31527164	GENOMIC	Targeted-Capture	RANDOM PCR	ILLUMINA	NextSeq 2000	13875928	4190530256	2022-11-02	SRR22102843
SRR22102841	PP_000VQCV	PP_000VQCV.2	Sereewit, J.; Xie, H.; Roychoudhury, P.; Greninger, A. L.	UW Virology, Laboratory Medicine	insdc_ingest_user	Automated Ingest from INSDC/NCBI Virus by Loculus	USA	WA	2022-10	2025-02-03	Monkeypox virus					PRJNA862948	SAMN31527166	GENOMIC	Targeted-Capture	RANDOM PCR	ILLUMINA	NextSeq 2000	4313507	1302679114	2022-11-02	SRR22102841
SRR22102840	PP_000VQDT	PP_000VQDT.2	Sereewit, J.; Xie, H.; Roychoudhury, P.; Greninger, A. L.	UW Virology, Laboratory Medicine	insdc_ingest_user	Automated Ingest from INSDC/NCBI Virus by Loculus	USA	Unknown	2022-10	2025-02-03	Monkeypox virus					PRJNA862948	SAMN31527167	GENOMIC	Targeted-Capture	RANDOM PCR	ILLUMINA	NextSeq 2000	5527613	1669339126	2022-11-02	SRR22102840
SRR22102839	PP_000VQER	PP_000VQER.2	Sereewit, J.; Xie, H.; Roychoudhury, P.; Greninger, A. L.	UW Virology, Laboratory Medicine	insdc_ingest_user	Automated Ingest from INSDC/NCBI Virus by Loculus	USA	WA	2022-10	2025-02-03	Monkeypox virus					PRJNA862948	SAMN31527168	GENOMIC	Targeted-Capture	RANDOM PCR	ILLUMINA	NextSeq 2000	1620571	489412442	2022-11-02	SRR22102839
SRR22102847	PP_000VQFP	PP_000VQFP.2	Sereewit, J.; Xie, H.; Roychoudhury, P.; Greninger, A. L.	UW Virology, Laboratory Medicine	insdc_ingest_user	Automated Ingest from INSDC/NCBI Virus by Loculus	USA	Unknown	2022-09	2025-02-03	Monkeypox virus					PRJNA862948	SAMN31527170	GENOMIC	Targeted-Capture	RANDOM PCR	ILLUMINA	NextSeq 2000	6132974	1852158148	2022-11-02	SRR22102847
SRR22102848	PP_000VQGM	PP_000VQGM.2	Sereewit, J.; Xie, H.; Roychoudhury, P.; Greninger, A. L.	UW Virology, Laboratory Medicine	insdc_ingest_user	Automated Ingest from INSDC/NCBI Virus by Loculus	USA	WA	2022-10	2025-02-03	Monkeypox virus					PRJNA862948	SAMN31527169	GENOMIC	Targeted-Capture	RANDOM PCR	ILLUMINA	NextSeq 2000	4903221	1480772742	2022-11-02	SRR22102848
SRR22110844	PP_000VREQ	PP_000VREQ.2	Gigante, C. M.; Vang, K.; Zhao, H.; Batra, D.; Hetrick, E. E.; Howard, D. T.; Kovar, L.; Seabolt, M. H.; Morrison, S. S.; Desch, M.; Knipe, K.; Weigand, M. R.; Sheth, M.; Burgin, A.; Burroughs, M.; Lee, J.; Wilkins, K.; McCollum, A.; Hutson, C.; Davidson, W.; Rao, A.; Seely, K.; Li, Y.	CDC, DHCPP-PRB	insdc_ingest_user	Automated Ingest from INSDC/NCBI Virus by Loculus	USA	AR	2022-08	2025-02-03	Monkeypox virus					PRJNA849962	SAMN31536882	METAGENOMIC	WGS	RANDOM	ILLUMINA	Illumina NovaSeq 6000	66747	15112154	2022-11-02	SRR22110844
SRR22110846	PP_000VRFN	PP_000VRFN.2	Gigante, C. M.; Francis, D.; Zhao, H.; Batra, D.; Hetrick, E. E.; Howard, D. T.; Kovar, L.; Seabolt, M. H.; Morrison, S. S.; Desch, M.; Knipe, K.; Weigand, M. R.; Sheth, M.; Burgin, A.; Burroughs, M.; Lee, J.; Wilkins, K.; McCollum, A.; Hutson, C.; Davidson, W.; Rao, A.; Escobar, J.; Li, Y.	CDC, DHCPP-PRB	insdc_ingest_user	Automated Ingest from INSDC/NCBI Virus by Loculus	USA	AZ	2022-08	2025-02-03	Monkeypox virus					PRJNA849962	SAMN31536883	METAGENOMIC	WGS	RANDOM	ILLUMINA	Illumina NovaSeq 6000	142090	38403101	2022-11-02	SRR22110846
SRR22110851	PP_000VRGL	PP_000VRGL.2	Gigante, C. M.; Ventura, J.; Zhao, H.; Batra, D.; Hetrick, E. E.; Howard, D. T.; Kovar, L.; Seabolt, M. H.; Morrison, S. S.; Desch, M.; Knipe, K.; Weigand, M. R.; Sheth, M.; Burgin, A.; Burroughs, M.; Lee, J.; Wilkins, K.; McCollum, A.; Hutson, C.; Davidson, W.; Rao, A.; Nash, J.; Li, Y.	CDC, DHCPP-PRB	insdc_ingest_user	Automated Ingest from INSDC/NCBI Virus by Loculus	USA	CA	2022-07	2025-02-03	Monkeypox virus					PRJNA849962	SAMN31536884	METAGENOMIC	WGS	RANDOM	ILLUMINA	Illumina NovaSeq 6000	505400	126998460	2022-11-02	SRR22110851
SRR22110852	PP_000VRHH	PP_000VRHH.2	Gigante, C. M.; Lee, P.; Zhao, H.; Batra, D.; Hetrick, E. E.; Howard, D. T.; Kovar, L.; Seabolt, M. H.; Morrison, S. S.; Desch, M.; Knipe, K.; Weigand, M. R.; Sheth, M.; Burgin, A.; Burroughs, M.; Lee, J.; Wilkins, K.; McCollum, A.; Hutson, C.; Davidson, W.; Rao, A.; Stanek, D.; Li, Y.	CDC, DHCPP-PRB	insdc_ingest_user	Automated Ingest from INSDC/NCBI Virus by Loculus	USA	FL	2022-07	2025-02-03	Monkeypox virus					PRJNA849962	SAMN31536886	METAGENOMIC	WGS	RANDOM	ILLUMINA	Illumina NovaSeq 6000	32509	8851336	2022-11-02	SRR22110852
SRR22110841	PP_000VRJF	PP_000VRJF.2	Gigante, C. M.; Pavlick, J.; Zhao, H.; Batra, D.; Hetrick, E. E.; Howard, D. T.; Kovar, L.; Seabolt, M. H.; Morrison, S. S.; Desch, M.; Knipe, K.; Weigand, M. R.; Sheth, M.; Burgin, A.; Burroughs, M.; Lee, J.; Wilkins, K.; McCollum, A.; Hutson, C.; Davidson, W.; Rao, A.; Parrott, T.; Li, Y.	CDC, DHCPP-PRB	insdc_ingest_user	Automated Ingest from INSDC/NCBI Virus by Loculus	USA	GA	2022-07	2025-02-03	Monkeypox virus					PRJNA849962	SAMN31536887	METAGENOMIC	WGS	RANDOM	ILLUMINA	Illumina NovaSeq 6000	44958	11312650	2022-11-02	SRR22110841
SRR22110847	PP_000VRKD	PP_000VRKD.2	Gigante, C. M.; Fisher, S.; Zhao, H.; Batra, D.; Hetrick, E. E.; Howard, D. T.; Kovar, L.; Seabolt, M. H.; Morrison, S. S.; Desch, M.; Knipe, K.; Weigand, M. R.; Sheth, M.; Burgin, A.; Burroughs, M.; Lee, J.; Wilkins, K.; McCollum, A.; Hutson, C.; Davidson, W.; Rao, A.; Siebert, M.; Li, Y.	CDC, DHCPP-PRB	insdc_ingest_user	Automated Ingest from INSDC/NCBI Virus by Loculus	USA	NM	2022-07	2025-02-03	Monkeypox virus					PRJNA849962	SAMN31536888	METAGENOMIC	WGS	RANDOM	ILLUMINA	Illumina NovaSeq 6000	50165	14169900	2022-11-02	SRR22110847
SRR22110849	PP_000VRLB	PP_000VRLB.2	Gigante, C. M.; Fisher, S.; Zhao, H.; Batra, D.; Hetrick, E. E.; Howard, D. T.; Kovar, L.; Seabolt, M. H.; Morrison, S. S.; Desch, M.; Knipe, K.; Weigand, M. R.; Sheth, M.; Burgin, A.; Burroughs, M.; Lee, J.; Wilkins, K.; McCollum, A.; Hutson, C.; Davidson, W.; Rao, A.; Siebert, M.; Li, Y.	CDC, DHCPP-PRB	insdc_ingest_user	Automated Ingest from INSDC/NCBI Virus by Loculus	USA	NM	2022-07	2025-02-03	Monkeypox virus					PRJNA849962	SAMN31536890	METAGENOMIC	WGS	RANDOM	ILLUMINA	Illumina NovaSeq 6000	1526222	415226856	2022-11-02	SRR22110849
SRR22110863	PP_000VRM9	PP_000VRM9.2	Gigante, C. M.; Ruiz, V.; Zhao, H.; Batra, D.; Hetrick, E. E.; Howard, D. T.; Kovar, L.; Seabolt, M. H.; Morrison, S. S.; Desch, M.; Knipe, K.; Weigand, M. R.; Sheth, M.; Burgin, A.; Burroughs, M.; Lee, J.; Wilkins, K.; McCollum, A.; Hutson, C.; Davidson, W.; Rao, A.; Wang, J.; Li, Y.	CDC, DHCPP-PRB	insdc_ingest_user	Automated Ingest from INSDC/NCBI Virus by Loculus	USA	NY	2022-07	2025-02-03	Monkeypox virus					PRJNA849962	SAMN31536893	METAGENOMIC	WGS	RANDOM	ILLUMINA	Illumina NovaSeq 6000	488798	115957093	2022-11-02	SRR22110863
SRR22110845	PP_000VRN7	PP_000VRN7.2	Gigante, C. M.; Ruiz, V.; Zhao, H.; Batra, D.; Hetrick, E. E.; Howard, D. T.; Kovar, L.; Seabolt, M. H.; Morrison, S. S.; Desch, M.; Knipe, K.; Weigand, M. R.; Sheth, M.; Burgin, A.; Burroughs, M.; Lee, J.; Wilkins, K.; McCollum, A.; Hutson, C.; Davidson, W.; Rao, A.; Wang, J.; Li, Y.	CDC, DHCPP-PRB	insdc_ingest_user	Automated Ingest from INSDC/NCBI Virus by Loculus	USA	NY	2022-08	2025-02-03	Monkeypox virus					PRJNA849962	SAMN31536894	METAGENOMIC	WGS	RANDOM	ILLUMINA	Illumina NovaSeq 6000	82928	18886945	2022-11-02	SRR22110845
SRR22110848	PP_000VRP5	PP_000VRP5.2	Gigante, C. M.; Ruiz, V.; Zhao, H.; Batra, D.; Hetrick, E. E.; Howard, D. T.; Kovar, L.; Seabolt, M. H.; Morrison, S. S.; Desch, M.; Knipe, K.; Weigand, M. R.; Sheth, M.; Burgin, A.; Burroughs, M.; Lee, J.; Wilkins, K.; McCollum, A.; Hutson, C.; Davidson, W.; Rao, A.; Wang, J.; Li, Y.	CDC, DHCPP-PRB	insdc_ingest_user	Automated Ingest from INSDC/NCBI Virus by Loculus	USA	NY	2022-07	2025-02-03	Monkeypox virus					PRJNA849962	SAMN31536895	METAGENOMIC	WGS	RANDOM	ILLUMINA	Illumina NovaSeq 6000	234822	53810740	2022-11-02	SRR22110848
SRR22110850	PP_000VRQ3	PP_000VRQ3.2	Gigante, C. M.; Ruiz, V.; Zhao, H.; Batra, D.; Hetrick, E. E.; Howard, D. T.; Kovar, L.; Seabolt, M. H.; Morrison, S. S.; Desch, M.; Knipe, K.; Weigand, M. R.; Sheth, M.; Burgin, A.; Burroughs, M.; Lee, J.; Wilkins, K.; McCollum, A.; Hutson, C.; Davidson, W.; Rao, A.; Wang, J.; Li, Y.	CDC, DHCPP-PRB	insdc_ingest_user	Automated Ingest from INSDC/NCBI Virus by Loculus	USA	NY	2022-07	2025-02-03	Monkeypox virus					PRJNA849962	SAMN31536897	METAGENOMIC	WGS	RANDOM	ILLUMINA	Illumina NovaSeq 6000	55113	13471250	2022-11-02	SRR22110850
SRR22110860	PP_000VRR1	PP_000VRR1.2	Gigante, C. M.; Cogswell, K.; Zhao, H.; Batra, D.; Hetrick, E. E.; Howard, D. T.; Kovar, L.; Seabolt, M. H.; Morrison, S. S.; Desch, M.; Knipe, K.; Weigand, M. R.; Sheth, M.; Burgin, A.; Burroughs, M.; Lee, J.; Wilkins, K.; McCollum, A.; Hutson, C.; Davidson, W.; Rao, A.; Grenz, L.; Li, Y.	CDC, DHCPP-PRB	insdc_ingest_user	Automated Ingest from INSDC/NCBI Virus by Loculus	USA	OR	2022-06	2025-02-03	Monkeypox virus					PRJNA849962	SAMN31536898	METAGENOMIC	WGS	RANDOM	ILLUMINA	Illumina NovaSeq 6000	865530	243824505	2022-11-02	SRR22110860
SRR22110854	PP_000VRTX	PP_000VRTX.2	Gigante, C. M.; Cogswell, K.; Zhao, H.; Batra, D.; Hetrick, E. E.; Howard, D. T.; Kovar, L.; Seabolt, M. H.; Morrison, S. S.; Desch, M.; Knipe, K.; Weigand, M. R.; Sheth, M.; Burgin, A.; Burroughs, M.; Lee, J.; Wilkins, K.; McCollum, A.; Hutson, C.; Davidson, W.; Rao, A.; Grenz, L.; Li, Y.	CDC, DHCPP-PRB	insdc_ingest_user	Automated Ingest from INSDC/NCBI Virus by Loculus	USA	OR	2022-07	2025-02-03	Monkeypox virus					PRJNA849962	SAMN31536900	METAGENOMIC	WGS	RANDOM	ILLUMINA	Illumina NovaSeq 6000	230180	55227754	2022-11-02	SRR22110854
SRR22110856	PP_000VRUV	PP_000VRUV.2	Gigante, C. M.; Cogswell, K.; Zhao, H.; Batra, D.; Hetrick, E. E.; Howard, D. T.; Kovar, L.; Seabolt, M. H.; Morrison, S. S.; Desch, M.; Knipe, K.; Weigand, M. R.; Sheth, M.; Burgin, A.; Burroughs, M.; Lee, J.; Wilkins, K.; McCollum, A.; Hutson, C.; Davidson, W.; Rao, A.; Grenz, L.; Li, Y.	CDC, DHCPP-PRB	insdc_ingest_user	Automated Ingest from INSDC/NCBI Virus by Loculus	USA	OR	2022-07	2025-02-03	Monkeypox virus					PRJNA849962	SAMN31536901	METAGENOMIC	WGS	RANDOM	ILLUMINA	Illumina NovaSeq 6000	31018	8370021	2022-11-02	SRR22110856
SRR22110873	PP_000VRVT	PP_000VRVT.2	Gigante, C. M.; Epie, N.; Zhao, H.; Batra, D.; Hetrick, E. E.; Howard, D. T.; Kovar, L.; Seabolt, M. H.; Morrison, S. S.; Desch, M.; Knipe, K.; Weigand, M. R.; Sheth, M.; Burgin, A.; Burroughs, M.; Lee, J.; Wilkins, K.; McCollum, A.; Hutson, C.; Davidson, W.; Rao, A.; Perez, T.; Li, Y.	CDC, DHCPP-PRB	insdc_ingest_user	Automated Ingest from INSDC/NCBI Virus by Loculus	USA	SC	2022-07	2025-02-03	Monkeypox virus					PRJNA849962	SAMN31536903	METAGENOMIC	WGS	RANDOM	ILLUMINA	Illumina NovaSeq 6000	1510222	195895396	2022-11-02	SRR22110873
SRR22110855	PP_000VRWR	PP_000VRWR.2	Gigante, C. M.; Epie, N.; Zhao, H.; Batra, D.; Hetrick, E. E.; Howard, D. T.; Kovar, L.; Seabolt, M. H.; Morrison, S. S.; Desch, M.; Knipe, K.; Weigand, M. R.; Sheth, M.; Burgin, A.; Burroughs, M.; Lee, J.; Wilkins, K.; McCollum, A.; Hutson, C.; Davidson, W.; Rao, A.; Perez, T.; Li, Y.	CDC, DHCPP-PRB	insdc_ingest_user	Automated Ingest from INSDC/NCBI Virus by Loculus	USA	SC	2022-07	2025-02-03	Monkeypox virus					PRJNA849962	SAMN31536904	METAGENOMIC	WGS	RANDOM	ILLUMINA	Illumina NovaSeq 6000	1921888	492604128	2022-11-02	SRR22110855
SRR22110869	PP_000VRXP	PP_000VRXP.2	Gigante, C. M.; Thomas, L.; Zhao, H.; Batra, D.; Hetrick, E. E.; Howard, D. T.; Kovar, L.; Seabolt, M. H.; Morrison, S. S.; Desch, M.; Knipe, K.; Weigand, M. R.; Sheth, M.; Burgin, A.; Burroughs, M.; Lee, J.; Wilkins, K.; McCollum, A.; Hutson, C.; Davidson, W.; Rao, A.; Dunn, J.; Li, Y.	CDC, DHCPP-PRB	insdc_ingest_user	Automated Ingest from INSDC/NCBI Virus by Loculus	USA	TN	2022-08	2025-02-03	Monkeypox virus					PRJNA849962	SAMN31536907	METAGENOMIC	WGS	RANDOM	ILLUMINA	Illumina NovaSeq 6000	45747	11411633	2022-11-02	SRR22110869
SRR22110867	PP_000VRYM	PP_000VRYM.2	Gigante, C. M.; Thomas, L.; Zhao, H.; Batra, D.; Hetrick, E. E.; Howard, D. T.; Kovar, L.; Seabolt, M. H.; Morrison, S. S.; Desch, M.; Knipe, K.; Weigand, M. R.; Sheth, M.; Burgin, A.; Burroughs, M.; Lee, J.; Wilkins, K.; McCollum, A.; Hutson, C.; Davidson, W.; Rao, A.; Dunn, J.; Li, Y.	CDC, DHCPP-PRB	insdc_ingest_user	Automated Ingest from INSDC/NCBI Virus by Loculus	USA	TN	2022-07	2025-02-03	Monkeypox virus					PRJNA849962	SAMN31536908	METAGENOMIC	WGS	RANDOM	ILLUMINA	Illumina NovaSeq 6000	52514	12990220	2022-11-02	SRR22110867
SRR22110870	PP_000VS0H	PP_000VS0H.2	Gigante, C. M.; Kubin, G.; Zhao, H.; Batra, D.; Hetrick, E. E.; Howard, D. T.; Kovar, L.; Seabolt, M. H.; Morrison, S. S.; Desch, M.; Knipe, K.; Weigand, M. R.; Sheth, M.; Burgin, A.; Burroughs, M.; Lee, J.; Wilkins, K.; McCollum, A.; Hutson, C.; Davidson, W.; Rao, A.; White, S. L.; Li, Y.	CDC, DHCPP-PRB	insdc_ingest_user	Automated Ingest from INSDC/NCBI Virus by Loculus	USA	TX	2022-07	2025-02-03	Monkeypox virus					PRJNA849962	SAMN31536909	METAGENOMIC	WGS	RANDOM	ILLUMINA	Illumina NovaSeq 6000	25342	6733252	2022-11-02	SRR22110870
SRR22110853	PP_000VS1F	PP_000VS1F.2	Gigante, C. M.; Goldoft, M.; Zhao, H.; Batra, D.; Hetrick, E. E.; Howard, D. T.; Kovar, L.; Seabolt, M. H.; Morrison, S. S.; Desch, M.; Knipe, K.; Weigand, M. R.; Sheth, M.; Burgin, A.; Burroughs, M.; Lee, J.; Wilkins, K.; McCollum, A.; Hutson, C.; Davidson, W.; Rao, A.; Holshue, M.; Li, Y.	CDC, DHCPP-PRB	insdc_ingest_user	Automated Ingest from INSDC/NCBI Virus by Loculus	USA	WA	2022-07	2025-02-03	Monkeypox virus					PRJNA849962	SAMN31536910	METAGENOMIC	WGS	RANDOM	ILLUMINA	Illumina NovaSeq 6000	368932	91775998	2022-11-02	SRR22110853
SRR22110859	PP_000VS2D	PP_000VS2D.2	Gigante, C. M.; Goldoft, M.; Zhao, H.; Batra, D.; Hetrick, E. E.; Howard, D. T.; Kovar, L.; Seabolt, M. H.; Morrison, S. S.; Desch, M.; Knipe, K.; Weigand, M. R.; Sheth, M.; Burgin, A.; Burroughs, M.; Lee, J.; Wilkins, K.; McCollum, A.; Hutson, C.; Davidson, W.; Rao, A.; Holshue, M.; Li, Y.	CDC, DHCPP-PRB	insdc_ingest_user	Automated Ingest from INSDC/NCBI Virus by Loculus	USA	WA	2022-07	2025-02-03	Monkeypox virus					PRJNA849962	SAMN31536912	METAGENOMIC	WGS	RANDOM	ILLUMINA	Illumina NovaSeq 6000	291731	69585485	2022-11-02	SRR22110859
SRR22110874	PP_000VS3B	PP_000VS3B.2	Gigante, C. M.; Goldoft, M.; Zhao, H.; Batra, D.; Hetrick, E. E.; Howard, D. T.; Kovar, L.; Seabolt, M. H.; Morrison, S. S.; Desch, M.; Knipe, K.; Weigand, M. R.; Sheth, M.; Burgin, A.; Burroughs, M.; Lee, J.; Wilkins, K.; McCollum, A.; Hutson, C.; Davidson, W.; Rao, A.; Holshue, M.; Li, Y.	CDC, DHCPP-PRB	insdc_ingest_user	Automated Ingest from INSDC/NCBI Virus by Loculus	USA	WA	2022-07	2025-02-03	Monkeypox virus					PRJNA849962	SAMN31536913	METAGENOMIC	WGS	RANDOM	ILLUMINA	Illumina NovaSeq 6000	134255	32273829	2022-11-02	SRR22110874
SRR22110838	PP_000VS49	PP_000VS49.2	Gigante, C. M.; Goldoft, M.; Zhao, H.; Batra, D.; Hetrick, E. E.; Howard, D. T.; Kovar, L.; Seabolt, M. H.; Morrison, S. S.; Desch, M.; Knipe, K.; Weigand, M. R.; Sheth, M.; Burgin, A.; Burroughs, M.; Lee, J.; Wilkins, K.; McCollum, A.; Hutson, C.; Davidson, W.; Rao, A.; Holshue, M.; Li, Y.	CDC, DHCPP-PRB	insdc_ingest_user	Automated Ingest from INSDC/NCBI Virus by Loculus	USA	WA	2022-07	2025-02-03	Monkeypox virus					PRJNA849962	SAMN31536915	METAGENOMIC	WGS	RANDOM	ILLUMINA	Illumina NovaSeq 6000	60749	14376029	2022-11-02	SRR22110838
SRR22110872	PP_000VS57	PP_000VS57.2	Gigante, C. M.; Goldoft, M.; Zhao, H.; Batra, D.; Hetrick, E. E.; Howard, D. T.; Kovar, L.; Seabolt, M. H.; Morrison, S. S.; Desch, M.; Knipe, K.; Weigand, M. R.; Sheth, M.; Burgin, A.; Burroughs, M.; Lee, J.; Wilkins, K.; McCollum, A.; Hutson, C.; Davidson, W.; Rao, A.; Holshue, M.; Li, Y.	CDC, DHCPP-PRB	insdc_ingest_user	Automated Ingest from INSDC/NCBI Virus by Loculus	USA	WA	2022-07	2025-02-03	Monkeypox virus					PRJNA849962	SAMN31536916	METAGENOMIC	WGS	RANDOM	ILLUMINA	Illumina NovaSeq 6000	471686	113355691	2022-11-02	SRR22110872
SRR22321727	PP_000VVAU	PP_000VVAU.2	Palmateer, N. C.	New Jersey Department of Health, Public Health and Environmental Laboratories	insdc_ingest_user	Automated Ingest from INSDC/NCBI Virus by Loculus	USA	NJ	2022-07-26	2025-02-03	Monkeypox virus					PRJNA886998	SAMN31772282	GENOMIC	AMPLICON	PCR	ILLUMINA	Illumina iSeq 100	2481626	570843705	2022-11-18	SRR22321727
SRR22321726	PP_000VVBS	PP_000VVBS.2	Palmateer, N. C.	New Jersey Department of Health, Public Health and Environmental Laboratories	insdc_ingest_user	Automated Ingest from INSDC/NCBI Virus by Loculus	USA	NJ	2022-07-27	2025-02-03	Monkeypox virus					PRJNA886998	SAMN31772283	GENOMIC	AMPLICON	PCR	ILLUMINA	Illumina iSeq 100	2319818	551412200	2022-11-18	SRR22321726
SRR22321715	PP_000VVCQ	PP_000VVCQ.2	Palmateer, N. C.	New Jersey Department of Health, Public Health and Environmental Laboratories	insdc_ingest_user	Automated Ingest from INSDC/NCBI Virus by Loculus	USA	NJ	2022-07-25	2025-02-03	Monkeypox virus					PRJNA886998	SAMN31772284	GENOMIC	AMPLICON	PCR	ILLUMINA	Illumina iSeq 100	1413147	324878453	2022-11-18	SRR22321715
SRR22321704	PP_000VVDN	PP_000VVDN.2	Palmateer, N. C.	New Jersey Department of Health, Public Health and Environmental Laboratories	insdc_ingest_user	Automated Ingest from INSDC/NCBI Virus by Loculus	USA	NJ	2022-07-28	2025-02-03	Monkeypox virus					PRJNA886998	SAMN31772285	GENOMIC	AMPLICON	PCR	ILLUMINA	Illumina iSeq 100	1430618	323071321	2022-11-18	SRR22321704
SRR22321693	PP_000VVEL	PP_000VVEL.2	Palmateer, N. C.	New Jersey Department of Health, Public Health and Environmental Laboratories	insdc_ingest_user	Automated Ingest from INSDC/NCBI Virus by Loculus	USA	NJ	2022-07-28	2025-02-03	Monkeypox virus					PRJNA886998	SAMN31772286	GENOMIC	AMPLICON	PCR	ILLUMINA	Illumina iSeq 100	1190794	273705239	2022-11-18	SRR22321693
SRR22321685	PP_000VVFJ	PP_000VVFJ.2	Palmateer, N. C.	New Jersey Department of Health, Public Health and Environmental Laboratories	insdc_ingest_user	Automated Ingest from INSDC/NCBI Virus by Loculus	USA	NJ	2022-08	2025-02-03	Monkeypox virus					PRJNA886998	SAMN31772287	GENOMIC	AMPLICON	PCR	ILLUMINA	Illumina iSeq 100	900050	202791922	2022-11-18	SRR22321685
SRR22321684	PP_000VVGG	PP_000VVGG.2	Palmateer, N. C.	New Jersey Department of Health, Public Health and Environmental Laboratories	insdc_ingest_user	Automated Ingest from INSDC/NCBI Virus by Loculus	USA	NJ	2022-08-05	2025-02-03	Monkeypox virus					PRJNA886998	SAMN31772288	GENOMIC	AMPLICON	PCR	ILLUMINA	Illumina iSeq 100	800241	190114191	2022-11-18	SRR22321684
SRR22321683	PP_000VVHD	PP_000VVHD.2	Palmateer, N. C.	New Jersey Department of Health, Public Health and Environmental Laboratories	insdc_ingest_user	Automated Ingest from INSDC/NCBI Virus by Loculus	USA	NJ	2022-08-12	2025-02-03	Monkeypox virus					PRJNA886998	SAMN31772289	GENOMIC	AMPLICON	PCR	ILLUMINA	Illumina iSeq 100	811396	193557332	2022-11-18	SRR22321683
SRR22321682	PP_000VVJB	PP_000VVJB.2	Palmateer, N. C.	New Jersey Department of Health, Public Health and Environmental Laboratories	insdc_ingest_user	Automated Ingest from INSDC/NCBI Virus by Loculus	USA	NJ	2022-08-12	2025-02-03	Monkeypox virus					PRJNA886998	SAMN31772290	GENOMIC	AMPLICON	PCR	ILLUMINA	Illumina iSeq 100	669494	157436434	2022-11-18	SRR22321682
SRR22321681	PP_000VVK9	PP_000VVK9.2	Palmateer, N. C.	New Jersey Department of Health, Public Health and Environmental Laboratories	insdc_ingest_user	Automated Ingest from INSDC/NCBI Virus by Loculus	USA	NJ	2022-08-17	2025-02-03	Monkeypox virus					PRJNA886998	SAMN31772291	GENOMIC	AMPLICON	PCR	ILLUMINA	Illumina iSeq 100	496436	117976054	2022-11-18	SRR22321681
SRR22321725	PP_000VVL7	PP_000VVL7.2	Palmateer, N. C.	New Jersey Department of Health, Public Health and Environmental Laboratories	insdc_ingest_user	Automated Ingest from INSDC/NCBI Virus by Loculus	USA	NJ	2022-08-17	2025-02-03	Monkeypox virus					PRJNA886998	SAMN31772292	GENOMIC	AMPLICON	PCR	ILLUMINA	Illumina iSeq 100	709469	167991111	2022-11-18	SRR22321725
SRR22321724	PP_000VVM5	PP_000VVM5.2	Palmateer, N. C.	New Jersey Department of Health, Public Health and Environmental Laboratories	insdc_ingest_user	Automated Ingest from INSDC/NCBI Virus by Loculus	USA	NJ	2022-08-17	2025-02-03	Monkeypox virus					PRJNA886998	SAMN31772293	GENOMIC	AMPLICON	PCR	ILLUMINA	Illumina MiSeq	791002	201913003	2022-11-18	SRR22321724
SRR22321723	PP_000VVN3	PP_000VVN3.2	Palmateer, N. C.	New Jersey Department of Health, Public Health and Environmental Laboratories	insdc_ingest_user	Automated Ingest from INSDC/NCBI Virus by Loculus	USA	NJ	2022-09-03	2025-02-03	Monkeypox virus					PRJNA886998	SAMN31772294	GENOMIC	AMPLICON	PCR	ILLUMINA	Illumina MiSeq	943485	230396979	2022-11-18	SRR22321723
SRR22321722	PP_000VVP1	PP_000VVP1.2	Palmateer, N. C.	New Jersey Department of Health, Public Health and Environmental Laboratories	insdc_ingest_user	Automated Ingest from INSDC/NCBI Virus by Loculus	USA	NJ	2022-09-16	2025-02-03	Monkeypox virus					PRJNA886998	SAMN31772295	GENOMIC	AMPLICON	PCR	ILLUMINA	Illumina MiSeq	806700	199668154	2022-11-18	SRR22321722
SRR22321721	PP_000VVQZ	PP_000VVQZ.2	Palmateer, N. C.	New Jersey Department of Health, Public Health and Environmental Laboratories	insdc_ingest_user	Automated Ingest from INSDC/NCBI Virus by Loculus	USA	NJ	2022-06-29	2025-02-03	Monkeypox virus					PRJNA886998	SAMN31772296	GENOMIC	AMPLICON	PCR	ILLUMINA	Illumina MiSeq	563442	140634614	2022-11-18	SRR22321721
SRR22321720	PP_000VVRX	PP_000VVRX.2	Palmateer, N. C.	New Jersey Department of Health, Public Health and Environmental Laboratories	insdc_ingest_user	Automated Ingest from INSDC/NCBI Virus by Loculus	USA	NJ	2022-07-01	2025-02-03	Monkeypox virus					PRJNA886998	SAMN31772297	GENOMIC	AMPLICON	PCR	ILLUMINA	Illumina MiSeq	746118	188593782	2022-11-18	SRR22321720
SRR22321719	PP_000VVSV	PP_000VVSV.2	Palmateer, N. C.	New Jersey Department of Health, Public Health and Environmental Laboratories	insdc_ingest_user	Automated Ingest from INSDC/NCBI Virus by Loculus	USA	NJ	2022-07-06	2025-02-03	Monkeypox virus					PRJNA886998	SAMN31772298	GENOMIC	AMPLICON	PCR	ILLUMINA	Illumina MiSeq	880214	222789880	2022-11-18	SRR22321719
SRR22321718	PP_000VVTT	PP_000VVTT.2	Palmateer, N. C.	New Jersey Department of Health, Public Health and Environmental Laboratories	insdc_ingest_user	Automated Ingest from INSDC/NCBI Virus by Loculus	USA	NJ	2022-07	2025-02-03	Monkeypox virus					PRJNA886998	SAMN31772299	GENOMIC	AMPLICON	PCR	ILLUMINA	Illumina MiSeq	1400768	307039023	2022-11-18	SRR22321718
SRR22321717	PP_000VVUR	PP_000VVUR.2	Palmateer, N. C.	New Jersey Department of Health, Public Health and Environmental Laboratories	insdc_ingest_user	Automated Ingest from INSDC/NCBI Virus by Loculus	USA	NJ	2022-07-06	2025-02-03	Monkeypox virus					PRJNA886998	SAMN31772300	GENOMIC	AMPLICON	PCR	ILLUMINA	Illumina MiSeq	799402	174754434	2022-11-18	SRR22321717
SRR22321716	PP_000VVVP	PP_000VVVP.2	Palmateer, N. C.	New Jersey Department of Health, Public Health and Environmental Laboratories	insdc_ingest_user	Automated Ingest from INSDC/NCBI Virus by Loculus	USA	NJ	2022-07-06	2025-02-03	Monkeypox virus					PRJNA886998	SAMN31772301	GENOMIC	AMPLICON	PCR	ILLUMINA	Illumina MiSeq	1625961	358543039	2022-11-18	SRR22321716
SRR22321714	PP_000VVWM	PP_000VVWM.2	Palmateer, N. C.	New Jersey Department of Health, Public Health and Environmental Laboratories	insdc_ingest_user	Automated Ingest from INSDC/NCBI Virus by Loculus	USA	NJ	2022-07-08	2025-02-03	Monkeypox virus					PRJNA886998	SAMN31772302	GENOMIC	AMPLICON	PCR	ILLUMINA	Illumina MiSeq	1553428	343919576	2022-11-18	SRR22321714
SRR22321713	PP_000VVXK	PP_000VVXK.2	Palmateer, N. C.	New Jersey Department of Health, Public Health and Environmental Laboratories	insdc_ingest_user	Automated Ingest from INSDC/NCBI Virus by Loculus	USA	NJ	2022-06-29	2025-02-03	Monkeypox virus					PRJNA886998	SAMN31772303	GENOMIC	AMPLICON	PCR	ILLUMINA	Illumina MiSeq	828207	204240619	2022-11-18	SRR22321713
SRR22321712	PP_000VVYH	PP_000VVYH.2	Palmateer, N. C.	New Jersey Department of Health, Public Health and Environmental Laboratories	insdc_ingest_user	Automated Ingest from INSDC/NCBI Virus by Loculus	USA	NJ	2022-07-05	2025-02-03	Monkeypox virus					PRJNA886998	SAMN31772304	GENOMIC	AMPLICON	PCR	ILLUMINA	Illumina MiSeq	666864	161219709	2022-11-18	SRR22321712
SRR22321711	PP_000VVZF	PP_000VVZF.2	Palmateer, N. C.	New Jersey Department of Health, Public Health and Environmental Laboratories	insdc_ingest_user	Automated Ingest from INSDC/NCBI Virus by Loculus	USA	NJ	2022-07-08	2025-02-03	Monkeypox virus					PRJNA886998	SAMN31772305	GENOMIC	AMPLICON	PCR	ILLUMINA	Illumina MiSeq	1171289	286705250	2022-11-18	SRR22321711
SRR22321710	PP_000VW0D	PP_000VW0D.2	Palmateer, N. C.	New Jersey Department of Health, Public Health and Environmental Laboratories	insdc_ingest_user	Automated Ingest from INSDC/NCBI Virus by Loculus	USA	NJ	2022-07-09	2025-02-03	Monkeypox virus					PRJNA886998	SAMN31772306	GENOMIC	AMPLICON	PCR	ILLUMINA	Illumina MiSeq	1335171	320195486	2022-11-18	SRR22321710
SRR22321709	PP_000VW1B	PP_000VW1B.2	Palmateer, N. C.	New Jersey Department of Health, Public Health and Environmental Laboratories	insdc_ingest_user	Automated Ingest from INSDC/NCBI Virus by Loculus	USA	NJ	2022-07-13	2025-02-03	Monkeypox virus					PRJNA886998	SAMN31772307	GENOMIC	AMPLICON	PCR	ILLUMINA	Illumina MiSeq	1181578	284872017	2022-11-18	SRR22321709
SRR22321708	PP_000VW29	PP_000VW29.2	Palmateer, N. C.	New Jersey Department of Health, Public Health and Environmental Laboratories	insdc_ingest_user	Automated Ingest from INSDC/NCBI Virus by Loculus	USA	NJ	2022-07-12	2025-02-03	Monkeypox virus					PRJNA886998	SAMN31772308	GENOMIC	AMPLICON	PCR	ILLUMINA	Illumina MiSeq	909776	224658027	2022-11-18	SRR22321708
SRR22321707	PP_000VW37	PP_000VW37.2	Palmateer, N. C.	New Jersey Department of Health, Public Health and Environmental Laboratories	insdc_ingest_user	Automated Ingest from INSDC/NCBI Virus by Loculus	USA	NJ	2022-07-13	2025-02-03	Monkeypox virus					PRJNA886998	SAMN31772309	GENOMIC	AMPLICON	PCR	ILLUMINA	Illumina MiSeq	1210626	298205476	2022-11-18	SRR22321707
SRR22321706	PP_000VW45	PP_000VW45.2	Palmateer, N. C.	New Jersey Department of Health, Public Health and Environmental Laboratories	insdc_ingest_user	Automated Ingest from INSDC/NCBI Virus by Loculus	USA	NJ	2022-07-14	2025-02-03	Monkeypox virus					PRJNA886998	SAMN31772310	GENOMIC	AMPLICON	PCR	ILLUMINA	Illumina MiSeq	798044	197482171	2022-11-18	SRR22321706
SRR22321705	PP_000VW53	PP_000VW53.2	Palmateer, N. C.	New Jersey Department of Health, Public Health and Environmental Laboratories	insdc_ingest_user	Automated Ingest from INSDC/NCBI Virus by Loculus	USA	NJ	2022-07-18	2025-02-03	Monkeypox virus					PRJNA886998	SAMN31772311	GENOMIC	AMPLICON	PCR	ILLUMINA	Illumina MiSeq	813423	205691652	2022-11-18	SRR22321705
SRR22321703	PP_000VW61	PP_000VW61.2	Palmateer, N. C.	New Jersey Department of Health, Public Health and Environmental Laboratories	insdc_ingest_user	Automated Ingest from INSDC/NCBI Virus by Loculus	USA	NJ	2022-07-19	2025-02-03	Monkeypox virus					PRJNA886998	SAMN31772312	GENOMIC	AMPLICON	PCR	ILLUMINA	Illumina MiSeq	1489693	367287659	2022-11-18	SRR22321703
SRR22321702	PP_000VW7Z	PP_000VW7Z.2	Palmateer, N. C.	New Jersey Department of Health, Public Health and Environmental Laboratories	insdc_ingest_user	Automated Ingest from INSDC/NCBI Virus by Loculus	USA	NJ	2022-07-19	2025-02-03	Monkeypox virus					PRJNA886998	SAMN31772313	GENOMIC	AMPLICON	PCR	ILLUMINA	Illumina MiSeq	1283854	315949055	2022-11-18	SRR22321702
SRR22321701	PP_000VW8X	PP_000VW8X.2	Palmateer, N. C.	New Jersey Department of Health, Public Health and Environmental Laboratories	insdc_ingest_user	Automated Ingest from INSDC/NCBI Virus by Loculus	USA	NJ	2022-07-18	2025-02-03	Monkeypox virus					PRJNA886998	SAMN31772314	GENOMIC	AMPLICON	PCR	ILLUMINA	Illumina MiSeq	1245672	300376902	2022-11-18	SRR22321701
SRR22321700	PP_000VW9V	PP_000VW9V.2	Palmateer, N. C.	New Jersey Department of Health, Public Health and Environmental Laboratories	insdc_ingest_user	Automated Ingest from INSDC/NCBI Virus by Loculus	USA	NJ	2022-07-18	2025-02-03	Monkeypox virus					PRJNA886998	SAMN31772315	GENOMIC	AMPLICON	PCR	ILLUMINA	Illumina MiSeq	1219284	294565032	2022-11-18	SRR22321700
SRR22321699	PP_000VWAT	PP_000VWAT.2	Palmateer, N. C.	New Jersey Department of Health, Public Health and Environmental Laboratories	insdc_ingest_user	Automated Ingest from INSDC/NCBI Virus by Loculus	USA	NJ	2022-07-20	2025-02-03	Monkeypox virus					PRJNA886998	SAMN31772316	GENOMIC	AMPLICON	PCR	ILLUMINA	Illumina MiSeq	1129148	274058396	2022-11-18	SRR22321699
SRR22321698	PP_000VWBR	PP_000VWBR.2	Palmateer, N. C.	New Jersey Department of Health, Public Health and Environmental Laboratories	insdc_ingest_user	Automated Ingest from INSDC/NCBI Virus by Loculus	USA	NJ	2022-07-20	2025-02-03	Monkeypox virus					PRJNA886998	SAMN31772317	GENOMIC	AMPLICON	PCR	ILLUMINA	Illumina MiSeq	987522	241558739	2022-11-18	SRR22321698
SRR22321697	PP_000VWCP	PP_000VWCP.2	Palmateer, N. C.	New Jersey Department of Health, Public Health and Environmental Laboratories	insdc_ingest_user	Automated Ingest from INSDC/NCBI Virus by Loculus	USA	NJ	2022-07-21	2025-02-03	Monkeypox virus					PRJNA886998	SAMN31772318	GENOMIC	AMPLICON	PCR	ILLUMINA	Illumina MiSeq	693398	168854712	2022-11-18	SRR22321697
SRR22321696	PP_000VWDM	PP_000VWDM.2	Palmateer, N. C.	New Jersey Department of Health, Public Health and Environmental Laboratories	insdc_ingest_user	Automated Ingest from INSDC/NCBI Virus by Loculus	USA	NJ	2022-07-24	2025-02-03	Monkeypox virus					PRJNA886998	SAMN31772319	GENOMIC	AMPLICON	PCR	ILLUMINA	Illumina MiSeq	864138	211759737	2022-11-18	SRR22321696
SRR22321695	PP_000VWEK	PP_000VWEK.2	Palmateer, N. C.	New Jersey Department of Health, Public Health and Environmental Laboratories	insdc_ingest_user	Automated Ingest from INSDC/NCBI Virus by Loculus	USA	NJ	2022-07-22	2025-02-03	Monkeypox virus					PRJNA886998	SAMN31772320	GENOMIC	AMPLICON	PCR	ILLUMINA	Illumina MiSeq	1096573	268733911	2022-11-18	SRR22321695
SRR22321694	PP_000VWFH	PP_000VWFH.2	Palmateer, N. C.	New Jersey Department of Health, Public Health and Environmental Laboratories	insdc_ingest_user	Automated Ingest from INSDC/NCBI Virus by Loculus	USA	NJ	2022-07-21	2025-02-03	Monkeypox virus					PRJNA886998	SAMN31772321	GENOMIC	AMPLICON	PCR	ILLUMINA	Illumina MiSeq	990362	244283773	2022-11-18	SRR22321694
SRR22321692	PP_000VWGF	PP_000VWGF.2	Palmateer, N. C.	New Jersey Department of Health, Public Health and Environmental Laboratories	insdc_ingest_user	Automated Ingest from INSDC/NCBI Virus by Loculus	USA	NJ	2022-07-22	2025-02-03	Monkeypox virus					PRJNA886998	SAMN31772322	GENOMIC	AMPLICON	PCR	ILLUMINA	Illumina MiSeq	799588	195543711	2022-11-18	SRR22321692
SRR22321691	PP_000VWHC	PP_000VWHC.2	Palmateer, N. C.	New Jersey Department of Health, Public Health and Environmental Laboratories	insdc_ingest_user	Automated Ingest from INSDC/NCBI Virus by Loculus	USA	NJ	2022-07-25	2025-02-03	Monkeypox virus					PRJNA886998	SAMN31772323	GENOMIC	AMPLICON	PCR	ILLUMINA	Illumina MiSeq	774612	184484484	2022-11-18	SRR22321691
SRR22321690	PP_000VWJA	PP_000VWJA.2	Palmateer, N. C.	New Jersey Department of Health, Public Health and Environmental Laboratories	insdc_ingest_user	Automated Ingest from INSDC/NCBI Virus by Loculus	USA	NJ	2022-07	2025-02-03	Monkeypox virus					PRJNA886998	SAMN31772324	GENOMIC	AMPLICON	PCR	ILLUMINA	Illumina MiSeq	1387692	331660905	2022-11-18	SRR22321690
SRR22321689	PP_000VWK8	PP_000VWK8.2	Palmateer, N. C.	New Jersey Department of Health, Public Health and Environmental Laboratories	insdc_ingest_user	Automated Ingest from INSDC/NCBI Virus by Loculus	USA	NJ	2022-07-25	2025-02-03	Monkeypox virus					PRJNA886998	SAMN31772325	GENOMIC	AMPLICON	PCR	ILLUMINA	Illumina MiSeq	1162097	285029453	2022-11-18	SRR22321689
SRR22321688	PP_000VWL6	PP_000VWL6.2	Palmateer, N. C.	New Jersey Department of Health, Public Health and Environmental Laboratories	insdc_ingest_user	Automated Ingest from INSDC/NCBI Virus by Loculus	USA	NJ	2022-07-25	2025-02-03	Monkeypox virus					PRJNA886998	SAMN31772326	GENOMIC	AMPLICON	PCR	ILLUMINA	Illumina MiSeq	1305859	319305268	2022-11-18	SRR22321688
SRR22321687	PP_000VWM4	PP_000VWM4.2	Palmateer, N. C.	New Jersey Department of Health, Public Health and Environmental Laboratories	insdc_ingest_user	Automated Ingest from INSDC/NCBI Virus by Loculus	USA	NJ	2022-07-25	2025-02-03	Monkeypox virus					PRJNA886998	SAMN31772327	GENOMIC	AMPLICON	PCR	ILLUMINA	Illumina MiSeq	1234842	301174000	2022-11-18	SRR22321687
SRR22321686	PP_000VWN2	PP_000VWN2.2	Palmateer, N. C.	New Jersey Department of Health, Public Health and Environmental Laboratories	insdc_ingest_user	Automated Ingest from INSDC/NCBI Virus by Loculus	USA	NJ	2022-08-31	2025-02-03	Monkeypox virus					PRJNA886998	SAMN31772328	GENOMIC	AMPLICON	PCR	ILLUMINA	Illumina MiSeq	1422420	344338034	2022-11-18	SRR22321686
SRR22383377	PP_000VWZE	PP_000VWZE.2	Gigante, C.; Ingram, A.; Zhao, H.; Batra, D.; Hetrick, E.; Howard, D.; Kovar, L.; Seabolt, M.; Morrison, S.; Desch, M.; Knipe, K.; Weigand, M.; Sheth, M.; Burgin, A.; Burroughs, M.; Lee, J.; Wilkins, K.; McCollum, A.; Hutson, C.; Davidson, W.; Rao, A.; Geeter, E.; Li, Y.	CDC, DHCPP-PRB	insdc_ingest_user	Automated Ingest from INSDC/NCBI Virus by Loculus	USA	AL	2022-08	2025-02-03	Monkeypox virus					PRJNA849962	SAMN31841307	METAGENOMIC	WGS	RANDOM	ILLUMINA	Illumina NovaSeq 6000	89290	21943239	2022-11-23	SRR22383377
SRR22383381	PP_000VX1A	PP_000VX1A.2	Gigante, C.; Ventura, J.; Zhao, H.; Batra, D.; Hetrick, E.; Howard, D.; Kovar, L.; Seabolt, M.; Morrison, S.; Desch, M.; Knipe, K.; Weigand, M.; Sheth, M.; Burgin, A.; Burroughs, M.; Lee, J.; Wilkins, K.; McCollum, A.; Hutson, C.; Davidson, W.; Rao, A.; Nash, J.; Li, Y.	CDC, DHCPP-PRB	insdc_ingest_user	Automated Ingest from INSDC/NCBI Virus by Loculus	USA	CA	2022-09	2025-02-03	Monkeypox virus					PRJNA849962	SAMN31841308	METAGENOMIC	WGS	RANDOM	ILLUMINA	Illumina NovaSeq 6000	45990	11586345	2022-11-23	SRR22383381
SRR22383379	PP_000VX28	PP_000VX28.2	Gigante, C.; Ventura, J.; Zhao, H.; Batra, D.; Hetrick, E.; Howard, D.; Kovar, L.; Seabolt, M.; Morrison, S.; Desch, M.; Knipe, K.; Weigand, M.; Sheth, M.; Burgin, A.; Burroughs, M.; Lee, J.; Wilkins, K.; McCollum, A.; Hutson, C.; Davidson, W.; Rao, A.; Nash, J.; Li, Y.	CDC, DHCPP-PRB	insdc_ingest_user	Automated Ingest from INSDC/NCBI Virus by Loculus	USA	CA	2022-09	2025-02-03	Monkeypox virus					PRJNA849962	SAMN31841309	METAGENOMIC	WGS	RANDOM	ILLUMINA	Illumina NovaSeq 6000	279194	67780706	2022-11-23	SRR22383379
SRR22383378	PP_000VX36	PP_000VX36.2	Gigante, C.; Moreno-Gorrin, C.; Zhao, H.; Batra, D.; Hetrick, E.; Howard, D.; Kovar, L.; Seabolt, M.; Morrison, S.; Desch, M.; Knipe, K.; Weigand, M.; Sheth, M.; Burgin, A.; Burroughs, M.; Lee, J.; Wilkins, K.; McCollum, A.; Hutson, C.; Davidson, W.; Rao, A.; Miller, H.; Li, Y.	CDC, DHCPP-PRB	insdc_ingest_user	Automated Ingest from INSDC/NCBI Virus by Loculus	USA	DE	2022-09	2025-02-03	Monkeypox virus					PRJNA849962	SAMN31841310	METAGENOMIC	WGS	RANDOM	ILLUMINA	Illumina NovaSeq 6000	45858	11266865	2022-11-23	SRR22383378
SRR22383415	PP_000VX44	PP_000VX44.2	Gigante, C.; Lee, P.; Zhao, H.; Batra, D.; Hetrick, E.; Howard, D.; Kovar, L.; Seabolt, M.; Morrison, S.; Desch, M.; Knipe, K.; Weigand, M.; Sheth, M.; Burgin, A.; Burroughs, M.; Lee, J.; Wilkins, K.; McCollum, A.; Hutson, C.; Davidson, W.; Rao, A.; Stanek, D.; Li, Y.	CDC, DHCPP-PRB	insdc_ingest_user	Automated Ingest from INSDC/NCBI Virus by Loculus	USA	FL	2022-09	2025-02-03	Monkeypox virus					PRJNA849962	SAMN31841321	METAGENOMIC	WGS	RANDOM	ILLUMINA	Illumina NovaSeq 6000	180508	43190849	2022-11-23	SRR22383415
SRR22383423	PP_000VX52	PP_000VX52.2	Gigante, C.; Lee, P.; Zhao, H.; Batra, D.; Hetrick, E.; Howard, D.; Kovar, L.; Seabolt, M.; Morrison, S.; Desch, M.; Knipe, K.; Weigand, M.; Sheth, M.; Burgin, A.; Burroughs, M.; Lee, J.; Wilkins, K.; McCollum, A.; Hutson, C.; Davidson, W.; Rao, A.; Stanek, D.; Li, Y.	CDC, DHCPP-PRB	insdc_ingest_user	Automated Ingest from INSDC/NCBI Virus by Loculus	USA	FL	2022-09	2025-02-03	Monkeypox virus					PRJNA849962	SAMN31841322	METAGENOMIC	WGS	RANDOM	ILLUMINA	Illumina NovaSeq 6000	165394	46739047	2022-11-23	SRR22383423
SRR22383413	PP_000VX60	PP_000VX60.2	Gigante, C.; Salinas, A.; Zhao, H.; Batra, D.; Hetrick, E.; Howard, D.; Kovar, L.; Seabolt, M.; Morrison, S.; Desch, M.; Knipe, K.; Weigand, M.; Sheth, M.; Burgin, A.; Burroughs, M.; Lee, J.; Wilkins, K.; McCollum, A.; Hutson, C.; Davidson, W.; Rao, A.; Haydel, D.; Li, Y.	CDC, DHCPP-PRB	insdc_ingest_user	Automated Ingest from INSDC/NCBI Virus by Loculus	USA	LA	2022-09	2025-02-03	Monkeypox virus					PRJNA849962	SAMN31841323	METAGENOMIC	WGS	RANDOM	ILLUMINA	Illumina NovaSeq 6000	234043	56546889	2022-11-23	SRR22383413
SRR22383418	PP_000VX7Y	PP_000VX7Y.2	Gigante, C.; Myers, R.; Zhao, H.; Batra, D.; Hetrick, E.; Howard, D.; Kovar, L.; Seabolt, M.; Morrison, S.; Desch, M.; Knipe, K.; Weigand, M.; Sheth, M.; Burgin, A.; Burroughs, M.; Lee, J.; Wilkins, K.; McCollum, A.; Hutson, C.; Davidson, W.; Rao, A.; Blythe, D.; Li, Y.	CDC, DHCPP-PRB	insdc_ingest_user	Automated Ingest from INSDC/NCBI Virus by Loculus	USA	MD	2022-08	2025-02-03	Monkeypox virus					PRJNA849962	SAMN31841324	METAGENOMIC	WGS	RANDOM	ILLUMINA	Illumina NovaSeq 6000	328615	93931030	2022-11-23	SRR22383418
SRR22383419	PP_000VX8W	PP_000VX8W.2	Gigante, C.; Myers, R.; Zhao, H.; Batra, D.; Hetrick, E.; Howard, D.; Kovar, L.; Seabolt, M.; Morrison, S.; Desch, M.; Knipe, K.; Weigand, M.; Sheth, M.; Burgin, A.; Burroughs, M.; Lee, J.; Wilkins, K.; McCollum, A.; Hutson, C.; Davidson, W.; Rao, A.; Blythe, D.; Li, Y.	CDC, DHCPP-PRB	insdc_ingest_user	Automated Ingest from INSDC/NCBI Virus by Loculus	USA	MD	2022-09	2025-02-03	Monkeypox virus					PRJNA849962	SAMN31841325	METAGENOMIC	WGS	RANDOM	ILLUMINA	Illumina NovaSeq 6000	80575	21060171	2022-11-23	SRR22383419
SRR22383417	PP_000VX9U	PP_000VX9U.2	Gigante, C.; Cleavinger, K.; Zhao, H.; Batra, D.; Hetrick, E.; Howard, D.; Kovar, L.; Seabolt, M.; Morrison, S.; Desch, M.; Knipe, K.; Weigand, M.; Sheth, M.; Burgin, A.; Burroughs, M.; Lee, J.; Wilkins, K.; McCollum, A.; Hutson, C.; Davidson, W.; Rao, A.; Sinn, M.; Li, Y.	CDC, DHCPP-PRB	insdc_ingest_user	Automated Ingest from INSDC/NCBI Virus by Loculus	USA	MO	2022-08	2025-02-03	Monkeypox virus					PRJNA849962	SAMN31841326	METAGENOMIC	WGS	RANDOM	ILLUMINA	Illumina NovaSeq 6000	49317	14006433	2022-11-23	SRR22383417
SRR22383416	PP_000VXAS	PP_000VXAS.2	Gigante, C.; Kubin, G.; Zhao, H.; Batra, D.; Hetrick, E.; Howard, D.; Kovar, L.; Seabolt, M.; Morrison, S.; Desch, M.; Knipe, K.; Weigand, M.; Sheth, M.; Burgin, A.; Burroughs, M.; Lee, J.; Wilkins, K.; McCollum, A.; Hutson, C.; Davidson, W.; Rao, A.; White, S.; Li, Y.	CDC, DHCPP-PRB	insdc_ingest_user	Automated Ingest from INSDC/NCBI Virus by Loculus	USA	TX	2022-08	2025-02-03	Monkeypox virus					PRJNA849962	SAMN31841327	METAGENOMIC	WGS	RANDOM	ILLUMINA	Illumina NovaSeq 6000	618377	177282467	2022-11-23	SRR22383416
SRR22383422	PP_000VXBQ	PP_000VXBQ.2	Gigante, C.; Kubin, G.; Zhao, H.; Batra, D.; Hetrick, E.; Howard, D.; Kovar, L.; Seabolt, M.; Morrison, S.; Desch, M.; Knipe, K.; Weigand, M.; Sheth, M.; Burgin, A.; Burroughs, M.; Lee, J.; Wilkins, K.; McCollum, A.; Hutson, C.; Davidson, W.; Rao, A.; White, S.; Li, Y.	CDC, DHCPP-PRB	insdc_ingest_user	Automated Ingest from INSDC/NCBI Virus by Loculus	USA	TX	2022-08	2025-02-03	Monkeypox virus					PRJNA849962	SAMN31841328	METAGENOMIC	WGS	RANDOM	ILLUMINA	Illumina NovaSeq 6000	153301	38577173	2022-11-23	SRR22383422
SRR22383414	PP_000VXCN	PP_000VXCN.2	Gigante, C.; Kubin, G.; Zhao, H.; Batra, D.; Hetrick, E.; Howard, D.; Kovar, L.; Seabolt, M.; Morrison, S.; Desch, M.; Knipe, K.; Weigand, M.; Sheth, M.; Burgin, A.; Burroughs, M.; Lee, J.; Wilkins, K.; McCollum, A.; Hutson, C.; Davidson, W.; Rao, A.; White, S.; Li, Y.	CDC, DHCPP-PRB	insdc_ingest_user	Automated Ingest from INSDC/NCBI Virus by Loculus	USA	TX	2022-09	2025-02-03	Monkeypox virus					PRJNA849962	SAMN31841329	METAGENOMIC	WGS	RANDOM	ILLUMINA	Illumina NovaSeq 6000	276821	69651784	2022-11-23	SRR22383414
SRR22383421	PP_000VXDL	PP_000VXDL.2	Gigante, C.; Griffin-Thomas, L.; Zhao, H.; Batra, D.; Hetrick, E.; Howard, D.; Kovar, L.; Seabolt, M.; Morrison, S.; Desch, M.; Knipe, K.; Weigand, M.; Sheth, M.; Burgin, A.; Burroughs, M.; Lee, J.; Wilkins, K.; McCollum, A.; Hutson, C.; Davidson, W.; Rao, A.; Crain, J.; Li, Y.	CDC, DHCPP-PRB	insdc_ingest_user	Automated Ingest from INSDC/NCBI Virus by Loculus	USA	VA	2022-07	2025-02-03	Monkeypox virus					PRJNA849962	SAMN31841330	METAGENOMIC	WGS	RANDOM	ILLUMINA	Illumina NovaSeq 6000	1401243	400028401	2022-11-23	SRR22383421
SRR22383424	PP_000VXEJ	PP_000VXEJ.2	Gigante, C.; Griffin-Thomas, L.; Zhao, H.; Batra, D.; Hetrick, E.; Howard, D.; Kovar, L.; Seabolt, M.; Morrison, S.; Desch, M.; Knipe, K.; Weigand, M.; Sheth, M.; Burgin, A.; Burroughs, M.; Lee, J.; Wilkins, K.; McCollum, A.; Hutson, C.; Davidson, W.; Rao, A.; Crain, J.; Li, Y.	CDC, DHCPP-PRB	insdc_ingest_user	Automated Ingest from INSDC/NCBI Virus by Loculus	USA	VA	2022-07	2025-02-03	Monkeypox virus					PRJNA849962	SAMN31841331	METAGENOMIC	WGS	RANDOM	ILLUMINA	Illumina NovaSeq 6000	1485854	384602500	2022-11-23	SRR22383424
SRR22383420	PP_000VXFG	PP_000VXFG.2	Gigante, C.; Achillies, C.; Zhao, H.; Batra, D.; Hetrick, E.; Howard, D.; Kovar, L.; Seabolt, M.; Morrison, S.; Desch, M.; Knipe, K.; Weigand, M.; Sheth, M.; Burgin, A.; Burroughs, M.; Lee, J.; Wilkins, K.; McCollum, A.; Hutson, C.; Davidson, W.; Rao, A.; Blevins, L.; Li, Y.	CDC, DHCPP-PRB	insdc_ingest_user	Automated Ingest from INSDC/NCBI Virus by Loculus	USA	VT	2022-07	2025-02-03	Monkeypox virus					PRJNA849962	SAMN31841332	METAGENOMIC	WGS	RANDOM	ILLUMINA	Illumina NovaSeq 6000	530450	139507205	2022-11-23	SRR22383420
SRR22708628	PP_000W6JY	PP_000W6JY.2	Gigante, C.; Pavlick, J.; Zhao, H.; Batra, D.; Hetrick, E.; Howard, D.; Kovar, L.; Seabolt, M.; Morrison, S.; Desch, M.; Knipe, K.; Weigand, M.; Sheth, M.; Burgin, A.; Burroughs, M.; Lee, J.; Wilkins, K.; McCollum, A.; Hutson, C.; Davidson, W.; Rao, A.; Parrott, T.; Li, Y.	CDC, DHCPP-PRB	insdc_ingest_user	Automated Ingest from INSDC/NCBI Virus by Loculus	USA	GA	2022-09	2025-02-03	Monkeypox virus					PRJNA849962	SAMN32191518	METAGENOMIC	WGS	RANDOM	ILLUMINA	Illumina NovaSeq 6000	1737628	504106678	2022-12-14	SRR22708628
SRR22708630	PP_000W6KW	PP_000W6KW.2	Gigante, C.; Pavlick, J.; Zhao, H.; Batra, D.; Hetrick, E.; Howard, D.; Kovar, L.; Seabolt, M.; Morrison, S.; Desch, M.; Knipe, K.; Weigand, M.; Sheth, M.; Burgin, A.; Burroughs, M.; Lee, J.; Wilkins, K.; McCollum, A.; Hutson, C.; Davidson, W.; Rao, A.; Parrott, T.; Li, Y.	CDC, DHCPP-PRB	insdc_ingest_user	Automated Ingest from INSDC/NCBI Virus by Loculus	USA	GA	2022-09	2025-02-03	Monkeypox virus					PRJNA849962	SAMN32191520	METAGENOMIC	WGS	RANDOM	ILLUMINA	Illumina NovaSeq 6000	61866	16787823	2022-12-14	SRR22708630
SRR22708627	PP_000W6LU	PP_000W6LU.2	Gigante, C.; Hottel, W.; Zhao, H.; Batra, D.; Hetrick, E.; Howard, D.; Kovar, L.; Seabolt, M.; Morrison, S.; Desch, M.; Knipe, K.; Weigand, M.; Sheth, M.; Burgin, A.; Burroughs, M.; Lee, J.; Wilkins, K.; McCollum, A.; Hutson, C.; Davidson, W.; Rao, A.; Nelson, M.; Li, Y.	CDC, DHCPP-PRB	insdc_ingest_user	Automated Ingest from INSDC/NCBI Virus by Loculus	USA	IA	2022-09	2025-02-03	Monkeypox virus					PRJNA849962	SAMN32191522	METAGENOMIC	WGS	RANDOM	ILLUMINA	Illumina NovaSeq 6000	127270	35293151	2022-12-14	SRR22708627
SRR22708631	PP_000W6MS	PP_000W6MS.2	Gigante, C.; Hottel, W.; Zhao, H.; Batra, D.; Hetrick, E.; Howard, D.; Kovar, L.; Seabolt, M.; Morrison, S.; Desch, M.; Knipe, K.; Weigand, M.; Sheth, M.; Burgin, A.; Burroughs, M.; Lee, J.; Wilkins, K.; McCollum, A.; Hutson, C.; Davidson, W.; Rao, A.; Nelson, M.; Li, Y.	CDC, DHCPP-PRB	insdc_ingest_user	Automated Ingest from INSDC/NCBI Virus by Loculus	USA	IA	2022-09	2025-02-03	Monkeypox virus					PRJNA849962	SAMN32191523	METAGENOMIC	WGS	RANDOM	ILLUMINA	Illumina NovaSeq 6000	120953	30642954	2022-12-14	SRR22708631
SRR22708682	PP_000W6NQ	PP_000W6NQ.2	Gigante, C.; Hottel, W.; Zhao, H.; Batra, D.; Hetrick, E.; Howard, D.; Kovar, L.; Seabolt, M.; Morrison, S.; Desch, M.; Knipe, K.; Weigand, M.; Sheth, M.; Burgin, A.; Burroughs, M.; Lee, J.; Wilkins, K.; McCollum, A.; Hutson, C.; Davidson, W.; Rao, A.; Nelson, M.; Li, Y.	CDC, DHCPP-PRB	insdc_ingest_user	Automated Ingest from INSDC/NCBI Virus by Loculus	USA	IA	2022-09	2025-02-03	Monkeypox virus					PRJNA849962	SAMN32191525	METAGENOMIC	WGS	RANDOM	ILLUMINA	Illumina NovaSeq 6000	449893	120730975	2022-12-14	SRR22708682
SRR22708629	PP_000W6PN	PP_000W6PN.2	Gigante, C.; Ghinai, I.; Zhao, H.; Batra, D.; Hetrick, E.; Howard, D.; Kovar, L.; Seabolt, M.; Morrison, S.; Desch, M.; Knipe, K.; Weigand, M.; Sheth, M.; Burgin, A.; Burroughs, M.; Lee, J.; Wilkins, K.; McCollum, A.; Hutson, C.; Davidson, W.; Rao, A.; Kerins, J.; Li, Y.	CDC, DHCPP-PRB	insdc_ingest_user	Automated Ingest from INSDC/NCBI Virus by Loculus	USA	IL	2022-09	2025-02-03	Monkeypox virus					PRJNA849962	SAMN32191526	METAGENOMIC	WGS	RANDOM	ILLUMINA	Illumina NovaSeq 6000	1265955	356045033	2022-12-14	SRR22708629
SRR22708685	PP_000W6QL	PP_000W6QL.2	Gigante, C.; Ghinai, I.; Zhao, H.; Batra, D.; Hetrick, E.; Howard, D.; Kovar, L.; Seabolt, M.; Morrison, S.; Desch, M.; Knipe, K.; Weigand, M.; Sheth, M.; Burgin, A.; Burroughs, M.; Lee, J.; Wilkins, K.; McCollum, A.; Hutson, C.; Davidson, W.; Rao, A.; Kerins, J.; Li, Y.	CDC, DHCPP-PRB	insdc_ingest_user	Automated Ingest from INSDC/NCBI Virus by Loculus	USA	IL	2022-09	2025-02-03	Monkeypox virus					PRJNA849962	SAMN32191528	METAGENOMIC	WGS	RANDOM	ILLUMINA	Illumina NovaSeq 6000	144269	38604568	2022-12-14	SRR22708685
SRR22708683	PP_000W6RJ	PP_000W6RJ.2	Gigante, C.; Pettit, D.; Zhao, H.; Batra, D.; Hetrick, E.; Howard, D.; Kovar, L.; Seabolt, M.; Morrison, S.; Desch, M.; Knipe, K.; Weigand, M.; Sheth, M.; Burgin, A.; Burroughs, M.; Lee, J.; Wilkins, K.; McCollum, A.; Hutson, C.; Davidson, W.; Rao, A.; Deutsch-Feldman, M.; Li, Y.	CDC, DHCPP-PRB	insdc_ingest_user	Automated Ingest from INSDC/NCBI Virus by Loculus	USA	NC	2022-09	2025-02-03	Monkeypox virus					PRJNA849962	SAMN32191530	METAGENOMIC	WGS	RANDOM	ILLUMINA	Illumina NovaSeq 6000	194166	55122191	2022-12-14	SRR22708683
SRR22708686	PP_000W6SG	PP_000W6SG.2	Gigante, C.; Pettit, D.; Zhao, H.; Batra, D.; Hetrick, E.; Howard, D.; Kovar, L.; Seabolt, M.; Morrison, S.; Desch, M.; Knipe, K.; Weigand, M.; Sheth, M.; Burgin, A.; Burroughs, M.; Lee, J.; Wilkins, K.; McCollum, A.; Hutson, C.; Davidson, W.; Rao, A.; Deutsch-Feldman, M.; Li, Y.	CDC, DHCPP-PRB	insdc_ingest_user	Automated Ingest from INSDC/NCBI Virus by Loculus	USA	NC	2022-09	2025-02-03	Monkeypox virus					PRJNA849962	SAMN32191532	METAGENOMIC	WGS	RANDOM	ILLUMINA	Illumina NovaSeq 6000	447469	123049718	2022-12-14	SRR22708686
SRR22708632	PP_000W6TE	PP_000W6TE.2	Gigante, C.; Pettit, D.; Zhao, H.; Batra, D.; Hetrick, E.; Howard, D.; Kovar, L.; Seabolt, M.; Morrison, S.; Desch, M.; Knipe, K.; Weigand, M.; Sheth, M.; Burgin, A.; Burroughs, M.; Lee, J.; Wilkins, K.; McCollum, A.; Hutson, C.; Davidson, W.; Rao, A.; Deutsch-Feldman, M.; Li, Y.	CDC, DHCPP-PRB	insdc_ingest_user	Automated Ingest from INSDC/NCBI Virus by Loculus	USA	NC	2022-09	2025-02-03	Monkeypox virus					PRJNA849962	SAMN32191533	METAGENOMIC	WGS	RANDOM	ILLUMINA	Illumina NovaSeq 6000	82893	20998464	2022-12-14	SRR22708632
SRR22708770	PP_000W6UC	PP_000W6UC.2	Gigante, C.; Ruiz, V.; Zhao, H.; Batra, D.; Hetrick, E.; Howard, D.; Kovar, L.; Seabolt, M.; Morrison, S.; Desch, M.; Knipe, K.; Weigand, M.; Sheth, M.; Burgin, A.; Burroughs, M.; Lee, J.; Wilkins, K.; McCollum, A.; Hutson, C.; Davidson, W.; Rao, A.; Wang, J.; Li, Y.	CDC, DHCPP-PRB	insdc_ingest_user	Automated Ingest from INSDC/NCBI Virus by Loculus	USA	NY	2022-09	2025-02-03	Monkeypox virus					PRJNA849962	SAMN32191605	METAGENOMIC	WGS	RANDOM	ILLUMINA	Illumina NovaSeq 6000	177018	47260539	2022-12-14	SRR22708770
SRR22708767	PP_000W6VA	PP_000W6VA.2	Gigante, C.; Cogswell, K.; Zhao, H.; Batra, D.; Hetrick, E.; Howard, D.; Kovar, L.; Seabolt, M.; Morrison, S.; Desch, M.; Knipe, K.; Weigand, M.; Sheth, M.; Burgin, A.; Burroughs, M.; Lee, J.; Wilkins, K.; McCollum, A.; Hutson, C.; Davidson, W.; Rao, A.; Grenz, L.; Li, Y.	CDC, DHCPP-PRB	insdc_ingest_user	Automated Ingest from INSDC/NCBI Virus by Loculus	USA	OR	2022-08	2025-02-03	Monkeypox virus					PRJNA849962	SAMN32191607	METAGENOMIC	WGS	RANDOM	ILLUMINA	Illumina NovaSeq 6000	299964	78508962	2022-12-14	SRR22708767
SRR22708773	PP_000W6W8	PP_000W6W8.2	Gigante, C.; Xia, D.; Zhao, H.; Batra, D.; Hetrick, E.; Howard, D.; Kovar, L.; Seabolt, M.; Morrison, S.; Desch, M.; Knipe, K.; Weigand, M.; Sheth, M.; Burgin, A.; Burroughs, M.; Lee, J.; Wilkins, K.; McCollum, A.; Hutson, C.; Davidson, W.; Rao, A.; Plipat, N.; Li, Y.	CDC, DHCPP-PRB	insdc_ingest_user	Automated Ingest from INSDC/NCBI Virus by Loculus	USA	PA	2022-09	2025-02-03	Monkeypox virus					PRJNA849962	SAMN32191608	METAGENOMIC	WGS	RANDOM	ILLUMINA	Illumina NovaSeq 6000	60386	14643529	2022-12-14	SRR22708773
SRR22708771	PP_000W6X6	PP_000W6X6.2	Gigante, C.; Xia, D.; Zhao, H.; Batra, D.; Hetrick, E.; Howard, D.; Kovar, L.; Seabolt, M.; Morrison, S.; Desch, M.; Knipe, K.; Weigand, M.; Sheth, M.; Burgin, A.; Burroughs, M.; Lee, J.; Wilkins, K.; McCollum, A.; Hutson, C.; Davidson, W.; Rao, A.; Plipat, N.; Li, Y.	CDC, DHCPP-PRB	insdc_ingest_user	Automated Ingest from INSDC/NCBI Virus by Loculus	USA	PA	2022-09	2025-02-03	Monkeypox virus					PRJNA849962	SAMN32191610	METAGENOMIC	WGS	RANDOM	ILLUMINA	Illumina NovaSeq 6000	179170	46642168	2022-12-14	SRR22708771
SRR22708768	PP_000W6Y4	PP_000W6Y4.2	Gigante, C.; Xia, D.; Zhao, H.; Batra, D.; Hetrick, E.; Howard, D.; Kovar, L.; Seabolt, M.; Morrison, S.; Desch, M.; Knipe, K.; Weigand, M.; Sheth, M.; Burgin, A.; Burroughs, M.; Lee, J.; Wilkins, K.; McCollum, A.; Hutson, C.; Davidson, W.; Rao, A.; Plipat, N.; Li, Y.	CDC, DHCPP-PRB	insdc_ingest_user	Automated Ingest from INSDC/NCBI Virus by Loculus	USA	PA	2022-09	2025-02-03	Monkeypox virus					PRJNA849962	SAMN32191612	METAGENOMIC	WGS	RANDOM	ILLUMINA	Illumina NovaSeq 6000	425082	111513604	2022-12-14	SRR22708768
SRR22708769	PP_000W6Z2	PP_000W6Z2.2	Gigante, C.; Xia, D.; Zhao, H.; Batra, D.; Hetrick, E.; Howard, D.; Kovar, L.; Seabolt, M.; Morrison, S.; Desch, M.; Knipe, K.; Weigand, M.; Sheth, M.; Burgin, A.; Burroughs, M.; Lee, J.; Wilkins, K.; McCollum, A.; Hutson, C.; Davidson, W.; Rao, A.; Plipat, N.; Li, Y.	CDC, DHCPP-PRB	insdc_ingest_user	Automated Ingest from INSDC/NCBI Virus by Loculus	USA	PA	2022-09	2025-02-03	Monkeypox virus					PRJNA849962	SAMN32191613	METAGENOMIC	WGS	RANDOM	ILLUMINA	Illumina NovaSeq 6000	356669	90175445	2022-12-14	SRR22708769
SRR22708772	PP_000W700	PP_000W700.2	Gigante, C.; Xia, D.; Zhao, H.; Batra, D.; Hetrick, E.; Howard, D.; Kovar, L.; Seabolt, M.; Morrison, S.; Desch, M.; Knipe, K.; Weigand, M.; Sheth, M.; Burgin, A.; Burroughs, M.; Lee, J.; Wilkins, K.; McCollum, A.; Hutson, C.; Davidson, W.; Rao, A.; Plipat, N.; Li, Y.	CDC, DHCPP-PRB	insdc_ingest_user	Automated Ingest from INSDC/NCBI Virus by Loculus	USA	PA	2022-09	2025-02-03	Monkeypox virus					PRJNA849962	SAMN32191615	METAGENOMIC	WGS	RANDOM	ILLUMINA	Illumina NovaSeq 6000	275767	71199649	2022-12-14	SRR22708772
SRR22708776	PP_000W71Y	PP_000W71Y.2	Gigante, C.; Epie, N.; Zhao, H.; Batra, D.; Hetrick, E.; Howard, D.; Kovar, L.; Seabolt, M.; Morrison, S.; Desch, M.; Knipe, K.; Weigand, M.; Sheth, M.; Burgin, A.; Burroughs, M.; Lee, J.; Wilkins, K.; McCollum, A.; Hutson, C.; Davidson, W.; Rao, A.; Perez, T.; Li, Y.	CDC, DHCPP-PRB	insdc_ingest_user	Automated Ingest from INSDC/NCBI Virus by Loculus	USA	SC	2022-08	2025-02-03	Monkeypox virus					PRJNA849962	SAMN32191617	METAGENOMIC	WGS	RANDOM	ILLUMINA	Illumina NovaSeq 6000	807124	213330098	2022-12-14	SRR22708776
SRR22708779	PP_000W72W	PP_000W72W.2	Gigante, C.; Thomas, L.; Zhao, H.; Batra, D.; Hetrick, E.; Howard, D.; Kovar, L.; Seabolt, M.; Morrison, S.; Desch, M.; Knipe, K.; Weigand, M.; Sheth, M.; Burgin, A.; Burroughs, M.; Lee, J.; Wilkins, K.; McCollum, A.; Hutson, C.; Davidson, W.; Rao, A.; Dunn, J.; Li, Y.	CDC, DHCPP-PRB	insdc_ingest_user	Automated Ingest from INSDC/NCBI Virus by Loculus	USA	TN	2022-09	2025-02-03	Monkeypox virus					PRJNA849962	SAMN32191619	METAGENOMIC	WGS	RANDOM	ILLUMINA	Illumina NovaSeq 6000	293057	74525403	2022-12-14	SRR22708779
SRR22708778	PP_000W73U	PP_000W73U.2	Gigante, C.; Thomas, L.; Zhao, H.; Batra, D.; Hetrick, E.; Howard, D.; Kovar, L.; Seabolt, M.; Morrison, S.; Desch, M.; Knipe, K.; Weigand, M.; Sheth, M.; Burgin, A.; Burroughs, M.; Lee, J.; Wilkins, K.; McCollum, A.; Hutson, C.; Davidson, W.; Rao, A.; Dunn, J.; Li, Y.	CDC, DHCPP-PRB	insdc_ingest_user	Automated Ingest from INSDC/NCBI Virus by Loculus	USA	TN	2022-09	2025-02-03	Monkeypox virus					PRJNA849962	SAMN32191621	METAGENOMIC	WGS	RANDOM	ILLUMINA	Illumina NovaSeq 6000	111120	27169436	2022-12-14	SRR22708778
SRR22708775	PP_000W74S	PP_000W74S.2	Gigante, C.; Kubin, G.; Zhao, H.; Batra, D.; Hetrick, E.; Howard, D.; Kovar, L.; Seabolt, M.; Morrison, S.; Desch, M.; Knipe, K.; Sheth, M. R.; Burgin, A.; Burroughs, M.; Lee, J.; Wilkins, K.; McCollum, A.; Hutson, C.; Davidson, W.; Rao, A.; White, S.; Li, Y.	CDC, DHCPP-PRB	insdc_ingest_user	Automated Ingest from INSDC/NCBI Virus by Loculus	USA	TX	2022-09	2025-02-03	Monkeypox virus					PRJNA849962	SAMN32191622	METAGENOMIC	WGS	RANDOM	ILLUMINA	Illumina NovaSeq 6000	35237	9153133	2022-12-14	SRR22708775
SRR22708774	PP_000W75Q	PP_000W75Q.2	Gigante, C.; Kubin, G.; Zhao, H.; Batra, D.; Hetrick, E.; Howard, D.; Kovar, L.; Seabolt, M.; Morrison, S.; Desch, M.; Knipe, K.; Sheth, M. R.; Burgin, A.; Burroughs, M.; Lee, J.; Wilkins, K.; McCollum, A.; Hutson, C.; Davidson, W.; Rao, A.; White, S.; Li, Y.	CDC, DHCPP-PRB	insdc_ingest_user	Automated Ingest from INSDC/NCBI Virus by Loculus	USA	TX	2022-09	2025-02-03	Monkeypox virus					PRJNA849962	SAMN32191623	METAGENOMIC	WGS	RANDOM	ILLUMINA	Illumina NovaSeq 6000	110102	32248247	2022-12-14	SRR22708774
SRR22708777	PP_000W76N	PP_000W76N.2	Gigante, C.; Kubin, G.; Zhao, H.; Batra, D.; Hetrick, E.; Howard, D.; Kovar, L.; Seabolt, M.; Morrison, S.; Desch, M.; Knipe, K.; Sheth, M. R.; Burgin, A.; Burroughs, M.; Lee, J.; Wilkins, K.; McCollum, A.; Hutson, C.; Davidson, W.; Rao, A.; White, S.; Li, Y.	CDC, DHCPP-PRB	insdc_ingest_user	Automated Ingest from INSDC/NCBI Virus by Loculus	USA	TX	2022-09	2025-02-03	Monkeypox virus					PRJNA849962	SAMN32191625	METAGENOMIC	WGS	RANDOM	ILLUMINA	Illumina NovaSeq 6000	32059	8009381	2022-12-14	SRR22708777
SRR22708523	PP_000W77L	PP_000W77L.2	Gigante, C.; Mooring, E.; Zhao, H.; Batra, D.; Hetrick, E.; Howard, D.; Kovar, L.; Seabolt, M.; Morrison, S.; Desch, M.; Knipe, K.; Weigand, M.; Sheth, M.; Burgin, A.; Burroughs, M.; Lee, J.; Wilkins, K.; McCollum, A.; Hutson, C.; Davidson, W.; Rao, A.; Laurence, J.; Li, Y.	CDC, DHCPP-PRB	insdc_ingest_user	Automated Ingest from INSDC/NCBI Virus by Loculus	USA	AK	2022-08	2025-02-03	Monkeypox virus					PRJNA849962	SAMN32191129	METAGENOMIC	WGS	RANDOM	ILLUMINA	Illumina NovaSeq 6000	987398	254251511	2022-12-14	SRR22708523
SRR22708514	PP_000W78J	PP_000W78J.2	Gigante, C.; Mooring, E.; Zhao, H.; Batra, D.; Hetrick, E.; Howard, D.; Kovar, L.; Seabolt, M.; Morrison, S.; Desch, M.; Knipe, K.; Weigand, M.; Sheth, M.; Burgin, A.; Burroughs, M.; Lee, J.; Wilkins, K.; McCollum, A.; Hutson, C.; Davidson, W.; Rao, A.; Laurence, J.; Li, Y.	CDC, DHCPP-PRB	insdc_ingest_user	Automated Ingest from INSDC/NCBI Virus by Loculus	USA	AK	2022-07	2025-02-03	Monkeypox virus					PRJNA849962	SAMN32191133	METAGENOMIC	WGS	RANDOM	ILLUMINA	Illumina NovaSeq 6000	828464	227016881	2022-12-14	SRR22708514
SRR22708512	PP_000W79G	PP_000W79G.2	Gigante, C.; Francis, D.; Zhao, H.; Batra, D.; Hetrick, E.; Howard, D.; Kovar, L.; Seabolt, M.; Morrison, S.; Desch, M.; Knipe, K.; Weigand, M.; Sheth, M.; Burgin, A.; Burroughs, M.; Lee, J.; Wilkins, K.; McCollum, A.; Hutson, C.; Davidson, W.; Rao, A.; Escobar, J.; Li, Y.	CDC, DHCPP-PRB	insdc_ingest_user	Automated Ingest from INSDC/NCBI Virus by Loculus	USA	AZ	2022-09	2025-02-03	Monkeypox virus					PRJNA849962	SAMN32191136	METAGENOMIC	WGS	RANDOM	ILLUMINA	Illumina NovaSeq 6000	74173	18979468	2022-12-14	SRR22708512
SRR22708524	PP_000W7AE	PP_000W7AE.2	Gigante, C.; Ventura, J.; Zhao, H.; Batra, D.; Hetrick, E.; Howard, D.; Kovar, L.; Seabolt, M.; Morrison, S.; Desch, M.; Knipe, K.; Weigand, M.; Sheth, M.; Burgin, A.; Burroughs, M.; Lee, J.; Wilkins, K.; McCollum, A.; Hutson, C.; Davidson, W.; Rao, A.; Nash, J.; Li, Y.	CDC, DHCPP-PRB	insdc_ingest_user	Automated Ingest from INSDC/NCBI Virus by Loculus	USA	CA	2022-09	2025-02-03	Monkeypox virus					PRJNA849962	SAMN32191139	METAGENOMIC	WGS	RANDOM	ILLUMINA	Illumina NovaSeq 6000	177979	50457791	2022-12-14	SRR22708524
SRR22708525	PP_000W7BC	PP_000W7BC.2	Gigante, C.; Ventura, J.; Zhao, H.; Batra, D.; Hetrick, E.; Howard, D.; Kovar, L.; Seabolt, M.; Morrison, S.; Desch, M.; Knipe, K.; Weigand, M.; Sheth, M.; Burgin, A.; Burroughs, M.; Lee, J.; Wilkins, K.; McCollum, A.; Hutson, C.; Davidson, W.; Rao, A.; Nash, J.; Li, Y.	CDC, DHCPP-PRB	insdc_ingest_user	Automated Ingest from INSDC/NCBI Virus by Loculus	USA	CA	2022-09	2025-02-03	Monkeypox virus					PRJNA849962	SAMN32191140	METAGENOMIC	WGS	RANDOM	ILLUMINA	Illumina NovaSeq 6000	69244	17601051	2022-12-14	SRR22708525
SRR22708526	PP_000W7CA	PP_000W7CA.2	Gigante, C.; Lee, P.; Zhao, H.; Batra, D.; Hetrick, E.; Howard, D.; Kovar, L.; Seabolt, M.; Morrison, S.; Desch, M.; Knipe, K.; Weigand, M.; Sheth, M.; Burgin, A.; Burroughs, M.; Lee, J.; Wilkins, K.; McCollum, A.; Hutson, C.; Davidson, W.; Rao, A.; Stanek, D.; Li, Y.	CDC, DHCPP-PRB	insdc_ingest_user	Automated Ingest from INSDC/NCBI Virus by Loculus	USA	FL	2022-09	2025-02-03	Monkeypox virus					PRJNA849962	SAMN32191143	METAGENOMIC	WGS	RANDOM	ILLUMINA	Illumina NovaSeq 6000	24676	7434495	2022-12-14	SRR22708526
SRR22708681	PP_000W7D8	PP_000W7D8.2	Gigante, C.; Lee, P.; Zhao, H.; Batra, D.; Hetrick, E.; Howard, D.; Kovar, L.; Seabolt, M.; Morrison, S.; Desch, M.; Knipe, K.; Weigand, M.; Sheth, M.; Burgin, A.; Burroughs, M.; Lee, J.; Wilkins, K.; McCollum, A.; Hutson, C.; Davidson, W.; Rao, A.; Stanek, D.; Li, Y.	CDC, DHCPP-PRB	insdc_ingest_user	Automated Ingest from INSDC/NCBI Virus by Loculus	USA	FL	2022-09	2025-02-03	Monkeypox virus					PRJNA849962	SAMN32191145	METAGENOMIC	WGS	RANDOM	ILLUMINA	Illumina NovaSeq 6000	492802	128284349	2022-12-14	SRR22708681
SRR22827498	PP_000W7E6	PP_000W7E6.2	Gigante, C.; Ruiz, V.; Zhao, H.; Batra, D.; Hetrick, E.; Howard, D.; Kovar, L.; Seabolt, M.; Morrison, S.; Desch, M.; Knipe, K.; Weigand, M.; Sheth, M.; Burgin, A.; Burroughs, M.; Lee, J.; Wilkins, K.; McCollum, A.; Hutson, C.; Davidson, W.; Rao, A.; Wang, J.; Li, Y.	CDC, DHCPP-PRB	insdc_ingest_user	Automated Ingest from INSDC/NCBI Virus by Loculus	USA	NY	2022-07	2025-02-03	Monkeypox virus					PRJNA849962	SAMN32329581	METAGENOMIC	WGS	RANDOM	ILLUMINA	Illumina NovaSeq 6000	1066759	313417564	2022-12-22	SRR22827498
SRR22827501	PP_000W7F4	PP_000W7F4.2	Gigante, C.; Ruiz, V.; Zhao, H.; Batra, D.; Hetrick, E.; Howard, D.; Kovar, L.; Seabolt, M.; Morrison, S.; Desch, M.; Knipe, K.; Weigand, M.; Sheth, M.; Burgin, A.; Burroughs, M.; Lee, J.; Wilkins, K.; McCollum, A.; Hutson, C.; Davidson, W.; Rao, A.; Wang, J.; Li, Y.	CDC, DHCPP-PRB	insdc_ingest_user	Automated Ingest from INSDC/NCBI Virus by Loculus	USA	NY	2022-07	2025-02-03	Monkeypox virus					PRJNA849962	SAMN32329582	METAGENOMIC	WGS	RANDOM	ILLUMINA	Illumina NovaSeq 6000	125164	35066177	2022-12-22	SRR22827501
SRR22827502	PP_000W7G2	PP_000W7G2.2	Gigante, C.; Hauser, J.; Zhao, H.; Batra, D.; Hetrick, E.; Howard, D.; Kovar, L.; Seabolt, M.; Morrison, S.; Desch, M.; Knipe, K.; Weigand, M.; Sheth, M.; Burgin, A.; Burroughs, M.; Lee, J.; Wilkins, K.; McCollum, A.; Hutson, C.; Davidson, W.; Rao, A.; Mangla, A.; Li, Y.	CDC, DHCPP-PRB	insdc_ingest_user	Automated Ingest from INSDC/NCBI Virus by Loculus	USA	DC	2022-07	2025-02-03	Monkeypox virus					PRJNA849962	SAMN32329576	METAGENOMIC	WGS	RANDOM	ILLUMINA	Illumina NovaSeq 6000	491917	141601862	2022-12-22	SRR22827502
SRR22827499	PP_000W7HZ	PP_000W7HZ.2	Gigante, C.; Lee, P.; Zhao, H.; Batra, D.; Hetrick, E.; Howard, D.; Kovar, L.; Seabolt, M.; Morrison, S.; Desch, M.; Knipe, K.; Weigand, M.; Sheth, M.; Burgin, A.; Burroughs, M.; Lee, J.; Wilkins, K.; McCollum, A.; Hutson, C.; Davidson, W.; Rao, A.; Stanek, D.; Li, Y.	CDC, DHCPP-PRB	insdc_ingest_user	Automated Ingest from INSDC/NCBI Virus by Loculus	USA	FL	2022-07	2025-02-03	Monkeypox virus					PRJNA849962	SAMN32329578	METAGENOMIC	WGS	RANDOM	ILLUMINA	Illumina NovaSeq 6000	114903	34328105	2022-12-22	SRR22827499
SRR22827496	PP_000W7JX	PP_000W7JX.2	Gigante, C.; Ghinai, I.; Zhao, H.; Batra, D.; Hetrick, E.; Howard, D.; Kovar, L.; Seabolt, M.; Morrison, S.; Desch, M.; Knipe, K.; Weigand, M.; Sheth, M.; Burgin, A.; Burroughs, M.; Lee, J.; Wilkins, K.; McCollum, A.; Hutson, C.; Davidson, W.; Rao, A.; Kerins, J.; Li, Y.	CDC, DHCPP-PRB	insdc_ingest_user	Automated Ingest from INSDC/NCBI Virus by Loculus	USA	IL	2022-06	2025-02-03	Monkeypox virus					PRJNA849962	SAMN32329579	METAGENOMIC	WGS	RANDOM	ILLUMINA	Illumina NovaSeq 6000	359310	97731401	2022-12-22	SRR22827496
SRR22827497	PP_000W7KV	PP_000W7KV.2	Gigante, C.; Ghinai, I.; Zhao, H.; Batra, D.; Hetrick, E.; Howard, D.; Kovar, L.; Seabolt, M.; Morrison, S.; Desch, M.; Knipe, K.; Weigand, M.; Sheth, M.; Burgin, A.; Burroughs, M.; Lee, J.; Wilkins, K.; McCollum, A.; Hutson, C.; Davidson, W.; Rao, A.; Kerins, J.; Li, Y.	CDC, DHCPP-PRB	insdc_ingest_user	Automated Ingest from INSDC/NCBI Virus by Loculus	USA	IL	2022-07	2025-02-03	Monkeypox virus					PRJNA849962	SAMN32329580	METAGENOMIC	WGS	RANDOM	ILLUMINA	Illumina NovaSeq 6000	104810	30000320	2022-12-22	SRR22827497
SRR23462419	PP_000WATA	PP_000WATA.2	Rhie, G.-e.	Korea Disease Control and Prevention Agency, Division of High-risk Pathogens	insdc_ingest_user	Automated Ingest from INSDC/NCBI Virus by Loculus	South Korea		2022-11-14	2025-02-03	Monkeypox virus					PRJNA935252	SAMN33299275	GENOMIC	WGS	RANDOM	ILLUMINA	Illumina MiSeq	1239915	522470660	2024-05-01	SRR23462419
SRR23195228	PP_000WC5K	PP_000WC5K.2	Gigante, C.; Kubin, G.; Zhao, H.; Batra, D.; Hetrick, E.; Howard, D.; Kovar, L.; Seabolt, M.; Morrison, S.; Desch, M.; Knipe, K.; Sheth, M. R.; Burgin, A.; Burroughs, M.; Lee, J.; Wilkins, K.; McCollum, A.; Hutson, C.; Davidson, W.; Rao, A.; White, S.; Li, Y.	CDC, DHCPP-PRB	insdc_ingest_user	Automated Ingest from INSDC/NCBI Virus by Loculus	USA	TX	2022-10	2025-02-03	Monkeypox virus					PRJNA849962	SAMN32878821	METAGENOMIC	WGS	RANDOM	ILLUMINA	Illumina NovaSeq 6000	119111	35354688	2023-01-24	SRR23195228
SRR23195212	PP_000WC6H	PP_000WC6H.2	Gigante, C.; Kubin, G.; Zhao, H.; Batra, D.; Hetrick, E.; Howard, D.; Kovar, L.; Seabolt, M.; Morrison, S.; Desch, M.; Knipe, K.; Sheth, M. R.; Burgin, A.; Burroughs, M.; Lee, J.; Wilkins, K.; McCollum, A.; Hutson, C.; Davidson, W.; Rao, A.; White, S.; Li, Y.	CDC, DHCPP-PRB	insdc_ingest_user	Automated Ingest from INSDC/NCBI Virus by Loculus	USA	TX	2022-10	2025-02-03	Monkeypox virus					PRJNA849962	SAMN32878822	METAGENOMIC	WGS	RANDOM	ILLUMINA	Illumina NovaSeq 6000	48348	14455464	2023-01-24	SRR23195212
SRR23195214	PP_000WC7F	PP_000WC7F.2	Gigante, C.; Kubin, G.; Zhao, H.; Batra, D.; Hetrick, E.; Howard, D.; Kovar, L.; Seabolt, M.; Morrison, S.; Desch, M.; Knipe, K.; Sheth, M. R.; Burgin, A.; Burroughs, M.; Lee, J.; Wilkins, K.; McCollum, A.; Hutson, C.; Davidson, W.; Rao, A.; White, S.; Li, Y.	CDC, DHCPP-PRB	insdc_ingest_user	Automated Ingest from INSDC/NCBI Virus by Loculus	USA	TX	2022-10	2025-02-03	Monkeypox virus					PRJNA849962	SAMN32878823	METAGENOMIC	WGS	RANDOM	ILLUMINA	Illumina NovaSeq 6000	182906	54330606	2023-01-24	SRR23195214
SRR23195220	PP_000WC8D	PP_000WC8D.2	Gigante, C.; Kubin, G.; Zhao, H.; Batra, D.; Hetrick, E.; Howard, D.; Kovar, L.; Seabolt, M.; Morrison, S.; Desch, M.; Knipe, K.; Sheth, M. R.; Burgin, A.; Burroughs, M.; Lee, J.; Wilkins, K.; McCollum, A.; Hutson, C.; Davidson, W.; Rao, A.; White, S.; Li, Y.	CDC, DHCPP-PRB	insdc_ingest_user	Automated Ingest from INSDC/NCBI Virus by Loculus	USA	TX	2022-10	2025-02-03	Monkeypox virus					PRJNA849962	SAMN32878824	METAGENOMIC	WGS	RANDOM	ILLUMINA	Illumina NovaSeq 6000	48588	14370668	2023-01-24	SRR23195220
SRR23195230	PP_000WC9B	PP_000WC9B.2	Gigante, C.; Kubin, G.; Zhao, H.; Batra, D.; Hetrick, E.; Howard, D.; Kovar, L.; Seabolt, M.; Morrison, S.; Desch, M.; Knipe, K.; Weigand, M.; Sheth, M.; Burgin, A.; Burroughs, M.; Lee, J.; Wilkins, K.; McCollum, A.; Hutson, C.; Davidson, W.; Rao, A.; White, S.; Li, Y.	CDC, DHCPP-PRB	insdc_ingest_user	Automated Ingest from INSDC/NCBI Virus by Loculus	USA	TX	2022-10	2025-02-03	Monkeypox virus					PRJNA849962	SAMN32878825	METAGENOMIC	WGS	RANDOM	ILLUMINA	Illumina NovaSeq 6000	176747	47335650	2023-01-24	SRR23195230
SRR23195245	PP_000WCA9	PP_000WCA9.2	Gigante, C.; Kubin, G.; Zhao, H.; Batra, D.; Hetrick, E.; Howard, D.; Kovar, L.; Seabolt, M.; Morrison, S.; Desch, M.; Knipe, K.; Weigand, M.; Sheth, M.; Burgin, A.; Burroughs, M.; Lee, J.; Wilkins, K.; McCollum, A.; Hutson, C.; Davidson, W.; Rao, A.; White, S.; Li, Y.	CDC, DHCPP-PRB	insdc_ingest_user	Automated Ingest from INSDC/NCBI Virus by Loculus	USA	TX	2022-10	2025-02-03	Monkeypox virus					PRJNA849962	SAMN32878852	METAGENOMIC	WGS	RANDOM	ILLUMINA	Illumina NovaSeq 6000	408899	107407483	2023-01-24	SRR23195245
SRR23195236	PP_000WCB7	PP_000WCB7.2	Gigante, C.; Murray, J.; Zhao, H.; Batra, D.; Hetrick, E.; Howard, D.; Kovar, L.; Seabolt, M.; Morrison, S.; Desch, M.; Knipe, K.; Weigand, M.; Sheth, M.; Burroughs, A. B.; Lee, J.; Wilkins, K.; McCollum, A.; Hutson, C.; Davidson, W.; Rao, A.; Atkinson, A.; Li, Y.	CDC, DHCPP-PRB	insdc_ingest_user	Automated Ingest from INSDC/NCBI Virus by Loculus	USA	UT	2022-10	2025-02-03	Monkeypox virus					PRJNA849962	SAMN32878853	METAGENOMIC	WGS	RANDOM	ILLUMINA	Illumina NovaSeq 6000	24015	7183688	2023-01-24	SRR23195236
SRR23195234	PP_000WCC5	PP_000WCC5.2	Gigante, C.; Murray, J.; Zhao, H.; Batra, D.; Hetrick, E.; Howard, D.; Kovar, L.; Seabolt, M.; Morrison, S.; Desch, M.; Knipe, K.; Weigand, M.; Sheth, M.; Burroughs, A. B.; Lee, J.; Wilkins, K.; McCollum, A.; Hutson, C.; Davidson, W.; Rao, A.; Atkinson, A.; Li, Y.	CDC, DHCPP-PRB	insdc_ingest_user	Automated Ingest from INSDC/NCBI Virus by Loculus	USA	UT	2022-07	2025-02-03	Monkeypox virus					PRJNA849962	SAMN32878854	METAGENOMIC	WGS	RANDOM	ILLUMINA	Illumina NovaSeq 6000	134968	40444204	2023-01-24	SRR23195234
SRR23195197	PP_000WCD3	PP_000WCD3.2	Gigante, C.; Hauser, J.; Zhao, H.; Batra, D.; Hetrick, E.; Howard, D.; Kovar, L.; Seabolt, M.; Morrison, S.; Desch, M.; Knipe, K.; Weigand, M.; Sheth, M.; Burgin, A.; Burroughs, M.; Lee, J.; Wilkins, K.; McCollum, A.; Hutson, C.; Davidson, W.; Rao, A.; Mangla, A.; Li, Y.	CDC, DHCPP-PRB	insdc_ingest_user	Automated Ingest from INSDC/NCBI Virus by Loculus	USA	DC	2022-09	2025-02-03	Monkeypox virus					PRJNA849962	SAMN32878499	METAGENOMIC	WGS	RANDOM	ILLUMINA	Illumina NovaSeq 6000	72484	20771947	2023-01-24	SRR23195197
SRR23195201	PP_000WCE1	PP_000WCE1.2	Gigante, C.; Hauser, J.; Zhao, H.; Batra, D.; Hetrick, E.; Howard, D.; Kovar, L.; Seabolt, M.; Morrison, S.; Desch, M.; Knipe, K.; Weigand, M.; Sheth, M.; Burgin, A.; Burroughs, M.; Lee, J.; Wilkins, K.; McCollum, A.; Hutson, C.; Davidson, W.; Rao, A.; Mangla, A.; Li, Y.	CDC, DHCPP-PRB	insdc_ingest_user	Automated Ingest from INSDC/NCBI Virus by Loculus	USA	DC	2022-09	2025-02-03	Monkeypox virus					PRJNA849962	SAMN32878502	METAGENOMIC	WGS	RANDOM	ILLUMINA	Illumina NovaSeq 6000	467246	129212421	2023-01-24	SRR23195201
SRR23195202	PP_000WCFZ	PP_000WCFZ.2	Gigante, C.; Hauser, J.; Zhao, H.; Batra, D.; Hetrick, E.; Howard, D.; Kovar, L.; Seabolt, M.; Morrison, S.; Desch, M.; Knipe, K.; Weigand, M.; Sheth, M.; Burgin, A.; Burroughs, M.; Lee, J.; Wilkins, K.; McCollum, A.; Hutson, C.; Davidson, W.; Rao, A.; Mangla, A.; Li, Y.	CDC, DHCPP-PRB	insdc_ingest_user	Automated Ingest from INSDC/NCBI Virus by Loculus	USA	DC	2022-09	2025-02-03	Monkeypox virus					PRJNA849962	SAMN32878504	METAGENOMIC	WGS	RANDOM	ILLUMINA	Illumina NovaSeq 6000	137535	36138552	2023-01-24	SRR23195202
SRR23195204	PP_000WCGX	PP_000WCGX.2	Gigante, C.; Hauser, J.; Zhao, H.; Batra, D.; Hetrick, E.; Howard, D.; Kovar, L.; Seabolt, M.; Morrison, S.; Desch, M.; Knipe, K.; Weigand, M.; Sheth, M.; Burgin, A.; Burroughs, M.; Lee, J.; Wilkins, K.; McCollum, A.; Hutson, C.; Davidson, W.; Rao, A.; Mangla, A.; Li, Y.	CDC, DHCPP-PRB	insdc_ingest_user	Automated Ingest from INSDC/NCBI Virus by Loculus	USA	DC	2022-09	2025-02-03	Monkeypox virus					PRJNA849962	SAMN32878507	METAGENOMIC	WGS	RANDOM	ILLUMINA	Illumina NovaSeq 6000	3199039	943270504	2023-01-24	SRR23195204
SRR23195198	PP_000WCHU	PP_000WCHU.2	Gigante, C.; Hauser, J.; Zhao, H.; Batra, D.; Hetrick, E.; Howard, D.; Kovar, L.; Seabolt, M.; Morrison, S.; Desch, M.; Knipe, K.; Weigand, M.; Sheth, M.; Burgin, A.; Burroughs, M.; Lee, J.; Wilkins, K.; McCollum, A.; Hutson, C.; Davidson, W.; Rao, A.; Mangla, A.; Li, Y.	CDC, DHCPP-PRB	insdc_ingest_user	Automated Ingest from INSDC/NCBI Virus by Loculus	USA	DC	2022-09	2025-02-03	Monkeypox virus					PRJNA849962	SAMN32878508	METAGENOMIC	WGS	RANDOM	ILLUMINA	Illumina NovaSeq 6000	532112	154586236	2023-01-24	SRR23195198
SRR23195199	PP_000WCJS	PP_000WCJS.2	Gigante, C.; Hauser, J.; Zhao, H.; Batra, D.; Hetrick, E.; Howard, D.; Kovar, L.; Seabolt, M.; Morrison, S.; Desch, M.; Knipe, K.; Weigand, M.; Sheth, M.; Burgin, A.; Burroughs, M.; Lee, J.; Wilkins, K.; McCollum, A.; Hutson, C.; Davidson, W.; Rao, A.; Mangla, A.; Li, Y.	CDC, DHCPP-PRB	insdc_ingest_user	Automated Ingest from INSDC/NCBI Virus by Loculus	USA	DC	2022-09	2025-02-03	Monkeypox virus					PRJNA849962	SAMN32878510	METAGENOMIC	WGS	RANDOM	ILLUMINA	Illumina NovaSeq 6000	171287	47016400	2023-01-24	SRR23195199
SRR23195200	PP_000WCKQ	PP_000WCKQ.2	Gigante, C.; Hauser, J.; Zhao, H.; Batra, D.; Hetrick, E.; Howard, D.; Kovar, L.; Seabolt, M.; Morrison, S.; Desch, M.; Knipe, K.; Weigand, M.; Sheth, M.; Burgin, A.; Burroughs, M.; Lee, J.; Wilkins, K.; McCollum, A.; Hutson, C.; Davidson, W.; Rao, A.; Mangla, A.; Li, Y.	CDC, DHCPP-PRB	insdc_ingest_user	Automated Ingest from INSDC/NCBI Virus by Loculus	USA	DC	2022-09	2025-02-03	Monkeypox virus					PRJNA849962	SAMN32878512	METAGENOMIC	WGS	RANDOM	ILLUMINA	Illumina NovaSeq 6000	556162	157919554	2023-01-24	SRR23195200
SRR23195203	PP_000WCLN	PP_000WCLN.2	Gigante, C.; Bradley, A.; Zhao, H.; Batra, D.; Hetrick, E.; Howard, D.; Kovar, L.; Seabolt, M.; Morrison, S.; Desch, M.; Knipe, K.; Sheth, M. R.; Burgin, A.; Burroughs, M.; Lee, J.; Wilkins, K.; McCollum, A.; Hutson, C.; Davidson, W.; Rao, A.; Anderson, J.; Li, Y.	CDC, DHCPP-PRB	insdc_ingest_user	Automated Ingest from INSDC/NCBI Virus by Loculus	USA	KS	2022-09	2025-02-03	Monkeypox virus					PRJNA849962	SAMN32878514	METAGENOMIC	WGS	RANDOM	ILLUMINA	Illumina NovaSeq 6000	970760	279277254	2023-01-24	SRR23195203
SRR23195206	PP_000WCML	PP_000WCML.2	Gigante, C.; Bradley, A.; Zhao, H.; Batra, D.; Hetrick, E.; Howard, D.; Kovar, L.; Seabolt, M.; Morrison, S.; Desch, M.; Knipe, K.; Sheth, M. R.; Burgin, A.; Burroughs, M.; Lee, J.; Wilkins, K.; McCollum, A.; Hutson, C.; Davidson, W.; Rao, A.; Anderson, J.; Li, Y.	CDC, DHCPP-PRB	insdc_ingest_user	Automated Ingest from INSDC/NCBI Virus by Loculus	USA	KS	2022-09	2025-02-03	Monkeypox virus					PRJNA849962	SAMN32878516	METAGENOMIC	WGS	RANDOM	ILLUMINA	Illumina NovaSeq 6000	53898	13587507	2023-01-24	SRR23195206
SRR23195205	PP_000WCNJ	PP_000WCNJ.2	Gigante, C.; Bradley, A.; Zhao, H.; Batra, D.; Hetrick, E.; Howard, D.; Kovar, L.; Seabolt, M.; Morrison, S.; Desch, M.; Knipe, K.; Sheth, M. R.; Burgin, A.; Burroughs, M.; Lee, J.; Wilkins, K.; McCollum, A.; Hutson, C.; Davidson, W.; Rao, A.; Anderson, J.; Li, Y.	CDC, DHCPP-PRB	insdc_ingest_user	Automated Ingest from INSDC/NCBI Virus by Loculus	USA	KS	2022-09	2025-02-03	Monkeypox virus					PRJNA849962	SAMN32878518	METAGENOMIC	WGS	RANDOM	ILLUMINA	Illumina NovaSeq 6000	374149	95557577	2023-01-24	SRR23195205
SRR23195210	PP_000WCPG	PP_000WCPG.2	Gigante, C.; Bradley, A.; Zhao, H.; Batra, D.; Hetrick, E.; Howard, D.; Kovar, L.; Seabolt, M.; Morrison, S.; Desch, M.; Knipe, K.; Sheth, M. R.; Burgin, A.; Burroughs, M.; Lee, J.; Wilkins, K.; McCollum, A.; Hutson, C.; Davidson, W.; Rao, A.; Anderson, J.; Li, Y.	CDC, DHCPP-PRB	insdc_ingest_user	Automated Ingest from INSDC/NCBI Virus by Loculus	USA	KS	2022-10	2025-02-03	Monkeypox virus					PRJNA849962	SAMN32878804	METAGENOMIC	WGS	RANDOM	ILLUMINA	Illumina NovaSeq 6000	207364	61942675	2023-01-24	SRR23195210
SRR23195211	PP_000WCQE	PP_000WCQE.2	Gigante, C.; Johnson, S.; Zhao, H.; Batra, D.; Hetrick, E.; Howard, D.; Kovar, L.; Seabolt, M.; Morrison, S.; Weigand, M.; Knipe, K.; Sheth, M.; Burgin, A.; Burroughs, M.; Lee, J.; Wilkins, K.; McCollum, A.; Hutson, C.; Davidson, W.; Rao, A.; Riner, D.; Li, Y.	CDC, DHCPP-PRB	insdc_ingest_user	Automated Ingest from INSDC/NCBI Virus by Loculus	USA	MI	2022-08	2025-02-03	Monkeypox virus					PRJNA849962	SAMN32878805	METAGENOMIC	WGS	RANDOM	ILLUMINA	Illumina NovaSeq 6000	115805	34703472	2023-01-24	SRR23195211
SRR23195207	PP_000WCRC	PP_000WCRC.2	Gigante, C.; Cleavinger, K.; Zhao, H.; Batra, D.; Hetrick, E.; Howard, D.; Kovar, L.; Seabolt, M.; Morrison, S.; Desch, M.; Knipe, K.; Burroughs, M. R.; Lee, J.; Wilkins, K.; McCollum, A.; Hutson, C.; Davidson, W.; Rao, A.; Sinn, M.; Li, Y.	CDC, DHCPP-PRB	insdc_ingest_user	Automated Ingest from INSDC/NCBI Virus by Loculus	USA	MO	2022-10	2025-02-03	Monkeypox virus					PRJNA849962	SAMN32878807	METAGENOMIC	WGS	RANDOM	ILLUMINA	Illumina NovaSeq 6000	50930	15076367	2023-01-24	SRR23195207
SRR23195209	PP_000WCSA	PP_000WCSA.2	Gigante, C.; Mozer, M.; Zhao, H.; Batra, D.; Hetrick, E.; Howard, D.; Kovar, L.; Seabolt, M.; Morrison, S.; Desch, M.; Knipe, K.; Weigand, M.; Sheth, M.; Burgin, A.; Burroughs, M.; Lee, J.; Wilkins, K.; McCollum, A.; Hutson, C.; Davidson, W.; Rao, A.; Hopkins, B.; Li, Y.	CDC, DHCPP-PRB	insdc_ingest_user	Automated Ingest from INSDC/NCBI Virus by Loculus	USA	MT	2022-08	2025-02-03	Monkeypox virus					PRJNA849962	SAMN32878808	METAGENOMIC	WGS	RANDOM	ILLUMINA	Illumina NovaSeq 6000	259387	72146084	2023-01-24	SRR23195209
SRR23195224	PP_000WCT8	PP_000WCT8.2	Gigante, C.; Mozer, M.; Zhao, H.; Batra, D.; Hetrick, E.; Howard, D.; Kovar, L.; Seabolt, M.; Morrison, S.; Desch, M.; Knipe, K.; Weigand, M.; Sheth, M.; Burgin, A.; Burroughs, M.; Lee, J.; Wilkins, K.; McCollum, A.; Hutson, C.; Davidson, W.; Rao, A.; Hopkins, B.; Li, Y.	CDC, DHCPP-PRB	insdc_ingest_user	Automated Ingest from INSDC/NCBI Virus by Loculus	USA	MT	2022-08	2025-02-03	Monkeypox virus					PRJNA849962	SAMN32878809	METAGENOMIC	WGS	RANDOM	ILLUMINA	Illumina NovaSeq 6000	1793477	464727558	2023-01-24	SRR23195224
SRR23195216	PP_000WCU6	PP_000WCU6.2	Gigante, C.; Buttery, E.; Zhao, H.; Batra, D.; Hetrick, E.; Howard, D.; Kovar, L.; Seabolt, M.; Morrison, S.; Desch, M.; Knipe, K.; Weigand, M.; Sheth, M.; Burroughs, A. B.; Lee, J.; Wilkins, K.; McCollum, A.; Hutson, C.; Davidson, W.; Rao, A.; Raman, D.; Li, Y.	CDC, DHCPP-PRB	insdc_ingest_user	Automated Ingest from INSDC/NCBI Virus by Loculus	USA	NV	2022-08	2025-02-03	Monkeypox virus					PRJNA849962	SAMN32878811	METAGENOMIC	WGS	RANDOM	ILLUMINA	Illumina NovaSeq 6000	53660	15946145	2023-01-24	SRR23195216
SRR23195223	PP_000WCV4	PP_000WCV4.2	Gigante, C.; Ruiz, V.; Zhao, H.; Batra, D.; Hetrick, E.; Howard, D.; Kovar, L.; Seabolt, M.; Morrison, S.; Desch, M.; Knipe, K.; Weigand, M.; Sheth, M.; Burgin, A.; Burroughs, M.; Lee, J.; Wilkins, K.; McCollum, A.; Hutson, C.; Davidson, W.; Rao, A.; Wang, J.; Li, Y.	CDC, DHCPP-PRB	insdc_ingest_user	Automated Ingest from INSDC/NCBI Virus by Loculus	USA	NY	2022-10	2025-02-03	Monkeypox virus					PRJNA849962	SAMN32878812	METAGENOMIC	WGS	RANDOM	ILLUMINA	Illumina NovaSeq 6000	112157	30894102	2023-01-24	SRR23195223
SRR23195213	PP_000WCW2	PP_000WCW2.2	Gigante, C.; Ruiz, V.; Zhao, H.; Batra, D.; Hetrick, E.; Howard, D.; Kovar, L.; Seabolt, M.; Morrison, S.; Desch, M.; Knipe, K.; Weigand, M.; Sheth, M.; Burgin, A.; Burroughs, M.; Lee, J.; Wilkins, K.; McCollum, A.; Hutson, C.; Davidson, W.; Rao, A.; Wang, J.; Li, Y.	CDC, DHCPP-PRB	insdc_ingest_user	Automated Ingest from INSDC/NCBI Virus by Loculus	USA	NY	2022-10	2025-02-03	Monkeypox virus					PRJNA849962	SAMN32878813	METAGENOMIC	WGS	RANDOM	ILLUMINA	Illumina NovaSeq 6000	338947	97000738	2023-01-24	SRR23195213
SRR23195225	PP_000WCX0	PP_000WCX0.2	Gigante, C.; Ruiz, V.; Zhao, H.; Batra, D.; Hetrick, E.; Howard, D.; Kovar, L.; Seabolt, M.; Morrison, S.; Desch, M.; Knipe, K.; Weigand, M.; Sheth, M.; Burgin, A.; Burroughs, M.; Lee, J.; Wilkins, K.; McCollum, A.; Hutson, C.; Davidson, W.; Rao, A.; Wang, J.; Li, Y.	CDC, DHCPP-PRB	insdc_ingest_user	Automated Ingest from INSDC/NCBI Virus by Loculus	USA	NY	2022-08	2025-02-03	Monkeypox virus					PRJNA849962	SAMN32878814	METAGENOMIC	WGS	RANDOM	ILLUMINA	Illumina NovaSeq 6000	115971	30776286	2023-01-24	SRR23195225
SRR23195221	PP_000WCYY	PP_000WCYY.2	Gigante, C.; Ruiz, V.; Zhao, H.; Batra, D.; Hetrick, E.; Howard, D.; Kovar, L.; Seabolt, M.; Morrison, S.; Desch, M.; Knipe, K.; Weigand, M.; Sheth, M.; Burgin, A.; Burroughs, M.; Lee, J.; Wilkins, K.; McCollum, A.; Hutson, C.; Davidson, W.; Rao, A.; Wang, J.; Li, Y.	CDC, DHCPP-PRB	insdc_ingest_user	Automated Ingest from INSDC/NCBI Virus by Loculus	USA	NY	2022-08	2025-02-03	Monkeypox virus					PRJNA849962	SAMN32878815	METAGENOMIC	WGS	RANDOM	ILLUMINA	Illumina NovaSeq 6000	115654	34112799	2023-01-24	SRR23195221
SRR23195227	PP_000WCZW	PP_000WCZW.2	Gigante, C.; Ruiz, V.; Zhao, H.; Batra, D.; Hetrick, E.; Howard, D.; Kovar, L.; Seabolt, M.; Morrison, S.; Desch, M.; Knipe, K.; Weigand, M.; Sheth, M.; Burgin, A.; Burroughs, M.; Lee, J.; Wilkins, K.; McCollum, A.; Hutson, C.; Davidson, W.; Rao, A.; Wang, J.; Li, Y.	CDC, DHCPP-PRB	insdc_ingest_user	Automated Ingest from INSDC/NCBI Virus by Loculus	USA	NY	2022-08	2025-02-03	Monkeypox virus					PRJNA849962	SAMN32878817	METAGENOMIC	WGS	RANDOM	ILLUMINA	Illumina NovaSeq 6000	394386	108048008	2023-01-24	SRR23195227
SRR23195215	PP_000WD0U	PP_000WD0U.2	Gigante, C.; Ruiz, V.; Zhao, H.; Batra, D.; Hetrick, E.; Howard, D.; Kovar, L.; Seabolt, M.; Morrison, S.; Desch, M.; Knipe, K.; Weigand, M.; Sheth, M.; Burgin, A.; Burroughs, M.; Lee, J.; Wilkins, K.; McCollum, A.; Hutson, C.; Davidson, W.; Rao, A.; Wang, J.; Li, Y.	CDC, DHCPP-PRB	insdc_ingest_user	Automated Ingest from INSDC/NCBI Virus by Loculus	USA	NY	2022-08	2025-02-03	Monkeypox virus					PRJNA849962	SAMN32878818	METAGENOMIC	WGS	RANDOM	ILLUMINA	Illumina NovaSeq 6000	257520	66208926	2023-01-24	SRR23195215
SRR23195217	PP_000WD1S	PP_000WD1S.2	Gigante, C.; Thomas, L.; Zhao, H.; Batra, D.; Hetrick, E.; Howard, D.; Kovar, L.; Seabolt, M.; Morrison, S.; Desch, M.; Knipe, K.; Weigand, M.; Sheth, M.; Burgin, A.; Burroughs, M.; Lee, J.; Wilkins, K.; McCollum, A.; Hutson, C.; Davidson, W.; Rao, A.; Dunn, J.; Li, Y.	CDC, DHCPP-PRB	insdc_ingest_user	Automated Ingest from INSDC/NCBI Virus by Loculus	USA	TN	2022-10	2025-02-03	Monkeypox virus					PRJNA849962	SAMN32878819	METAGENOMIC	WGS	RANDOM	ILLUMINA	Illumina NovaSeq 6000	76620	22890421	2023-01-24	SRR23195217
SRR23195218	PP_000WD2Q	PP_000WD2Q.2	Gigante, C.; Kubin, G.; Zhao, H.; Batra, D.; Hetrick, E.; Howard, D.; Kovar, L.; Seabolt, M.; Morrison, S.; Desch, M.; Knipe, K.; Sheth, M. R.; Burgin, A.; Burroughs, M.; Lee, J.; Wilkins, K.; McCollum, A.; Hutson, C.; Davidson, W.; Rao, A.; White, S.; Li, Y.	CDC, DHCPP-PRB	insdc_ingest_user	Automated Ingest from INSDC/NCBI Virus by Loculus	USA	TX	2022-10	2025-02-03	Monkeypox virus					PRJNA849962	SAMN32878820	METAGENOMIC	WGS	RANDOM	ILLUMINA	Illumina NovaSeq 6000	239903	63156435	2023-01-24	SRR23195218
SRR23174888	PP_000WD3N	PP_000WD3N.2	Gigante, C.; Pettit, D.; Zhao, H.; Batra, D.; Hetrick, E.; Howard, D.; Kovar, L.; Seabolt, M.; Morrison, S.; Desch, M.; Knipe, K.; Weigand, M.; Sheth, M.; Burgin, A.; Burroughs, M.; Lee, J.; Wilkins, K.; McCollum, A.; Hutson, C.; Davidson, W.; Rao, A.; Deutsch-Feldman, M.; Li, Y.	CDC, DHCPP-PRB	insdc_ingest_user	Automated Ingest from INSDC/NCBI Virus by Loculus	USA	NC	2022-09	2025-02-03	Monkeypox virus					PRJNA849962	SAMN32727613	METAGENOMIC	WGS	RANDOM	ILLUMINA	Illumina NovaSeq 6000	267363	77460954	2023-01-22	SRR23174888
SRR23174884	PP_000WD4L	PP_000WD4L.2	Gigante, C.; Pettit, D.; Zhao, H.; Batra, D.; Hetrick, E.; Howard, D.; Kovar, L.; Seabolt, M.; Morrison, S.; Desch, M.; Knipe, K.; Weigand, M.; Sheth, M.; Burgin, A.; Burroughs, M.; Lee, J.; Wilkins, K.; McCollum, A.; Hutson, C.; Davidson, W.; Rao, A.; Deutsch-Feldman, M.; Li, Y.	CDC, DHCPP-PRB	insdc_ingest_user	Automated Ingest from INSDC/NCBI Virus by Loculus	USA	NC	2022-09	2025-02-03	Monkeypox virus					PRJNA849962	SAMN32727614	METAGENOMIC	WGS	RANDOM	ILLUMINA	Illumina NovaSeq 6000	49800	14500533	2023-01-22	SRR23174884
SRR23174891	PP_000WD5J	PP_000WD5J.2	Gigante, C.; Thomas, L.; Zhao, H.; Batra, D.; Hetrick, E.; Howard, D.; Kovar, L.; Seabolt, M.; Morrison, S.; Desch, M.; Knipe, K.; Weigand, M.; Burroughs, M. S.; Lee, J.; Wilkins, K.; McCollum, A.; Hutson, C.; Davidson, W.; Rao, A.; Dunn, J.; Li, Y.	CDC, DHCPP-PRB	insdc_ingest_user	Automated Ingest from INSDC/NCBI Virus by Loculus	USA	TN	2022-09	2025-02-03	Monkeypox virus					PRJNA849962	SAMN32727615	METAGENOMIC	WGS	RANDOM	ILLUMINA	Illumina NovaSeq 6000	255482	74328946	2023-01-22	SRR23174891
SRR23174889	PP_000WD6G	PP_000WD6G.2	Gigante, C.; Thomas, L.; Zhao, H.; Batra, D.; Hetrick, E.; Howard, D.; Kovar, L.; Seabolt, M.; Morrison, S.; Desch, M.; Knipe, K.; Weigand, M.; Burroughs, M. S.; Lee, J.; Wilkins, K.; McCollum, A.; Hutson, C.; Davidson, W.; Rao, A.; Dunn, J.; Li, Y.	CDC, DHCPP-PRB	insdc_ingest_user	Automated Ingest from INSDC/NCBI Virus by Loculus	USA	TN	2022-09	2025-02-03	Monkeypox virus					PRJNA849962	SAMN32727616	METAGENOMIC	WGS	RANDOM	ILLUMINA	Illumina NovaSeq 6000	110777	31640981	2023-01-22	SRR23174889
SRR23174887	PP_000WD7E	PP_000WD7E.2	Gigante, C.; Thomas, L.; Zhao, H.; Batra, D.; Hetrick, E.; Howard, D.; Kovar, L.; Seabolt, M.; Morrison, S.; Desch, M.; Knipe, K.; Weigand, M.; Burroughs, M. S.; Lee, J.; Wilkins, K.; McCollum, A.; Hutson, C.; Davidson, W.; Rao, A.; Dunn, J.; Li, Y.	CDC, DHCPP-PRB	insdc_ingest_user	Automated Ingest from INSDC/NCBI Virus by Loculus	USA	TN	2022-09	2025-02-03	Monkeypox virus					PRJNA849962	SAMN32727617	METAGENOMIC	WGS	RANDOM	ILLUMINA	Illumina NovaSeq 6000	49856	14188883	2023-01-22	SRR23174887
SRR23174880	PP_000WD8C	PP_000WD8C.2	Gigante, C.; Kubin, G.; Zhao, H.; Batra, D.; Hetrick, E.; Howard, D.; Kovar, L.; Seabolt, M.; Morrison, S.; Desch, M.; Knipe, K.; Burroughs, M. R.; Lee, J.; Wilkins, K.; McCollum, A.; Hutson, C.; Davidson, W.; Rao, A.; White, S.; Li, Y.	CDC, DHCPP-PRB	insdc_ingest_user	Automated Ingest from INSDC/NCBI Virus by Loculus	USA	TX	2022-09	2025-02-03	Monkeypox virus					PRJNA849962	SAMN32727618	METAGENOMIC	WGS	RANDOM	ILLUMINA	Illumina NovaSeq 6000	79452	22830509	2023-01-22	SRR23174880
SRR23174890	PP_000WD9A	PP_000WD9A.2	Gigante, C.; Goldoft, M.; Zhao, H.; Batra, D.; Hetrick, E.; Howard, D.; Kovar, L.; Seabolt, M.; Morrison, S.; Desch, M.; Knipe, K.; Weigand, M.; Burroughs, M. S.; Lee, J.; Wilkins, K.; McCollum, A.; Hutson, C.; Davidson, W.; Rao, A.; Holshue, M.; Li, Y.	CDC, DHCPP-PRB	insdc_ingest_user	Automated Ingest from INSDC/NCBI Virus by Loculus	USA	WA	2022-09	2025-02-03	Monkeypox virus					PRJNA849962	SAMN32727620	METAGENOMIC	WGS	RANDOM	ILLUMINA	Illumina NovaSeq 6000	511409	149887934	2023-01-22	SRR23174890
SRR23192851	PP_000WDA8	PP_000WDA8.2	Gigante, C.; Francis, D.; Zhao, H.; Batra, D.; Hetrick, E.; Howard, D.; Kovar, L.; Seabolt, M.; Morrison, S.; Desch, M.; Knipe, K.; Weigand, M.; Burroughs, M. S.; Lee, J.; Wilkins, K.; McCollum, A.; Hutson, C.; Davidson, W.; Rao, A.; Escobar, J.; Li, Y.	CDC, DHCPP-PRB	insdc_ingest_user	Automated Ingest from INSDC/NCBI Virus by Loculus	USA	AZ	2022-09	2025-02-03	Monkeypox virus					PRJNA849962	SAMN32727560	METAGENOMIC	WGS	RANDOM	ILLUMINA	Illumina NovaSeq 6000	109568	31599785	2023-01-24	SRR23192851
SRR23174895	PP_000WDB6	PP_000WDB6.2	Gigante, C.; Ventura, J.; Zhao, H.; Batra, D.; Hetrick, E.; Howard, D.; Kovar, L.; Seabolt, M.; Morrison, S.; Desch, M.; Knipe, K.; Weigand, M.; Sheth, M.; Burgin, A.; Burroughs, M.; Lee, J.; Wilkins, K.; McCollum, A.; Hutson, C.; Davidson, W.; Rao, A.; Nash, J.; Li, Y.	CDC, DHCPP-PRB	insdc_ingest_user	Automated Ingest from INSDC/NCBI Virus by Loculus	USA	CA	2022-09	2025-02-03	Monkeypox virus					PRJNA849962	SAMN32727561	METAGENOMIC	WGS	RANDOM	ILLUMINA	Illumina NovaSeq 6000	34141	9679382	2023-01-22	SRR23174895
SRR23191437	PP_000WDC4	PP_000WDC4.2	Gigante, C.; Hauser, J.; Zhao, H.; Batra, D.; Hetrick, E.; Howard, D.; Kovar, L.; Seabolt, M.; Knipe, K.; Burroughs, M. S.; Lee, J.; Wilkins, K.; McCollum, A.; Hutson, C.; Davidson, W.; Rao, A.; Mangla, A.; Li, Y.	CDC, DHCPP-PRB	insdc_ingest_user	Automated Ingest from INSDC/NCBI Virus by Loculus	USA	DC	2022-09	2025-02-03	Monkeypox virus					PRJNA849962	SAMN32727562	METAGENOMIC	WGS	RANDOM	ILLUMINA	Illumina NovaSeq 6000	309553	87577781	2023-01-24	SRR23191437
SRR23174892	PP_000WDD2	PP_000WDD2.2	Gigante, C.; Lee, P.; Zhao, H.; Batra, D.; Hetrick, E.; Howard, D.; Kovar, L.; Seabolt, M.; Morrison, S.; Desch, M.; Knipe, K.; Weigand, M.; Burroughs, M. S.; Lee, J.; Wilkins, K.; McCollum, A.; Hutson, C.; Davidson, W.; Rao, A.; Stanek, D.; Li, Y.	CDC, DHCPP-PRB	insdc_ingest_user	Automated Ingest from INSDC/NCBI Virus by Loculus	USA	FL	2022-10	2025-02-03	Monkeypox virus					PRJNA849962	SAMN32727563	METAGENOMIC	WGS	RANDOM	ILLUMINA	Illumina NovaSeq 6000	28494	7767908	2023-01-22	SRR23174892
SRR23192854	PP_000WDE0	PP_000WDE0.2	Gigante, C.; Pavlick, J.; Zhao, H.; Batra, D.; Hetrick, E.; Howard, D.; Kovar, L.; Seabolt, M.; Morrison, S.; Desch, M.; Knipe, K.; Weigand, M.; Sheth, M.; Burgin, A.; Burroughs, M.; Lee, J.; Wilkins, K.; McCollum, A.; Hutson, C.; Davidson, W.; Rao, A.; Parrott, T.; Li, Y.	CDC, DHCPP-PRB	insdc_ingest_user	Automated Ingest from INSDC/NCBI Virus by Loculus	USA	GA	2022-09	2025-02-03	Monkeypox virus					PRJNA849962	SAMN32727564	METAGENOMIC	WGS	RANDOM	ILLUMINA	Illumina NovaSeq 6000	48555	13634256	2023-01-24	SRR23192854
SRR23174885	PP_000WDFY	PP_000WDFY.2	Gigante, C.; Pavlick, J.; Zhao, H.; Batra, D.; Hetrick, E.; Howard, D.; Kovar, L.; Seabolt, M.; Morrison, S.; Desch, M.; Knipe, K.; Weigand, M.; Sheth, M.; Burgin, A.; Burroughs, M.; Lee, J.; Wilkins, K.; McCollum, A.; Hutson, C.; Davidson, W.; Rao, A.; Parrott, T.; Li, Y.	CDC, DHCPP-PRB	insdc_ingest_user	Automated Ingest from INSDC/NCBI Virus by Loculus	USA	GA	2022-09	2025-02-03	Monkeypox virus					PRJNA849962	SAMN32727565	METAGENOMIC	WGS	RANDOM	ILLUMINA	Illumina NovaSeq 6000	122826	34020587	2023-01-22	SRR23174885
SRR23174894	PP_000WDGW	PP_000WDGW.2	Gigante, C.; Pavlick, J.; Zhao, H.; Batra, D.; Hetrick, E.; Howard, D.; Kovar, L.; Seabolt, M.; Morrison, S.; Desch, M.; Knipe, K.; Weigand, M.; Sheth, M.; Burgin, A.; Burroughs, M.; Lee, J.; Wilkins, K.; McCollum, A.; Hutson, C.; Davidson, W.; Rao, A.; Parrott, T.; Li, Y.	CDC, DHCPP-PRB	insdc_ingest_user	Automated Ingest from INSDC/NCBI Virus by Loculus	USA	GA	2022-09	2025-02-03	Monkeypox virus					PRJNA849962	SAMN32727566	METAGENOMIC	WGS	RANDOM	ILLUMINA	Illumina NovaSeq 6000	99148	28110550	2023-01-22	SRR23174894
SRR23073491	PP_000WDHT	PP_000WDHT.2	Gigante, C.; Pavlick, J.; Zhao, H.; Batra, D.; Hetrick, E.; Howard, D.; Kovar, L.; Seabolt, M.; Morrison, S.; Desch, M.; Knipe, K.; Weigand, M.; Sheth, M.; Burgin, A.; Burroughs, M.; Lee, J.; Wilkins, K.; McCollum, A.; Hutson, C.; Davidson, W.; Rao, A.; Parrott, T.; Li, Y.	CDC, DHCPP-PRB	insdc_ingest_user	Automated Ingest from INSDC/NCBI Virus by Loculus	USA	GA	2022-09	2025-02-03	Monkeypox virus					PRJNA849962	SAMN32727567	METAGENOMIC	WGS	RANDOM	ILLUMINA	Illumina NovaSeq 6000	30287	7947481	2023-01-14	SRR23073491
SRR23174883	PP_000WDJR	PP_000WDJR.2	Gigante, C.; Culbertson, M.; Zhao, H.; Batra, D.; Hetrick, E.; Howard, D.; Kovar, L.; Seabolt, M.; Weigand, M.; Burroughs, M. S.; Lee, J.; Wilkins, K.; McCollum, A.; Hutson, C.; Davidson, W.; Rao, A.; Pope, B.; Li, Y.	CDC, DHCPP-PRB	insdc_ingest_user	Automated Ingest from INSDC/NCBI Virus by Loculus	USA	IN	2022-09	2025-02-03	Monkeypox virus					PRJNA849962	SAMN32727568	METAGENOMIC	WGS	RANDOM	ILLUMINA	Illumina NovaSeq 6000	353566	93073176	2023-01-22	SRR23174883
SRR23174882	PP_000WDKP	PP_000WDKP.2	Gigante, C.; Haydel, D.; Zhao, H.; Batra, D.; Hetrick, E.; Howard, D.; Kovar, L.; Seabolt, M.; Weigand, M.; Burroughs, M. S.; Lee, J.; Wilkins, K.; McCollum, A.; Hutson, C.; Davidson, W.; Rao, A.; Salinas, A.; Li, Y.	CDC, DHCPP-PRB	insdc_ingest_user	Automated Ingest from INSDC/NCBI Virus by Loculus	USA	LA	2022-09	2025-02-03	Monkeypox virus					PRJNA849962	SAMN32727609	METAGENOMIC	WGS	RANDOM	ILLUMINA	Illumina NovaSeq 6000	41294	12083492	2023-01-22	SRR23174882
SRR23174881	PP_000WDLM	PP_000WDLM.2	Gigante, C.; Ostadkar, R.; Zhao, H.; Batra, D.; Hetrick, E.; Howard, D.; Kovar, L.; Seabolt, M.; Weigand, M.; Knipe, K.; Burroughs, M. S.; Lee, J.; Wilkins, K.; McCollum, A.; Hutson, C.; Davidson, W.; Rao, A.; Wang, X.; Li, Y.	CDC, DHCPP-PRB	insdc_ingest_user	Automated Ingest from INSDC/NCBI Virus by Loculus	USA	MN	2022-09	2025-02-03	Monkeypox virus					PRJNA849962	SAMN32727610	METAGENOMIC	WGS	RANDOM	ILLUMINA	Illumina NovaSeq 6000	463635	117564784	2023-01-22	SRR23174881
SRR23174893	PP_000WDMK	PP_000WDMK.2	Gigante, C.; Ostadkar, R.; Zhao, H.; Batra, D.; Hetrick, E.; Howard, D.; Kovar, L.; Seabolt, M.; Weigand, M.; Knipe, K.; Burroughs, M. S.; Lee, J.; Wilkins, K.; McCollum, A.; Hutson, C.; Davidson, W.; Rao, A.; Wang, X.; Li, Y.	CDC, DHCPP-PRB	insdc_ingest_user	Automated Ingest from INSDC/NCBI Virus by Loculus	USA	MN	2022-09	2025-02-03	Monkeypox virus					PRJNA849962	SAMN32727611	METAGENOMIC	WGS	RANDOM	ILLUMINA	Illumina NovaSeq 6000	1770817	500738383	2023-01-22	SRR23174893
SRR23174886	PP_000WDNH	PP_000WDNH.2	Gigante, C.; Ostadkar, R.; Zhao, H.; Batra, D.; Hetrick, E.; Howard, D.; Kovar, L.; Seabolt, M.; Weigand, M.; Knipe, K.; Burroughs, M. S.; Lee, J.; Wilkins, K.; McCollum, A.; Hutson, C.; Davidson, W.; Rao, A.; Wang, X.; Li, Y.	CDC, DHCPP-PRB	insdc_ingest_user	Automated Ingest from INSDC/NCBI Virus by Loculus	USA	MN	2022-09	2025-02-03	Monkeypox virus					PRJNA849962	SAMN32727612	METAGENOMIC	WGS	RANDOM	ILLUMINA	Illumina NovaSeq 6000	113825	30048772	2023-01-22	SRR23174886
SRR23174712	PP_000WDPF	PP_000WDPF.2	Gigante, C.; Kubin, G.; Zhao, H.; Batra, D.; Hetrick, E.; Howard, D.; Kovar, L.; Seabolt, M.; Morrison, S.; Desch, M.; Knipe, K.; Burroughs, M. R.; Lee, J.; Wilkins, K.; McCollum, A.; Hutson, C.; Davidson, W.; Rao, A.; White, S.; Li, Y.	CDC, DHCPP-PRB	insdc_ingest_user	Automated Ingest from INSDC/NCBI Virus by Loculus	USA	TX	2022-09	2025-02-03	Monkeypox virus					PRJNA849962	SAMN32727619	METAGENOMIC	WGS	RANDOM	ILLUMINA	Illumina NovaSeq 6000	25675	7354746	2023-01-22	SRR23174712
SRR23322640	PP_000WLBZ	PP_000WLBZ.2	Gigante, C.; Buttery, E.; Zhao, H.; Batra, D.; Hetrick, E.; Howard, D.; Kovar, L.; Seabolt, M.; Knipe, K.; Burroughs, M. S.; Lee, J.; Wilkins, K.; McCollum, A.; Hutson, C.; Davidson, W.; Rao, A.; Raman, D.; Li, Y.	CDC, DHCPP-PRB	insdc_ingest_user	Automated Ingest from INSDC/NCBI Virus by Loculus	USA	NV	2022-10	2025-02-03	Monkeypox virus					PRJNA849962	SAMN33025049	METAGENOMIC	WGS	RANDOM	ILLUMINA	Illumina NovaSeq 6000	29644	8442697	2023-02-03	SRR23322640
SRR23322638	PP_000WLCX	PP_000WLCX.2	Gigante, C.; Ruiz, V.; Zhao, H.; Batra, D.; Hetrick, E.; Howard, D.; Kovar, L.; Seabolt, M.; Morrison, S.; Desch, M.; Knipe, K.; Weigand, M.; Sheth, M.; Burgin, A.; Burroughs, M.; Lee, J.; Wilkins, K.; McCollum, A.; Hutson, C.; Davidson, W.; Rao, A.; Wang, J.; Li, Y.	CDC, DHCPP-PRB	insdc_ingest_user	Automated Ingest from INSDC/NCBI Virus by Loculus	USA	NY	2022-10	2025-02-03	Monkeypox virus					PRJNA849962	SAMN33025050	METAGENOMIC	WGS	RANDOM	ILLUMINA	Illumina NovaSeq 6000	776437	209957824	2023-02-03	SRR23322638
SRR23322639	PP_000WLDV	PP_000WLDV.2	Gigante, C.; Ruiz, V.; Zhao, H.; Batra, D.; Hetrick, E.; Howard, D.; Kovar, L.; Seabolt, M.; Morrison, S.; Desch, M.; Knipe, K.; Weigand, M.; Sheth, M.; Burgin, A.; Burroughs, M.; Lee, J.; Wilkins, K.; McCollum, A.; Hutson, C.; Davidson, W.; Rao, A.; Wang, J.; Li, Y.	CDC, DHCPP-PRB	insdc_ingest_user	Automated Ingest from INSDC/NCBI Virus by Loculus	USA	NY	2022-10	2025-02-03	Monkeypox virus					PRJNA849962	SAMN33025051	METAGENOMIC	WGS	RANDOM	ILLUMINA	Illumina NovaSeq 6000	192097	56168709	2023-02-03	SRR23322639
SRR23322644	PP_000WLET	PP_000WLET.2	Gigante, C.; Ruiz, V.; Zhao, H.; Batra, D.; Hetrick, E.; Howard, D.; Kovar, L.; Seabolt, M.; Morrison, S.; Desch, M.; Knipe, K.; Weigand, M.; Sheth, M.; Burgin, A.; Burroughs, M.; Lee, J.; Wilkins, K.; McCollum, A.; Hutson, C.; Davidson, W.; Rao, A.; Wang, J.; Li, Y.	CDC, DHCPP-PRB	insdc_ingest_user	Automated Ingest from INSDC/NCBI Virus by Loculus	USA	NY	2022-10	2025-02-03	Monkeypox virus					PRJNA849962	SAMN33025052	METAGENOMIC	WGS	RANDOM	ILLUMINA	Illumina NovaSeq 6000	211044	61491937	2023-02-03	SRR23322644
SRR23322649	PP_000WLFR	PP_000WLFR.2	Gigante, C.; Ruiz, V.; Zhao, H.; Batra, D.; Hetrick, E.; Howard, D.; Kovar, L.; Seabolt, M.; Morrison, S.; Desch, M.; Knipe, K.; Weigand, M.; Sheth, M.; Burgin, A.; Burroughs, M.; Lee, J.; Wilkins, K.; McCollum, A.; Hutson, C.; Davidson, W.; Rao, A.; Wang, J.; Li, Y.	CDC, DHCPP-PRB	insdc_ingest_user	Automated Ingest from INSDC/NCBI Virus by Loculus	USA	NY	2022-10	2025-02-03	Monkeypox virus					PRJNA849962	SAMN33025053	METAGENOMIC	WGS	RANDOM	ILLUMINA	Illumina NovaSeq 6000	34840	10446099	2023-02-03	SRR23322649
SRR23322637	PP_000WLGP	PP_000WLGP.2	Gigante, C.; Ruiz, V.; Zhao, H.; Batra, D.; Hetrick, E.; Howard, D.; Kovar, L.; Seabolt, M.; Morrison, S.; Desch, M.; Knipe, K.; Weigand, M.; Sheth, M.; Burgin, A.; Burroughs, M.; Lee, J.; Wilkins, K.; McCollum, A.; Hutson, C.; Davidson, W.; Rao, A.; Wang, J.; Li, Y.	CDC, DHCPP-PRB	insdc_ingest_user	Automated Ingest from INSDC/NCBI Virus by Loculus	USA	NY	2022-11	2025-02-03	Monkeypox virus					PRJNA849962	SAMN33025054	METAGENOMIC	WGS	RANDOM	ILLUMINA	Illumina NovaSeq 6000	118206	28177414	2023-02-03	SRR23322637
SRR23322635	PP_000WLHL	PP_000WLHL.2	Gigante, C.; Ruiz, V.; Zhao, H.; Batra, D.; Hetrick, E.; Howard, D.; Kovar, L.; Seabolt, M.; Morrison, S.; Desch, M.; Knipe, K.; Weigand, M.; Sheth, M.; Burgin, A.; Burroughs, M.; Lee, J.; Wilkins, K.; McCollum, A.; Hutson, C.; Davidson, W.; Rao, A.; Wang, J.; Li, Y.	CDC, DHCPP-PRB	insdc_ingest_user	Automated Ingest from INSDC/NCBI Virus by Loculus	USA	NY	2022-10	2025-02-03	Monkeypox virus					PRJNA849962	SAMN33025055	METAGENOMIC	WGS	RANDOM	ILLUMINA	Illumina NovaSeq 6000	41869	9883683	2023-02-03	SRR23322635
SRR23322641	PP_000WLJJ	PP_000WLJJ.2	Gigante, C.; Lee, B.; Zhao, H.; Batra, D.; Hetrick, E.; Howard, D.; Kovar, L.; Seabolt, M.; Weigand, M.; Knipe, K.; Burroughs, M. S.; Lee, J.; Wilkins, K.; McCollum, A.; Hutson, C.; Davidson, W.; Rao, A.; Salehi, E.; Li, Y.	CDC, DHCPP-PRB	insdc_ingest_user	Automated Ingest from INSDC/NCBI Virus by Loculus	USA	OH	2022-06	2025-02-03	Monkeypox virus					PRJNA849962	SAMN33025056	METAGENOMIC	WGS	RANDOM	ILLUMINA	Illumina NovaSeq 6000	268088	80313504	2023-02-03	SRR23322641
SRR23322646	PP_000WLMC	PP_000WLMC.2	Gigante, C.; Xia, D.; Zhao, H.; Batra, D.; Hetrick, E.; Howard, D.; Kovar, L.; Seabolt, M.; Morrison, S.; Desch, M.; Knipe, K.; Weigand, M.; Sheth, M.; Burgin, A.; Burroughs, M.; Lee, J.; Wilkins, K.; McCollum, A.; Hutson, C.; Davidson, W.; Rao, A.; Plipat, N.; Li, Y.	CDC, DHCPP-PRB	insdc_ingest_user	Automated Ingest from INSDC/NCBI Virus by Loculus	USA	PA	2022-10	2025-02-03	Monkeypox virus					PRJNA849962	SAMN33025059	METAGENOMIC	WGS	RANDOM	ILLUMINA	Illumina NovaSeq 6000	328296	95262189	2023-02-03	SRR23322646
SRR23322648	PP_000WLNA	PP_000WLNA.2	Gigante, C.; Thomas, L.; Zhao, H.; Batra, D.; Hetrick, E.; Howard, D.; Kovar, L.; Seabolt, M.; Morrison, S.; Desch, M.; Knipe, K.; Weigand, M.; Sheth, M.; Burgin, A.; Burroughs, M.; Lee, J.; Wilkins, K.; McCollum, A.; Hutson, C.; Davidson, W.; Rao, A.; Dunn, J.; Li, Y.	CDC, DHCPP-PRB	insdc_ingest_user	Automated Ingest from INSDC/NCBI Virus by Loculus	USA	TN	2022-10	2025-02-03	Monkeypox virus					PRJNA849962	SAMN33025060	METAGENOMIC	WGS	RANDOM	ILLUMINA	Illumina NovaSeq 6000	388323	112403485	2023-02-03	SRR23322648
SRR23322645	PP_000WLP8	PP_000WLP8.2	Gigante, C.; Kubin, G.; Zhao, H.; Batra, D.; Hetrick, E.; Howard, D.; Kovar, L.; Seabolt, M.; Morrison, S.; Desch, M.; Knipe, K.; Sheth, M. R.; Burgin, A.; Burroughs, M.; Lee, J.; Wilkins, K.; McCollum, A.; Hutson, C.; Davidson, W.; Rao, A.; White, S.; Li, Y.	CDC, DHCPP-PRB	insdc_ingest_user	Automated Ingest from INSDC/NCBI Virus by Loculus	USA	TX	2022-10	2025-02-03	Monkeypox virus					PRJNA849962	SAMN33025061	METAGENOMIC	WGS	RANDOM	ILLUMINA	Illumina NovaSeq 6000	56710	16918829	2023-02-03	SRR23322645
SRR23322636	PP_000WLQ6	PP_000WLQ6.2	Gigante, C.; Kubin, G.; Zhao, H.; Batra, D.; Hetrick, E.; Howard, D.; Kovar, L.; Seabolt, M.; Morrison, S.; Desch, M.; Knipe, K.; Sheth, M. R.; Burgin, A.; Burroughs, M.; Lee, J.; Wilkins, K.; McCollum, A.; Hutson, C.; Davidson, W.; Rao, A.; White, S.; Li, Y.	CDC, DHCPP-PRB	insdc_ingest_user	Automated Ingest from INSDC/NCBI Virus by Loculus	USA	TX	2022-10	2025-02-03	Monkeypox virus					PRJNA849962	SAMN33025062	METAGENOMIC	WGS	RANDOM	ILLUMINA	Illumina NovaSeq 6000	82061	21559551	2023-02-03	SRR23322636
SRR23322652	PP_000WLR4	PP_000WLR4.2	Gigante, C.; Kubin, G.; Zhao, H.; Batra, D.; Hetrick, E.; Howard, D.; Kovar, L.; Seabolt, M.; Morrison, S.; Desch, M.; Knipe, K.; Sheth, M. R.; Burgin, A.; Burroughs, M.; Lee, J.; Wilkins, K.; McCollum, A.; Hutson, C.; Davidson, W.; Rao, A.; White, S.; Li, Y.	CDC, DHCPP-PRB	insdc_ingest_user	Automated Ingest from INSDC/NCBI Virus by Loculus	USA	TX	2022-11	2025-02-03	Monkeypox virus					PRJNA849962	SAMN33025063	METAGENOMIC	WGS	RANDOM	ILLUMINA	Illumina NovaSeq 6000	1198062	293026766	2023-02-03	SRR23322652
SRR23322653	PP_000WLS2	PP_000WLS2.2	Gigante, C.; Kubin, G.; Zhao, H.; Batra, D.; Hetrick, E.; Howard, D.; Kovar, L.; Seabolt, M.; Morrison, S.; Desch, M.; Knipe, K.; Sheth, M. R.; Burgin, A.; Burroughs, M.; Lee, J.; Wilkins, K.; McCollum, A.; Hutson, C.; Davidson, W.; Rao, A.; White, S.; Li, Y.	CDC, DHCPP-PRB	insdc_ingest_user	Automated Ingest from INSDC/NCBI Virus by Loculus	USA	TX	2022-10	2025-02-03	Monkeypox virus					PRJNA849962	SAMN33025184	METAGENOMIC	WGS	RANDOM	ILLUMINA	Illumina NovaSeq 6000	51531	13792027	2023-02-03	SRR23322653
SRR23322651	PP_000WLT0	PP_000WLT0.2	Gigante, C.; Murray, J.; Zhao, H.; Batra, D.; Hetrick, E.; Howard, D.; Kovar, L.; Seabolt, M.; Knipe, K.; Burroughs, M. S.; Lee, J.; Wilkins, K.; McCollum, A.; Hutson, C.; Davidson, W.; Rao, A.; Atkinson, A.; Li, Y.	CDC, DHCPP-PRB	insdc_ingest_user	Automated Ingest from INSDC/NCBI Virus by Loculus	USA	UT	2022-09	2025-02-03	Monkeypox virus					PRJNA849962	SAMN33025185	METAGENOMIC	WGS	RANDOM	ILLUMINA	Illumina NovaSeq 6000	103357	26272254	2023-02-03	SRR23322651
SRR23322650	PP_000WLUY	PP_000WLUY.2	Gigante, C.; Murray, J.; Zhao, H.; Batra, D.; Hetrick, E.; Howard, D.; Kovar, L.; Seabolt, M.; Knipe, K.; Burroughs, M. S.; Lee, J.; Wilkins, K.; McCollum, A.; Hutson, C.; Davidson, W.; Rao, A.; Atkinson, A.; Li, Y.	CDC, DHCPP-PRB	insdc_ingest_user	Automated Ingest from INSDC/NCBI Virus by Loculus	USA	UT	2022-09	2025-02-03	Monkeypox virus					PRJNA849962	SAMN33025186	METAGENOMIC	WGS	RANDOM	ILLUMINA	Illumina NovaSeq 6000	56599	14611950	2023-02-03	SRR23322650
SRR23322552	PP_000WLWU	PP_000WLWU.2	Gigante, C.; Ventura, J.; Zhao, H.; Batra, D.; Hetrick, E.; Howard, D.; Kovar, L.; Seabolt, M.; Morrison, S.; Desch, M.; Knipe, K.; Weigand, M.; Sheth, M.; Burgin, A.; Burroughs, M.; Lee, J.; Wilkins, K.; McCollum, A.; Hutson, C.; Davidson, W.; Rao, A.; Nash, J.; Li, Y.	CDC, DHCPP-PRB	insdc_ingest_user	Automated Ingest from INSDC/NCBI Virus by Loculus	USA	CA	2022-10	2025-02-03	Monkeypox virus					PRJNA849962	SAMN33025026	METAGENOMIC	WGS	RANDOM	ILLUMINA	Illumina NovaSeq 6000	49183	14752120	2023-02-03	SRR23322552
SRR23322556	PP_000WLYQ	PP_000WLYQ.2	Gigante, C.; Ventura, J.; Zhao, H.; Batra, D.; Hetrick, E.; Howard, D.; Kovar, L.; Seabolt, M.; Morrison, S.; Desch, M.; Knipe, K.; Weigand, M.; Sheth, M.; Burgin, A.; Burroughs, M.; Lee, J.; Wilkins, K.; McCollum, A.; Hutson, C.; Davidson, W.; Rao, A.; Nash, J.; Li, Y.	CDC, DHCPP-PRB	insdc_ingest_user	Automated Ingest from INSDC/NCBI Virus by Loculus	USA	CA	2022-11	2025-02-03	Monkeypox virus					PRJNA849962	SAMN33025028	METAGENOMIC	WGS	RANDOM	ILLUMINA	Illumina NovaSeq 6000	196432	54301734	2023-02-03	SRR23322556
SRR23322554	PP_000WLZN	PP_000WLZN.2	Gigante, C.; Ventura, J.; Zhao, H.; Batra, D.; Hetrick, E.; Howard, D.; Kovar, L.; Seabolt, M.; Morrison, S.; Desch, M.; Knipe, K.; Weigand, M.; Sheth, M.; Burgin, A.; Burroughs, M.; Lee, J.; Wilkins, K.; McCollum, A.; Hutson, C.; Davidson, W.; Rao, A.; Nash, J.; Li, Y.	CDC, DHCPP-PRB	insdc_ingest_user	Automated Ingest from INSDC/NCBI Virus by Loculus	USA	CA	2022-10	2025-02-03	Monkeypox virus					PRJNA849962	SAMN33025029	METAGENOMIC	WGS	RANDOM	ILLUMINA	Illumina NovaSeq 6000	52893	10359345	2023-02-03	SRR23322554
SRR23322553	PP_000WM0L	PP_000WM0L.2	Gigante, C.; Steidley, B.; Seabolt, M.; Zhao, H.; Wilkins, K.; McCollum, A.; Hutson, C.; Davidson, W.; Rao, A.; Davizon, E.; Li, Y.	CDC, DHCPP-PRB	insdc_ingest_user	Automated Ingest from INSDC/NCBI Virus by Loculus	USA	CO	2022-11	2025-02-03	Monkeypox virus					PRJNA849962	SAMN33025030	METAGENOMIC	WGS	RANDOM	ILLUMINA	Illumina NovaSeq 6000	412198	97533324	2023-02-03	SRR23322553
SRR23322555	PP_000WM1J	PP_000WM1J.2	Gigante, C.; Steidley, B.; Seabolt, M.; Zhao, H.; Wilkins, K.; McCollum, A.; Hutson, C.; Davidson, W.; Rao, A.; Davizon, E.; Li, Y.	CDC, DHCPP-PRB	insdc_ingest_user	Automated Ingest from INSDC/NCBI Virus by Loculus	USA	CO	2022-11	2025-02-03	Monkeypox virus					PRJNA849962	SAMN33025031	METAGENOMIC	WGS	RANDOM	ILLUMINA	Illumina NovaSeq 6000	73852	18407601	2023-02-03	SRR23322555
SRR23322550	PP_000WM2G	PP_000WM2G.2	Gigante, C.; Hauser, J.; Zhao, H.; Batra, D.; Hetrick, E.; Howard, D.; Kovar, L.; Seabolt, M.; Morrison, S.; Desch, M.; Knipe, K.; Weigand, M.; Sheth, M.; Burgin, A.; Burroughs, M.; Lee, J.; Wilkins, K.; McCollum, A.; Hutson, C.; Davidson, W.; Rao, A.; Mangla, A.; Li, Y.	CDC, DHCPP-PRB	insdc_ingest_user	Automated Ingest from INSDC/NCBI Virus by Loculus	USA	DC	2022-09	2025-02-03	Monkeypox virus					PRJNA849962	SAMN33025032	METAGENOMIC	WGS	RANDOM	ILLUMINA	Illumina NovaSeq 6000	40665	12141760	2023-02-03	SRR23322550
SRR23322551	PP_000WM3E	PP_000WM3E.2	Gigante, C.; Hauser, J.; Zhao, H.; Batra, D.; Hetrick, E.; Howard, D.; Kovar, L.; Seabolt, M.; Morrison, S.; Desch, M.; Knipe, K.; Weigand, M.; Sheth, M.; Burgin, A.; Burroughs, M.; Lee, J.; Wilkins, K.; McCollum, A.; Hutson, C.; Davidson, W.; Rao, A.; Mangla, A.; Li, Y.	CDC, DHCPP-PRB	insdc_ingest_user	Automated Ingest from INSDC/NCBI Virus by Loculus	USA	DC	2022-09	2025-02-03	Monkeypox virus					PRJNA849962	SAMN33025033	METAGENOMIC	WGS	RANDOM	ILLUMINA	Illumina NovaSeq 6000	180891	53741221	2023-02-03	SRR23322551
SRR23322647	PP_000WMES	PP_000WMES.2	Gigante, C.; Salinas, A.; Zhao, H.; Batra, D.; Hetrick, E.; Howard, D.; Kovar, L.; Seabolt, M.; Morrison, S.; Desch, M.; Knipe, K.; Burroughs, M. R.; Lee, J.; Wilkins, K.; McCollum, A.; Hutson, C.; Davidson, W.; Rao, A.; Haydel, D.; Li, Y.	CDC, DHCPP-PRB	insdc_ingest_user	Automated Ingest from INSDC/NCBI Virus by Loculus	USA	LA	2022-07	2025-02-03	Monkeypox virus					PRJNA849962	SAMN33025045	METAGENOMIC	WGS	RANDOM	ILLUMINA	Illumina NovaSeq 6000	343799	87506282	2023-02-03	SRR23322647
SRR23322643	PP_000WMFQ	PP_000WMFQ.2	Gigante, C.; Johnson, S.; Zhao, H.; Batra, D.; Hetrick, E.; Howard, D.; Kovar, L.; Seabolt, M.; Weigand, M.; Knipe, K.; Burroughs, M. S.; Lee, J.; Wilkins, K.; McCollum, A.; Hutson, C.; Davidson, W.; Rao, A.; Riner, D.; Li, Y.	CDC, DHCPP-PRB	insdc_ingest_user	Automated Ingest from INSDC/NCBI Virus by Loculus	USA	MI	2022-10	2025-02-03	Monkeypox virus					PRJNA849962	SAMN33025046	METAGENOMIC	WGS	RANDOM	ILLUMINA	Illumina NovaSeq 6000	266912	79208975	2023-02-03	SRR23322643
SRR23322642	PP_000WMHK	PP_000WMHK.2	Gigante, C.; Johnson, S.; Zhao, H.; Batra, D.; Hetrick, E.; Howard, D.; Kovar, L.; Seabolt, M.; Weigand, M.; Knipe, K.; Burroughs, M. S.; Lee, J.; Wilkins, K.; McCollum, A.; Hutson, C.; Davidson, W.; Rao, A.; Riner, D.; Li, Y.	CDC, DHCPP-PRB	insdc_ingest_user	Automated Ingest from INSDC/NCBI Virus by Loculus	USA	MI	2022-11	2025-02-03	Monkeypox virus					PRJNA849962	SAMN33025048	METAGENOMIC	WGS	RANDOM	ILLUMINA	Illumina NovaSeq 6000	37791	8972359	2023-02-03	SRR23322642
SRR23578461	PP_000XCPE	PP_000XCPE.2	Sereewit, J.; Xie, H.; Roychoudhury, P.; Greninger, A. L.	UW Virology, Laboratory Medicine	insdc_ingest_user	Automated Ingest from INSDC/NCBI Virus by Loculus	USA	WA	2022-10	2025-02-03	Monkeypox virus					PRJNA862948	SAMN33401998	GENOMIC	Targeted-Capture	RANDOM PCR	ILLUMINA	NextSeq 2000	4535928	1146170293	2023-02-27	SRR23578461
SRR23578460	PP_000XCQC	PP_000XCQC.2	Sereewit, J.; Xie, H.; Roychoudhury, P.; Greninger, A. L.	UW Virology, Laboratory Medicine	insdc_ingest_user	Automated Ingest from INSDC/NCBI Virus by Loculus	USA	WA	2022-10	2025-02-03	Monkeypox virus					PRJNA862948	SAMN33401999	GENOMIC	Targeted-Capture	RANDOM PCR	ILLUMINA	NextSeq 2000	8776562	2183752596	2023-02-27	SRR23578460
SRR23575106	PP_000XCRA	PP_000XCRA.2	Sereewit, J.; Xie, H.; Roychoudhury, P.; Greninger, A. L.	UW Virology, Laboratory Medicine	insdc_ingest_user	Automated Ingest from INSDC/NCBI Virus by Loculus	USA	WA	2022-10	2025-02-03	Monkeypox virus					PRJNA862948	SAMN33399583	GENOMIC	Targeted-Capture	RANDOM PCR	ILLUMINA	NextSeq 2000	1769033	522524501	2023-02-27	SRR23575106
SRR23575105	PP_000XCS8	PP_000XCS8.2	Sereewit, J.; Xie, H.; Roychoudhury, P.; Greninger, A. L.	UW Virology, Laboratory Medicine	insdc_ingest_user	Automated Ingest from INSDC/NCBI Virus by Loculus	USA	WA	2022-10	2025-02-03	Monkeypox virus					PRJNA862948	SAMN33399584	GENOMIC	Targeted-Capture	RANDOM PCR	ILLUMINA	NextSeq 2000	1728819	509243302	2023-02-27	SRR23575105
SRR23575102	PP_000XCT6	PP_000XCT6.2	Sereewit, J.; Xie, H.; Roychoudhury, P.; Greninger, A. L.	UW Virology, Laboratory Medicine	insdc_ingest_user	Automated Ingest from INSDC/NCBI Virus by Loculus	USA	WA	2022-10	2025-02-03	Monkeypox virus					PRJNA862948	SAMN33399585	GENOMIC	Targeted-Capture	RANDOM PCR	ILLUMINA	NextSeq 2000	3598192	1064576353	2023-02-27	SRR23575102
SRR23575101	PP_000XCU4	PP_000XCU4.2	Sereewit, J.; Xie, H.; Roychoudhury, P.; Greninger, A. L.	UW Virology, Laboratory Medicine	insdc_ingest_user	Automated Ingest from INSDC/NCBI Virus by Loculus	USA	WA	2022-10	2025-02-03	Monkeypox virus					PRJNA862948	SAMN33399586	GENOMIC	Targeted-Capture	RANDOM PCR	ILLUMINA	NextSeq 2000	3853120	1140669981	2023-02-27	SRR23575101
SRR23575100	PP_000XCV2	PP_000XCV2.2	Sereewit, J.; Xie, H.; Roychoudhury, P.; Greninger, A. L.	UW Virology, Laboratory Medicine	insdc_ingest_user	Automated Ingest from INSDC/NCBI Virus by Loculus	USA	WA	2022-11	2025-02-03	Monkeypox virus					PRJNA862948	SAMN33399587	GENOMIC	Targeted-Capture	RANDOM PCR	ILLUMINA	NextSeq 2000	1130632	330700960	2023-02-27	SRR23575100
SRR23575099	PP_000XCW0	PP_000XCW0.2	Sereewit, J.; Xie, H.; Roychoudhury, P.; Greninger, A. L.	UW Virology, Laboratory Medicine	insdc_ingest_user	Automated Ingest from INSDC/NCBI Virus by Loculus	USA	WA	2022-11	2025-02-03	Monkeypox virus					PRJNA862948	SAMN33399588	GENOMIC	Targeted-Capture	RANDOM PCR	ILLUMINA	NextSeq 2000	808050	236519622	2023-02-27	SRR23575099
SRR23575098	PP_000XCXY	PP_000XCXY.2	Sereewit, J.; Xie, H.; Roychoudhury, P.; Greninger, A. L.	UW Virology, Laboratory Medicine	insdc_ingest_user	Automated Ingest from INSDC/NCBI Virus by Loculus	USA	WA	2022-11	2025-02-03	Monkeypox virus					PRJNA862948	SAMN33399589	GENOMIC	Targeted-Capture	RANDOM PCR	ILLUMINA	NextSeq 2000	550689	161473345	2023-02-27	SRR23575098
SRR23575097	PP_000XCYW	PP_000XCYW.2	Sereewit, J.; Xie, H.; Roychoudhury, P.; Greninger, A. L.	UW Virology, Laboratory Medicine	insdc_ingest_user	Automated Ingest from INSDC/NCBI Virus by Loculus	USA	WA	2022-11	2025-02-03	Monkeypox virus					PRJNA862948	SAMN33399590	GENOMIC	Targeted-Capture	RANDOM PCR	ILLUMINA	NextSeq 2000	116434	33708320	2023-02-27	SRR23575097
SRR23575096	PP_000XCZU	PP_000XCZU.2	Sereewit, J.; Xie, H.; Roychoudhury, P.; Greninger, A. L.	UW Virology, Laboratory Medicine	insdc_ingest_user	Automated Ingest from INSDC/NCBI Virus by Loculus	USA	WA	2022-11	2025-02-03	Monkeypox virus					PRJNA862948	SAMN33399591	GENOMIC	Targeted-Capture	RANDOM PCR	ILLUMINA	NextSeq 2000	226512	66121945	2023-02-27	SRR23575096
SRR23575095	PP_000XD0S	PP_000XD0S.2	Sereewit, J.; Xie, H.; Roychoudhury, P.; Greninger, A. L.	UW Virology, Laboratory Medicine	insdc_ingest_user	Automated Ingest from INSDC/NCBI Virus by Loculus	USA	WA	2022-11	2025-02-03	Monkeypox virus					PRJNA862948	SAMN33399592	GENOMIC	Targeted-Capture	RANDOM PCR	ILLUMINA	NextSeq 2000	200545	58587224	2023-02-27	SRR23575095
SRR23575104	PP_000XD1Q	PP_000XD1Q.2	Sereewit, J.; Xie, H.; Roychoudhury, P.; Greninger, A. L.	UW Virology, Laboratory Medicine	insdc_ingest_user	Automated Ingest from INSDC/NCBI Virus by Loculus	USA	WA	2022-11	2025-02-03	Monkeypox virus					PRJNA862948	SAMN33399593	GENOMIC	Targeted-Capture	RANDOM PCR	ILLUMINA	NextSeq 2000	2031005	592400447	2023-02-27	SRR23575104
SRR23575103	PP_000XD2N	PP_000XD2N.2	Sereewit, J.; Xie, H.; Roychoudhury, P.; Greninger, A. L.	UW Virology, Laboratory Medicine	insdc_ingest_user	Automated Ingest from INSDC/NCBI Virus by Loculus	USA	WA	2022-12	2025-02-03	Monkeypox virus					PRJNA862948	SAMN33399594	GENOMIC	Targeted-Capture	RANDOM PCR	ILLUMINA	NextSeq 2000	1065281	311769666	2023-02-27	SRR23575103
SRR23580685	PP_000XD3L	PP_000XD3L.2	Sereewit, J.; Xie, H.; Roychoudhury, P.; Greninger, A. L.	UW Virology, Laboratory Medicine	insdc_ingest_user	Automated Ingest from INSDC/NCBI Virus by Loculus	USA	WA	2022-08	2025-02-03	Monkeypox virus					PRJNA862948	SAMN33404484	GENOMIC	Targeted-Capture	RANDOM PCR	ILLUMINA	NextSeq 2000	103591	30210160	2023-02-27	SRR23580685
SRR23580684	PP_000XD4J	PP_000XD4J.2	Sereewit, J.; Xie, H.; Roychoudhury, P.; Greninger, A. L.	UW Virology, Laboratory Medicine	insdc_ingest_user	Automated Ingest from INSDC/NCBI Virus by Loculus	USA	WA	2022-08	2025-02-03	Monkeypox virus					PRJNA862948	SAMN33404485	GENOMIC	Targeted-Capture	RANDOM PCR	ILLUMINA	NextSeq 2000	73204	21211729	2023-02-27	SRR23580684
SRR23580673	PP_000XD5G	PP_000XD5G.2	Sereewit, J.; Xie, H.; Roychoudhury, P.; Greninger, A. L.	UW Virology, Laboratory Medicine	insdc_ingest_user	Automated Ingest from INSDC/NCBI Virus by Loculus	USA	WA	2022-08	2025-02-03	Monkeypox virus					PRJNA862948	SAMN33404486	GENOMIC	Targeted-Capture	RANDOM PCR	ILLUMINA	NextSeq 2000	944237	275684274	2023-02-27	SRR23580673
SRR23580670	PP_000XD6E	PP_000XD6E.2	Sereewit, J.; Xie, H.; Roychoudhury, P.; Greninger, A. L.	UW Virology, Laboratory Medicine	insdc_ingest_user	Automated Ingest from INSDC/NCBI Virus by Loculus	USA	WA	2022-08	2025-02-03	Monkeypox virus					PRJNA862948	SAMN33404487	GENOMIC	Targeted-Capture	RANDOM PCR	ILLUMINA	NextSeq 2000	465673	135452148	2023-02-27	SRR23580670
SRR23580669	PP_000XD7C	PP_000XD7C.2	Sereewit, J.; Xie, H.; Roychoudhury, P.; Greninger, A. L.	UW Virology, Laboratory Medicine	insdc_ingest_user	Automated Ingest from INSDC/NCBI Virus by Loculus	USA	WA	2022-08	2025-02-03	Monkeypox virus					PRJNA862948	SAMN33404488	GENOMIC	Targeted-Capture	RANDOM PCR	ILLUMINA	NextSeq 2000	62810	18185483	2023-02-27	SRR23580669
SRR23580668	PP_000XD8A	PP_000XD8A.2	Sereewit, J.; Xie, H.; Roychoudhury, P.; Greninger, A. L.	UW Virology, Laboratory Medicine	insdc_ingest_user	Automated Ingest from INSDC/NCBI Virus by Loculus	USA	WA	2022-09	2025-02-03	Monkeypox virus					PRJNA862948	SAMN33404489	GENOMIC	Targeted-Capture	RANDOM PCR	ILLUMINA	NextSeq 2000	346719	100554954	2023-02-27	SRR23580668
SRR23580667	PP_000XD98	PP_000XD98.2	Sereewit, J.; Xie, H.; Roychoudhury, P.; Greninger, A. L.	UW Virology, Laboratory Medicine	insdc_ingest_user	Automated Ingest from INSDC/NCBI Virus by Loculus	USA	WA	2022-09	2025-02-03	Monkeypox virus					PRJNA862948	SAMN33404490	GENOMIC	Targeted-Capture	RANDOM PCR	ILLUMINA	NextSeq 2000	936318	273122007	2023-02-27	SRR23580667
SRR23580666	PP_000XDA6	PP_000XDA6.2	Sereewit, J.; Xie, H.; Roychoudhury, P.; Greninger, A. L.	UW Virology, Laboratory Medicine	insdc_ingest_user	Automated Ingest from INSDC/NCBI Virus by Loculus	USA	WA	2022-09	2025-02-03	Monkeypox virus					PRJNA862948	SAMN33404491	GENOMIC	Targeted-Capture	RANDOM PCR	ILLUMINA	NextSeq 2000	650452	189352816	2023-02-27	SRR23580666
SRR23580665	PP_000XDB4	PP_000XDB4.2	Sereewit, J.; Xie, H.; Roychoudhury, P.; Greninger, A. L.	UW Virology, Laboratory Medicine	insdc_ingest_user	Automated Ingest from INSDC/NCBI Virus by Loculus	USA	WA	2022-09	2025-02-03	Monkeypox virus					PRJNA862948	SAMN33404492	GENOMIC	Targeted-Capture	RANDOM PCR	ILLUMINA	NextSeq 2000	190660	55531450	2023-02-27	SRR23580665
SRR23580664	PP_000XDC2	PP_000XDC2.2	Sereewit, J.; Xie, H.; Roychoudhury, P.; Greninger, A. L.	UW Virology, Laboratory Medicine	insdc_ingest_user	Automated Ingest from INSDC/NCBI Virus by Loculus	USA	WA	2022-09	2025-02-03	Monkeypox virus					PRJNA862948	SAMN33404493	GENOMIC	Targeted-Capture	RANDOM PCR	ILLUMINA	NextSeq 2000	596783	174270144	2023-02-27	SRR23580664
SRR23580683	PP_000XDD0	PP_000XDD0.2	Sereewit, J.; Xie, H.; Roychoudhury, P.; Greninger, A. L.	UW Virology, Laboratory Medicine	insdc_ingest_user	Automated Ingest from INSDC/NCBI Virus by Loculus	USA	WA	2022-09	2025-02-03	Monkeypox virus					PRJNA862948	SAMN33404494	GENOMIC	Targeted-Capture	RANDOM PCR	ILLUMINA	NextSeq 2000	115407	33424345	2023-02-27	SRR23580683
SRR23580682	PP_000XDEY	PP_000XDEY.2	Sereewit, J.; Xie, H.; Roychoudhury, P.; Greninger, A. L.	UW Virology, Laboratory Medicine	insdc_ingest_user	Automated Ingest from INSDC/NCBI Virus by Loculus	USA	WA	2022-09	2025-02-03	Monkeypox virus					PRJNA862948	SAMN33404495	GENOMIC	Targeted-Capture	RANDOM PCR	ILLUMINA	NextSeq 2000	582833	171054387	2023-02-27	SRR23580682
SRR23580681	PP_000XDFW	PP_000XDFW.2	Sereewit, J.; Xie, H.; Roychoudhury, P.; Greninger, A. L.	UW Virology, Laboratory Medicine	insdc_ingest_user	Automated Ingest from INSDC/NCBI Virus by Loculus	USA	WA	2022-09	2025-02-03	Monkeypox virus					PRJNA862948	SAMN33404496	GENOMIC	Targeted-Capture	RANDOM PCR	ILLUMINA	NextSeq 2000	350179	102132907	2023-02-27	SRR23580681
SRR23580680	PP_000XDGU	PP_000XDGU.2	Sereewit, J.; Xie, H.; Roychoudhury, P.; Greninger, A. L.	UW Virology, Laboratory Medicine	insdc_ingest_user	Automated Ingest from INSDC/NCBI Virus by Loculus	USA	WA	2022-09	2025-02-03	Monkeypox virus					PRJNA862948	SAMN33404497	GENOMIC	Targeted-Capture	RANDOM PCR	ILLUMINA	NextSeq 2000	122802	35642506	2023-02-27	SRR23580680
SRR23580679	PP_000XDHR	PP_000XDHR.2	Sereewit, J.; Xie, H.; Roychoudhury, P.; Greninger, A. L.	UW Virology, Laboratory Medicine	insdc_ingest_user	Automated Ingest from INSDC/NCBI Virus by Loculus	USA	WA	2022-09	2025-02-03	Monkeypox virus					PRJNA862948	SAMN33404498	GENOMIC	Targeted-Capture	RANDOM PCR	ILLUMINA	NextSeq 2000	829629	241359697	2023-02-27	SRR23580679
SRR23580678	PP_000XDJP	PP_000XDJP.2	Sereewit, J.; Xie, H.; Roychoudhury, P.; Greninger, A. L.	UW Virology, Laboratory Medicine	insdc_ingest_user	Automated Ingest from INSDC/NCBI Virus by Loculus	USA	WA	2022-09	2025-02-03	Monkeypox virus					PRJNA862948	SAMN33404499	GENOMIC	Targeted-Capture	RANDOM PCR	ILLUMINA	NextSeq 2000	729435	211945184	2023-02-27	SRR23580678
SRR23580677	PP_000XDKM	PP_000XDKM.2	Sereewit, J.; Xie, H.; Roychoudhury, P.; Greninger, A. L.	UW Virology, Laboratory Medicine	insdc_ingest_user	Automated Ingest from INSDC/NCBI Virus by Loculus	USA	WA	2022-09	2025-02-03	Monkeypox virus					PRJNA862948	SAMN33404500	GENOMIC	Targeted-Capture	RANDOM PCR	ILLUMINA	NextSeq 2000	1653448	480674712	2023-02-27	SRR23580677
SRR23580676	PP_000XDLK	PP_000XDLK.2	Sereewit, J.; Xie, H.; Roychoudhury, P.; Greninger, A. L.	UW Virology, Laboratory Medicine	insdc_ingest_user	Automated Ingest from INSDC/NCBI Virus by Loculus	USA	WA	2022-09	2025-02-03	Monkeypox virus					PRJNA862948	SAMN33404501	GENOMIC	Targeted-Capture	RANDOM PCR	ILLUMINA	NextSeq 2000	633018	185235382	2023-02-27	SRR23580676
SRR23580675	PP_000XDMH	PP_000XDMH.2	Sereewit, J.; Xie, H.; Roychoudhury, P.; Greninger, A. L.	UW Virology, Laboratory Medicine	insdc_ingest_user	Automated Ingest from INSDC/NCBI Virus by Loculus	USA	WA	2022-09	2025-02-03	Monkeypox virus					PRJNA862948	SAMN33404502	GENOMIC	Targeted-Capture	RANDOM PCR	ILLUMINA	NextSeq 2000	264444	77480575	2023-02-27	SRR23580675
SRR23580674	PP_000XDNF	PP_000XDNF.2	Sereewit, J.; Xie, H.; Roychoudhury, P.; Greninger, A. L.	UW Virology, Laboratory Medicine	insdc_ingest_user	Automated Ingest from INSDC/NCBI Virus by Loculus	USA	WA	2022-10	2025-02-03	Monkeypox virus					PRJNA862948	SAMN33404503	GENOMIC	Targeted-Capture	RANDOM PCR	ILLUMINA	NextSeq 2000	244456	70852583	2023-02-27	SRR23580674
SRR23580672	PP_000XDPD	PP_000XDPD.2	Sereewit, J.; Xie, H.; Roychoudhury, P.; Greninger, A. L.	UW Virology, Laboratory Medicine	insdc_ingest_user	Automated Ingest from INSDC/NCBI Virus by Loculus	USA	WA	2022-10	2025-02-03	Monkeypox virus					PRJNA862948	SAMN33404504	GENOMIC	Targeted-Capture	RANDOM PCR	ILLUMINA	NextSeq 2000	380411	110968397	2023-02-27	SRR23580672
SRR23580671	PP_000XDQB	PP_000XDQB.2	Sereewit, J.; Xie, H.; Roychoudhury, P.; Greninger, A. L.	UW Virology, Laboratory Medicine	insdc_ingest_user	Automated Ingest from INSDC/NCBI Virus by Loculus	USA	WA	2022-10	2025-02-03	Monkeypox virus					PRJNA862948	SAMN33404505	GENOMIC	Targeted-Capture	RANDOM PCR	ILLUMINA	NextSeq 2000	1498740	435577745	2023-02-27	SRR23580671
SRR23589406	PP_000XJQ6	PP_000XJQ6.2	Gigante, C.; Wang, Y.; Zhao, H.; Batra, D.; Hetrick, E.; Howard, D.; Kovar, L.; Seabolt, M.; Knipe, K.; Burroughs, M. S.; Lee, J.; Wilkins, K.; McCollum, A.; Hutson, C.; Davidson, W.; Rao, A.; Stone, J.; Li, Y.	CDC, DHCPP-PRB	insdc_ingest_user	Automated Ingest from INSDC/NCBI Virus by Loculus	USA	OK	2022-06	2025-02-03	Monkeypox virus					PRJNA849962	SAMN33417980	METAGENOMIC	WGS	RANDOM	ILLUMINA	Illumina NovaSeq 6000	131165	31630857	2023-02-27	SRR23589406
SRR23589413	PP_000XJR4	PP_000XJR4.2	Gigante, C.; Wang, Y.; Zhao, H.; Batra, D.; Hetrick, E.; Howard, D.; Kovar, L.; Seabolt, M.; Knipe, K.; Burroughs, M. S.; Lee, J.; Wilkins, K.; McCollum, A.; Hutson, C.; Davidson, W.; Rao, A.; Stone, J.; Li, Y.	CDC, DHCPP-PRB	insdc_ingest_user	Automated Ingest from INSDC/NCBI Virus by Loculus	USA	OK	2022-10	2025-02-03	Monkeypox virus					PRJNA849962	SAMN33417976	METAGENOMIC	WGS	RANDOM	ILLUMINA	Illumina NovaSeq 6000	25213	7567916	2023-02-27	SRR23589413
SRR23589405	PP_000XJS2	PP_000XJS2.2	Gigante, C.; Wang, Y.; Zhao, H.; Batra, D.; Hetrick, E.; Howard, D.; Kovar, L.; Seabolt, M.; Knipe, K.; Burroughs, M. S.; Lee, J.; Wilkins, K.; McCollum, A.; Hutson, C.; Davidson, W.; Rao, A.; Stone, J.; Li, Y.	CDC, DHCPP-PRB	insdc_ingest_user	Automated Ingest from INSDC/NCBI Virus by Loculus	USA	OK	2022-10	2025-02-03	Monkeypox virus					PRJNA849962	SAMN33417977	METAGENOMIC	WGS	RANDOM	ILLUMINA	Illumina NovaSeq 6000	53794	16074946	2023-02-27	SRR23589405
SRR23589410	PP_000XJT0	PP_000XJT0.2	Gigante, C.; Wang, Y.; Zhao, H.; Batra, D.; Hetrick, E.; Howard, D.; Kovar, L.; Seabolt, M.; Knipe, K.; Burroughs, M. S.; Lee, J.; Wilkins, K.; McCollum, A.; Hutson, C.; Davidson, W.; Rao, A.; Stone, J.; Li, Y.	CDC, DHCPP-PRB	insdc_ingest_user	Automated Ingest from INSDC/NCBI Virus by Loculus	USA	OK	2022-10	2025-02-03	Monkeypox virus					PRJNA849962	SAMN33417978	METAGENOMIC	WGS	RANDOM	ILLUMINA	Illumina NovaSeq 6000	91357	27295918	2023-02-27	SRR23589410
SRR23675535	PP_000XLJG	PP_000XLJG.2	Gigante, C.; Kubin, G.; Zhao, H.; Batra, D.; Hetrick, E.; Howard, D.; Kovar, L.; Seabolt, M.; Morrison, S.; Desch, M.; Knipe, K.; Weigand, M.; Cintron, R.; Sheth, M.; Burgin, A.; Burroughs, M.; Lee, J.; Wilkins, K.; McCollum, A.; Hutson, C.; Davidson, W.; Rao, A.; White, S.; Li, Y.	CDC, DHCPP-PRB	insdc_ingest_user	Automated Ingest from INSDC/NCBI Virus by Loculus	USA	TX	2022-08	2025-02-03	Monkeypox virus					PRJNA849962	SAMN33554516	METAGENOMIC	WGS	RANDOM	ILLUMINA	Illumina NovaSeq 6000	932052	265864671	2023-03-03	SRR23675535
SRR23675488	PP_000XLKE	PP_000XLKE.2	Gigante, C.; Ventura, J.; Zhao, H.; Batra, D.; Hetrick, E.; Howard, D.; Kovar, L.; Seabolt, M.; Morrison, S.; Desch, M.; Knipe, K.; Weigand, M.; Cintron, R.; Sheth, M.; Burgin, A.; Burroughs, M.; Lee, J.; Wilkins, K.; McCollum, A.; Hutson, C.; Davidson, W.; Rao, A.; Nash, J.; Li, Y.	CDC, DHCPP-PRB	insdc_ingest_user	Automated Ingest from INSDC/NCBI Virus by Loculus	USA	CA	2022-07	2025-02-03	Monkeypox virus					PRJNA849962	SAMN33554498	METAGENOMIC	WGS	RANDOM	ILLUMINA	Illumina NovaSeq 6000	83736	23594476	2023-03-03	SRR23675488
SRR23675410	PP_000XLLC	PP_000XLLC.2	Gigante, C.; Steidley, B.; Zhao, H.; Batra, D.; Hetrick, E.; Howard, D.; Kovar, L.; Seabolt, M.; Morrison, S.; Desch, M.; Knipe, K.; Weigand, M.; Cintron, R.; Sheth, M.; Burgin, A.; Burroughs, M.; Lee, J.; Wilkins, K.; McCollum, A.; Hutson, C.; Davidson, W.; Rao, A.; Davizon, E.; Li, Y.	CDC, DHCPP-PRB	insdc_ingest_user	Automated Ingest from INSDC/NCBI Virus by Loculus	USA	CO	2022-11	2025-02-03	Monkeypox virus					PRJNA849962	SAMN33554499	METAGENOMIC	WGS	RANDOM	ILLUMINA	Illumina NovaSeq 6000	344479	94173155	2023-03-03	SRR23675410
SRR23675409	PP_000XLMA	PP_000XLMA.2	Gigante, C.; Alexander, S.; Zhao, H.; Batra, D.; Hetrick, E.; Howard, D.; Kovar, L.; Seabolt, M.; Morrison, S.; Desch, M.; Knipe, K.; Weigand, M.; Cintron, R.; Sheth, M.; Burgin, A.; Burroughs, M.; Lee, J.; Wilkins, K.; McCollum, A.; Hutson, C.; Davidson, W.; Rao, A.; Pinnick, D.; Li, Y.	CDC, DHCPP-PRB	insdc_ingest_user	Automated Ingest from INSDC/NCBI Virus by Loculus	USA	ND	2022-08	2025-02-03	Monkeypox virus					PRJNA849962	SAMN33554500	METAGENOMIC	WGS	RANDOM	ILLUMINA	Illumina NovaSeq 6000	804338	202671072	2023-03-03	SRR23675409
SRR23675499	PP_000XLN8	PP_000XLN8.2	Gigante, C.; Alexander, S.; Zhao, H.; Batra, D.; Hetrick, E.; Howard, D.; Kovar, L.; Seabolt, M.; Morrison, S.; Desch, M.; Knipe, K.; Weigand, M.; Cintron, R.; Sheth, M.; Burgin, A.; Burroughs, M.; Lee, J.; Wilkins, K.; McCollum, A.; Hutson, C.; Davidson, W.; Rao, A.; Pinnick, D.; Li, Y.	CDC, DHCPP-PRB	insdc_ingest_user	Automated Ingest from INSDC/NCBI Virus by Loculus	USA	ND	2022-08	2025-02-03	Monkeypox virus					PRJNA849962	SAMN33554501	METAGENOMIC	WGS	RANDOM	ILLUMINA	Illumina NovaSeq 6000	503494	138044857	2023-03-03	SRR23675499
SRR23675408	PP_000XLP6	PP_000XLP6.2	Gigante, C. M.; Benton, C.; Zhao, H.; Batra, D.; Hetrick, E. E.; Howard, D. T.; Kovar, L.; Seabolt, M. H.; Morrison, S. S.; Desch, M.; Knipe, K.; Weigand, M. R.; Cintron, R.; Sheth, M.; Burgin, A.; Burroughs, M.; Lee, J.; Wilkins, K.; McCollum, A.; Hutson, C.; Davidson, W.; Rao, A.; Bonner, K. O.; Li, Y.	CDC, DHCPP-PRB	insdc_ingest_user	Automated Ingest from INSDC/NCBI Virus by Loculus	USA	NH	2022-09	2025-02-03	Monkeypox virus					PRJNA849962	SAMN33554502	METAGENOMIC	WGS	RANDOM	ILLUMINA	Illumina NovaSeq 6000	95098	23000134	2023-03-03	SRR23675408
SRR23675487	PP_000XLR2	PP_000XLR2.2	Gigante, C. M.; Benton, C.; Zhao, H.; Batra, D.; Hetrick, E. E.; Howard, D. T.; Kovar, L.; Seabolt, M. H.; Morrison, S. S.; Desch, M.; Knipe, K.; Weigand, M. R.; Cintron, R.; Sheth, M.; Burgin, A.; Burroughs, M.; Lee, J.; Wilkins, K.; McCollum, A.; Hutson, C.; Davidson, W.; Rao, A.; Bonner, K. O.; Li, Y.	CDC, DHCPP-PRB	insdc_ingest_user	Automated Ingest from INSDC/NCBI Virus by Loculus	USA	NH	2022-09	2025-02-03	Monkeypox virus					PRJNA849962	SAMN33554503	METAGENOMIC	WGS	RANDOM	ILLUMINA	Illumina NovaSeq 6000	34016	8378578	2023-03-03	SRR23675487
SRR23675390	PP_000XLS0	PP_000XLS0.2	Gigante, C.; Ruiz, V.; Zhao, H.; Batra, D.; Hetrick, E.; Howard, D.; Kovar, L.; Seabolt, M.; Morrison, S.; Desch, M.; Knipe, K.; Weigand, M.; Cintron, R.; Burgin, A.; Burroughs, M.; Lee, J.; Wilkins, K.; McCollum, A.; Hutson, C.; Davidson, W.; Rao, A.; Wang, J.; Li, Y.	CDC, DHCPP-PRB	insdc_ingest_user	Automated Ingest from INSDC/NCBI Virus by Loculus	USA	NY	2022-07	2025-02-03	Monkeypox virus					PRJNA849962	SAMN33554504	METAGENOMIC	WGS	RANDOM	ILLUMINA	Illumina NovaSeq 6000	257981	57386936	2023-03-03	SRR23675390
SRR23675411	PP_000XLTY	PP_000XLTY.2	Gigante, C.; Ruiz, V.; Zhao, H.; Batra, D.; Hetrick, E.; Howard, D.; Kovar, L.; Seabolt, M.; Morrison, S.; Desch, M.; Knipe, K.; Weigand, M.; Cintron, R.; Burgin, A.; Burroughs, M.; Lee, J.; Wilkins, K.; McCollum, A.; Hutson, C.; Davidson, W.; Rao, A.; Wang, J.; Li, Y.	CDC, DHCPP-PRB	insdc_ingest_user	Automated Ingest from INSDC/NCBI Virus by Loculus	USA	NY	2022-07	2025-02-03	Monkeypox virus					PRJNA849962	SAMN33554505	METAGENOMIC	WGS	RANDOM	ILLUMINA	Illumina NovaSeq 6000	53629	13356582	2023-03-03	SRR23675411
SRR23675501	PP_000XLUW	PP_000XLUW.2	Gigante, C.; Ruiz, V.; Zhao, H.; Batra, D.; Hetrick, E.; Howard, D.; Kovar, L.; Seabolt, M.; Morrison, S.; Desch, M.; Knipe, K.; Weigand, M.; Cintron, R.; Burgin, A.; Burroughs, M.; Lee, J.; Wilkins, K.; McCollum, A.; Hutson, C.; Davidson, W.; Rao, A.; Wang, J.; Li, Y.	CDC, DHCPP-PRB	insdc_ingest_user	Automated Ingest from INSDC/NCBI Virus by Loculus	USA	NY	2022-07	2025-02-03	Monkeypox virus					PRJNA849962	SAMN33554506	METAGENOMIC	WGS	RANDOM	ILLUMINA	Illumina NovaSeq 6000	223251	54290776	2023-03-03	SRR23675501
SRR23675391	PP_000XLVU	PP_000XLVU.2	Gigante, C.; Kubin, G.; Zhao, H.; Batra, D.; Hetrick, E.; Howard, D.; Kovar, L.; Seabolt, M.; Morrison, S.; Desch, M.; Knipe, K.; Weigand, M.; Cintron, R.; Sheth, M.; Burgin, A.; Burroughs, M.; Lee, J.; Wilkins, K.; McCollum, A.; Hutson, C.; Davidson, W.; Rao, A.; White, S.; Li, Y.	CDC, DHCPP-PRB	insdc_ingest_user	Automated Ingest from INSDC/NCBI Virus by Loculus	USA	TX	2022-10	2025-02-03	Monkeypox virus					PRJNA849962	SAMN33554507	METAGENOMIC	WGS	RANDOM	ILLUMINA	Illumina NovaSeq 6000	28999	7463998	2023-03-03	SRR23675391
SRR23675389	PP_000XLWS	PP_000XLWS.2	Gigante, C.; Kubin, G.; Zhao, H.; Batra, D.; Hetrick, E.; Howard, D.; Kovar, L.; Seabolt, M.; Morrison, S.; Desch, M.; Knipe, K.; Weigand, M.; Cintron, R.; Sheth, M.; Burgin, A.; Burroughs, M.; Lee, J.; Wilkins, K.; McCollum, A.; Hutson, C.; Davidson, W.; Rao, A.; White, S.; Li, Y.	CDC, DHCPP-PRB	insdc_ingest_user	Automated Ingest from INSDC/NCBI Virus by Loculus	USA	TX	2022-10	2025-02-03	Monkeypox virus					PRJNA849962	SAMN33554508	METAGENOMIC	WGS	RANDOM	ILLUMINA	Illumina NovaSeq 6000	103323	27984999	2023-03-03	SRR23675389
SRR23675500	PP_000XLYN	PP_000XLYN.2	Gigante, C.; Kubin, G.; Zhao, H.; Batra, D.; Hetrick, E.; Howard, D.; Kovar, L.; Seabolt, M.; Morrison, S.; Desch, M.; Knipe, K.; Weigand, M.; Cintron, R.; Sheth, M.; Burgin, A.; Burroughs, M.; Lee, J.; Wilkins, K.; McCollum, A.; Hutson, C.; Davidson, W.; Rao, A.; White, S.; Li, Y.	CDC, DHCPP-PRB	insdc_ingest_user	Automated Ingest from INSDC/NCBI Virus by Loculus	USA	TX	2022-10	2025-02-03	Monkeypox virus					PRJNA849962	SAMN33554509	METAGENOMIC	WGS	RANDOM	ILLUMINA	Illumina NovaSeq 6000	125508	31893948	2023-03-03	SRR23675500
SRR23675490	PP_000XLZL	PP_000XLZL.2	Gigante, C.; Kubin, G.; Zhao, H.; Batra, D.; Hetrick, E.; Howard, D.; Kovar, L.; Seabolt, M.; Morrison, S.; Desch, M.; Knipe, K.; Weigand, M.; Cintron, R.; Sheth, M.; Burgin, A.; Burroughs, M.; Lee, J.; Wilkins, K.; McCollum, A.; Hutson, C.; Davidson, W.; Rao, A.; White, S.; Li, Y.	CDC, DHCPP-PRB	insdc_ingest_user	Automated Ingest from INSDC/NCBI Virus by Loculus	USA	TX	2022-09	2025-02-03	Monkeypox virus					PRJNA849962	SAMN33554510	METAGENOMIC	WGS	RANDOM	ILLUMINA	Illumina NovaSeq 6000	25907	7761128	2023-03-03	SRR23675490
SRR23675489	PP_000XM0J	PP_000XM0J.2	Gigante, C.; Kubin, G.; Zhao, H.; Batra, D.; Hetrick, E.; Howard, D.; Kovar, L.; Seabolt, M.; Morrison, S.; Desch, M.; Knipe, K.; Weigand, M.; Cintron, R.; Sheth, M.; Burgin, A.; Burroughs, M.; Lee, J.; Wilkins, K.; McCollum, A.; Hutson, C.; Davidson, W.; Rao, A.; White, S.; Li, Y.	CDC, DHCPP-PRB	insdc_ingest_user	Automated Ingest from INSDC/NCBI Virus by Loculus	USA	TX	2022-09	2025-02-03	Monkeypox virus					PRJNA849962	SAMN33554511	METAGENOMIC	WGS	RANDOM	ILLUMINA	Illumina NovaSeq 6000	447878	125076754	2023-03-03	SRR23675489
SRR23675502	PP_000XM1G	PP_000XM1G.2	Gigante, C.; Kubin, G.; Zhao, H.; Batra, D.; Hetrick, E.; Howard, D.; Kovar, L.; Seabolt, M.; Morrison, S.; Desch, M.; Knipe, K.; Weigand, M.; Cintron, R.; Sheth, M.; Burgin, A.; Burroughs, M.; Lee, J.; Wilkins, K.; McCollum, A.; Hutson, C.; Davidson, W.; Rao, A.; White, S.; Li, Y.	CDC, DHCPP-PRB	insdc_ingest_user	Automated Ingest from INSDC/NCBI Virus by Loculus	USA	TX	2022-09	2025-02-03	Monkeypox virus					PRJNA849962	SAMN33554512	METAGENOMIC	WGS	RANDOM	ILLUMINA	Illumina NovaSeq 6000	130922	35618369	2023-03-03	SRR23675502
SRR23675537	PP_000XM2E	PP_000XM2E.2	Gigante, C.; Kubin, G.; Zhao, H.; Batra, D.; Hetrick, E.; Howard, D.; Kovar, L.; Seabolt, M.; Morrison, S.; Desch, M.; Knipe, K.; Weigand, M.; Cintron, R.; Sheth, M.; Burgin, A.; Burroughs, M.; Lee, J.; Wilkins, K.; McCollum, A.; Hutson, C.; Davidson, W.; Rao, A.; White, S.; Li, Y.	CDC, DHCPP-PRB	insdc_ingest_user	Automated Ingest from INSDC/NCBI Virus by Loculus	USA	TX	2022-09	2025-02-03	Monkeypox virus					PRJNA849962	SAMN33554513	METAGENOMIC	WGS	RANDOM	ILLUMINA	Illumina NovaSeq 6000	1135124	317287692	2023-03-03	SRR23675537
SRR23675536	PP_000XM3C	PP_000XM3C.2	Gigante, C.; Kubin, G.; Zhao, H.; Batra, D.; Hetrick, E.; Howard, D.; Kovar, L.; Seabolt, M.; Morrison, S.; Desch, M.; Knipe, K.; Weigand, M.; Cintron, R.; Sheth, M.; Burgin, A.; Burroughs, M.; Lee, J.; Wilkins, K.; McCollum, A.; Hutson, C.; Davidson, W.; Rao, A.; White, S.; Li, Y.	CDC, DHCPP-PRB	insdc_ingest_user	Automated Ingest from INSDC/NCBI Virus by Loculus	USA	TX	2022-08	2025-02-03	Monkeypox virus					PRJNA849962	SAMN33554515	METAGENOMIC	WGS	RANDOM	ILLUMINA	Illumina NovaSeq 6000	1012523	279994140	2023-03-03	SRR23675536
SRR23930399	PP_000XSQY	PP_000XSQY.2	Gigante, C.; Ostadkar, R.; Zhao, H.; Batra, D.; Hetrick, E.; Howard, D.; Kovar, L.; Seabolt, M.; Morrison, S.; Desch, M.; Knipe, K.; Weigand, M.; Cintron, R.; Burgin, A.; Burroughs, M.; Lee, J.; Wilkins, K.; McCollum, A.; Hutson, C.; Davidson, W.; Rao, A.; Wang, X.; Li, Y.	CDC, DHCPP-PRB	insdc_ingest_user	Automated Ingest from INSDC/NCBI Virus by Loculus	USA	MN	2022-07	2025-02-03	Monkeypox virus					PRJNA849962	SAMN33844023	METAGENOMIC	WGS	RANDOM	ILLUMINA	Illumina NovaSeq 6000	212524	60287832	2023-03-22	SRR23930399
SRR23930250	PP_000XSRW	PP_000XSRW.2	Gigante, C.; Ostadkar, R.; Zhao, H.; Batra, D.; Hetrick, E.; Howard, D.; Kovar, L.; Seabolt, M.; Morrison, S.; Desch, M.; Knipe, K.; Weigand, M.; Cintron, R.; Burgin, A.; Burroughs, M.; Lee, J.; Wilkins, K.; McCollum, A.; Hutson, C.; Davidson, W.; Rao, A.; Wang, X.; Li, Y.	CDC, DHCPP-PRB	insdc_ingest_user	Automated Ingest from INSDC/NCBI Virus by Loculus	USA	MN	2022-07	2025-02-03	Monkeypox virus					PRJNA849962	SAMN33844024	METAGENOMIC	WGS	RANDOM	ILLUMINA	Illumina NovaSeq 6000	3942387	1164483454	2023-03-22	SRR23930250
SRR23930255	PP_000XSSU	PP_000XSSU.2	Gigante, C.; Wang, Y.; Zhao, H.; Batra, D.; Hetrick, E.; Howard, D.; Kovar, L.; Seabolt, M.; Morrison, S.; Desch, M.; Knipe, K.; Weigand, M.; Cintron, R.; Burgin, A.; Burroughs, M.; Lee, J.; Wilkins, K.; McCollum, A.; Hutson, C.; Davidson, W.; Rao, A.; O'Dell, J.; Li, Y.	CDC, DHCPP-PRB	insdc_ingest_user	Automated Ingest from INSDC/NCBI Virus by Loculus	USA	OK	2022-07	2025-02-03	Monkeypox virus					PRJNA849962	SAMN33844025	METAGENOMIC	WGS	RANDOM	ILLUMINA	Illumina NovaSeq 6000	58170	13356739	2023-03-22	SRR23930255
SRR23930397	PP_000XSTS	PP_000XSTS.2	Gigante, C.; Cogswell, K.; Zhao, H.; Batra, D.; Hetrick, E.; Howard, D.; Kovar, L.; Seabolt, M.; Morrison, S.; Desch, M.; Knipe, K.; Weigand, M.; Cintron, R.; Burgin, A.; Burroughs, M.; Lee, J.; Wilkins, K.; McCollum, A.; Hutson, C.; Davidson, W.; Rao, A.; Grenz, L.; Li, Y.	CDC, DHCPP-PRB	insdc_ingest_user	Automated Ingest from INSDC/NCBI Virus by Loculus	USA	OR	2022-07	2025-02-03	Monkeypox virus					PRJNA849962	SAMN33844026	METAGENOMIC	WGS	RANDOM	ILLUMINA	Illumina NovaSeq 6000	220770	56884539	2023-03-22	SRR23930397
SRR23930251	PP_000XSUQ	PP_000XSUQ.2	Gigante, C.; Xia, D.; Zhao, H.; Batra, D.; Hetrick, E.; Howard, D.; Kovar, L.; Seabolt, M.; Morrison, S.; Desch, M.; Knipe, K.; Weigand, M.; Cintron, R.; Burgin, A.; Burroughs, M.; Lee, J.; Wilkins, K.; McCollum, A.; Hutson, C.; Davidson, W.; Rao, A.; Plipat, N.; Li, Y.	CDC, DHCPP-PRB	insdc_ingest_user	Automated Ingest from INSDC/NCBI Virus by Loculus	USA	PA	2022-09	2025-02-03	Monkeypox virus					PRJNA849962	SAMN33844027	METAGENOMIC	WGS	RANDOM	ILLUMINA	Illumina NovaSeq 6000	89413	21869219	2023-03-22	SRR23930251
SRR23930340	PP_000XSVN	PP_000XSVN.2	Gigante, C.; Berns, A.; Zhao, H.; Batra, D.; Hetrick, E.; Howard, D.; Kovar, L.; Seabolt, M.; Morrison, S.; Desch, M.; Knipe, K.; Weigand, M.; Cintron, R.; Burgin, A.; Burroughs, M.; Lee, J.; Wilkins, K.; McCollum, A.; Hutson, C.; Davidson, W.; Rao, A.; Carpenter-Azevedo, K.; Li, Y.	CDC, DHCPP-PRB	insdc_ingest_user	Automated Ingest from INSDC/NCBI Virus by Loculus	USA	RI	2022-07	2025-02-03	Monkeypox virus					PRJNA849962	SAMN33844028	METAGENOMIC	WGS	RANDOM	ILLUMINA	Illumina NovaSeq 6000	50624	11024235	2023-03-22	SRR23930340
SRR23930400	PP_000XSWL	PP_000XSWL.2	Gigante, C.; Berns, A.; Zhao, H.; Batra, D.; Hetrick, E.; Howard, D.; Kovar, L.; Seabolt, M.; Morrison, S.; Desch, M.; Knipe, K.; Weigand, M.; Cintron, R.; Burgin, A.; Burroughs, M.; Lee, J.; Wilkins, K.; McCollum, A.; Hutson, C.; Davidson, W.; Rao, A.; Carpenter-Azevedo, K.; Li, Y.	CDC, DHCPP-PRB	insdc_ingest_user	Automated Ingest from INSDC/NCBI Virus by Loculus	USA	RI	2022-07	2025-02-03	Monkeypox virus					PRJNA849962	SAMN33844029	METAGENOMIC	WGS	RANDOM	ILLUMINA	Illumina NovaSeq 6000	110250	30912146	2023-03-22	SRR23930400
SRR23930256	PP_000XSXJ	PP_000XSXJ.2	Gigante, C.; Berns, A.; Zhao, H.; Batra, D.; Hetrick, E.; Howard, D.; Kovar, L.; Seabolt, M.; Morrison, S.; Desch, M.; Knipe, K.; Weigand, M.; Cintron, R.; Burgin, A.; Burroughs, M.; Lee, J.; Wilkins, K.; McCollum, A.; Hutson, C.; Davidson, W.; Rao, A.; Carpenter-Azevedo, K.; Li, Y.	CDC, DHCPP-PRB	insdc_ingest_user	Automated Ingest from INSDC/NCBI Virus by Loculus	USA	RI	2022-07	2025-02-03	Monkeypox virus					PRJNA849962	SAMN33844030	METAGENOMIC	WGS	RANDOM	ILLUMINA	Illumina NovaSeq 6000	62253	17223727	2023-03-22	SRR23930256
SRR23930252	PP_000XSYG	PP_000XSYG.2	Gigante, C.; Kubin, G.; Zhao, H.; Batra, D.; Hetrick, E.; Howard, D.; Kovar, L.; Seabolt, M.; Morrison, S.; Desch, M.; Knipe, K.; Weigand, M.; Cintron, R.; Burgin, A.; Burroughs, M.; Lee, J.; Wilkins, K.; McCollum, A.; Hutson, C.; Davidson, W.; Rao, A.; White, S.; Li, Y.	CDC, DHCPP-PRB	insdc_ingest_user	Automated Ingest from INSDC/NCBI Virus by Loculus	USA	TX	2022-07	2025-02-03	Monkeypox virus					PRJNA849962	SAMN33844031	METAGENOMIC	WGS	RANDOM	ILLUMINA	Illumina NovaSeq 6000	137957	36342591	2023-03-22	SRR23930252
SRR23930398	PP_000XSZE	PP_000XSZE.2	Gigante, C.; Kubin, G.; Zhao, H.; Batra, D.; Hetrick, E.; Howard, D.; Kovar, L.; Seabolt, M.; Morrison, S.; Desch, M.; Knipe, K.; Weigand, M.; Cintron, R.; Burgin, A.; Burroughs, M.; Lee, J.; Wilkins, K.; McCollum, A.; Hutson, C.; Davidson, W.; Rao, A.; White, S.; Li, Y.	CDC, DHCPP-PRB	insdc_ingest_user	Automated Ingest from INSDC/NCBI Virus by Loculus	USA	TX	2022-07	2025-02-03	Monkeypox virus					PRJNA849962	SAMN33844032	METAGENOMIC	WGS	RANDOM	ILLUMINA	Illumina NovaSeq 6000	167718	45366957	2023-03-22	SRR23930398
SRR23930247	PP_000XT0C	PP_000XT0C.2	Gigante, C.; Haydel, D.; Zhao, H.; Batra, D.; Hetrick, E.; Howard, D.; Kovar, L.; Seabolt, M.; Morrison, S.; Desch, M.; Knipe, K.; Weigand, M.; Cintron, R.; Burgin, A.; Burroughs, M.; Lee, J.; Wilkins, K.; McCollum, A.; Hutson, C.; Davidson, W.; Rao, A.; Salinas, A.; Li, Y.	CDC, DHCPP-PRB	insdc_ingest_user	Automated Ingest from INSDC/NCBI Virus by Loculus	USA	LA	2022-08	2025-02-03	Monkeypox virus					PRJNA849962	SAMN33844016	METAGENOMIC	WGS	RANDOM	ILLUMINA	Illumina NovaSeq 6000	1225533	361100274	2023-03-22	SRR23930247
SRR23930254	PP_000XT1A	PP_000XT1A.2	Gigante, C.; Haydel, D.; Zhao, H.; Batra, D.; Hetrick, E.; Howard, D.; Kovar, L.; Seabolt, M.; Morrison, S.; Desch, M.; Knipe, K.; Weigand, M.; Cintron, R.; Burgin, A.; Burroughs, M.; Lee, J.; Wilkins, K.; McCollum, A.; Hutson, C.; Davidson, W.; Rao, A.; Salinas, A.; Li, Y.	CDC, DHCPP-PRB	insdc_ingest_user	Automated Ingest from INSDC/NCBI Virus by Loculus	USA	LA	2022-07	2025-02-03	Monkeypox virus					PRJNA849962	SAMN33844017	METAGENOMIC	WGS	RANDOM	ILLUMINA	Illumina NovaSeq 6000	331537	82377614	2023-03-22	SRR23930254
SRR23930253	PP_000XT28	PP_000XT28.2	Gigante, C.; Haydel, D.; Zhao, H.; Batra, D.; Hetrick, E.; Howard, D.; Kovar, L.; Seabolt, M.; Morrison, S.; Desch, M.; Knipe, K.; Weigand, M.; Cintron, R.; Burgin, A.; Burroughs, M.; Lee, J.; Wilkins, K.; McCollum, A.; Hutson, C.; Davidson, W.; Rao, A.; Salinas, A.; Li, Y.	CDC, DHCPP-PRB	insdc_ingest_user	Automated Ingest from INSDC/NCBI Virus by Loculus	USA	LA	2022-08	2025-02-03	Monkeypox virus					PRJNA849962	SAMN33844018	METAGENOMIC	WGS	RANDOM	ILLUMINA	Illumina NovaSeq 6000	57387	14085312	2023-03-22	SRR23930253
SRR23930246	PP_000XT36	PP_000XT36.2	Gigante, C.; Haydel, D.; Zhao, H.; Batra, D.; Hetrick, E.; Howard, D.; Kovar, L.; Seabolt, M.; Morrison, S.; Desch, M.; Knipe, K.; Weigand, M.; Cintron, R.; Burgin, A.; Burroughs, M.; Lee, J.; Wilkins, K.; McCollum, A.; Hutson, C.; Davidson, W.; Rao, A.; Salinas, A.; Li, Y.	CDC, DHCPP-PRB	insdc_ingest_user	Automated Ingest from INSDC/NCBI Virus by Loculus	USA	LA	2022-08	2025-02-03	Monkeypox virus					PRJNA849962	SAMN33844019	METAGENOMIC	WGS	RANDOM	ILLUMINA	Illumina NovaSeq 6000	331581	96296120	2023-03-22	SRR23930246
SRR23930401	PP_000XT44	PP_000XT44.2	Gigante, C.; Haydel, D.; Zhao, H.; Batra, D.; Hetrick, E.; Howard, D.; Kovar, L.; Seabolt, M.; Morrison, S.; Desch, M.; Knipe, K.; Weigand, M.; Cintron, R.; Burgin, A.; Burroughs, M.; Lee, J.; Wilkins, K.; McCollum, A.; Hutson, C.; Davidson, W.; Rao, A.; Salinas, A.; Li, Y.	CDC, DHCPP-PRB	insdc_ingest_user	Automated Ingest from INSDC/NCBI Virus by Loculus	USA	LA	2022-08	2025-02-03	Monkeypox virus					PRJNA849962	SAMN33844020	METAGENOMIC	WGS	RANDOM	ILLUMINA	Illumina NovaSeq 6000	40290	11060846	2023-03-22	SRR23930401
SRR23930248	PP_000XT52	PP_000XT52.2	Gigante, C.; Ostadkar, R.; Zhao, H.; Batra, D.; Hetrick, E.; Howard, D.; Kovar, L.; Seabolt, M.; Morrison, S.; Desch, M.; Knipe, K.; Weigand, M.; Cintron, R.; Burgin, A.; Burroughs, M.; Lee, J.; Wilkins, K.; McCollum, A.; Hutson, C.; Davidson, W.; Rao, A.; Wang, X.; Li, Y.	CDC, DHCPP-PRB	insdc_ingest_user	Automated Ingest from INSDC/NCBI Virus by Loculus	USA	MN	2022-07	2025-02-03	Monkeypox virus					PRJNA849962	SAMN33844021	METAGENOMIC	WGS	RANDOM	ILLUMINA	Illumina NovaSeq 6000	563276	160329147	2023-03-22	SRR23930248
SRR23930249	PP_000XT60	PP_000XT60.2	Gigante, C.; Ostadkar, R.; Zhao, H.; Batra, D.; Hetrick, E.; Howard, D.; Kovar, L.; Seabolt, M.; Morrison, S.; Desch, M.; Knipe, K.; Weigand, M.; Cintron, R.; Burgin, A.; Burroughs, M.; Lee, J.; Wilkins, K.; McCollum, A.; Hutson, C.; Davidson, W.; Rao, A.; Wang, X.; Li, Y.	CDC, DHCPP-PRB	insdc_ingest_user	Automated Ingest from INSDC/NCBI Virus by Loculus	USA	MN	2022-07	2025-02-03	Monkeypox virus					PRJNA849962	SAMN33844022	METAGENOMIC	WGS	RANDOM	ILLUMINA	Illumina NovaSeq 6000	227838	65282742	2023-03-22	SRR23930249
SRR24016838	PP_000XTK7	PP_000XTK7.2	Gigante, C.; Ghinai, I.; Zhao, H.; Batra, D.; Hetrick, E.; Howard, D.; Kovar, L.; Seabolt, M.; Morrison, S.; Desch, M.; Knipe, K.; Weigand, M.; Cintron, R.; Burgin, A.; Burroughs, M.; Lee, J.; Wilkins, K.; McCollum, A.; Hutson, C.; Davidson, W.; Rao, A.; Kerins, J.; Li, Y.	CDC, DHCPP-PRB	insdc_ingest_user	Automated Ingest from INSDC/NCBI Virus by Loculus	USA	IL	2022-09	2025-02-03	Monkeypox virus					PRJNA849962	SAMN33986532	METAGENOMIC	WGS	RANDOM	ILLUMINA	Illumina NovaSeq 6000	126740	33499622	2023-03-31	SRR24016838
SRR24016842	PP_000XTL5	PP_000XTL5.2	Gigante, C.; Bradley, A.; Zhao, H.; Batra, D.; Hetrick, E.; Howard, D.; Kovar, L.; Seabolt, M.; Morrison, S.; Desch, M.; Knipe, K.; Weigand, M.; Cintron, R.; Burgin, A.; Burroughs, M.; Lee, J.; Wilkins, K.; McCollum, A.; Hutson, C.; Davidson, W.; Rao, A.; Anderson, J.; Li, Y.	CDC, DHCPP-PRB	insdc_ingest_user	Automated Ingest from INSDC/NCBI Virus by Loculus	USA	KS	2022-09	2025-02-03	Monkeypox virus					PRJNA849962	SAMN33986533	METAGENOMIC	WGS	RANDOM	ILLUMINA	Illumina NovaSeq 6000	260516	75930604	2023-03-31	SRR24016842
SRR24016849	PP_000XTM3	PP_000XTM3.2	Gigante, C.; Bradley, A.; Zhao, H.; Batra, D.; Hetrick, E.; Howard, D.; Kovar, L.; Seabolt, M.; Morrison, S.; Desch, M.; Knipe, K.; Weigand, M.; Cintron, R.; Burgin, A.; Burroughs, M.; Lee, J.; Wilkins, K.; McCollum, A.; Hutson, C.; Davidson, W.; Rao, A.; Anderson, J.; Li, Y.	CDC, DHCPP-PRB	insdc_ingest_user	Automated Ingest from INSDC/NCBI Virus by Loculus	USA	KS	2022-09	2025-02-03	Monkeypox virus					PRJNA849962	SAMN33986534	METAGENOMIC	WGS	RANDOM	ILLUMINA	Illumina NovaSeq 6000	716291	209609771	2023-03-31	SRR24016849
SRR24016848	PP_000XTN1	PP_000XTN1.2	Gigante, C.; Johnson, S.; Zhao, H.; Batra, D.; Hetrick, E.; Howard, D.; Kovar, L.; Seabolt, M.; Morrison, S.; Desch, M.; Knipe, K.; Weigand, M.; Cintron, R.; Burgin, A.; Burroughs, M.; Lee, J.; Wilkins, K.; McCollum, A.; Hutson, C.; Davidson, W.; Rao, A.; Riner, D.; Li, Y.	CDC, DHCPP-PRB	insdc_ingest_user	Automated Ingest from INSDC/NCBI Virus by Loculus	USA	MI	2022-09	2025-02-03	Monkeypox virus					PRJNA849962	SAMN33986536	METAGENOMIC	WGS	RANDOM	ILLUMINA	Illumina NovaSeq 6000	263118	72451586	2023-03-31	SRR24016848
SRR24016839	PP_000XTPZ	PP_000XTPZ.2	Gigante, C.; Johnson, S.; Zhao, H.; Batra, D.; Hetrick, E.; Howard, D.; Kovar, L.; Seabolt, M.; Morrison, S.; Desch, M.; Knipe, K.; Weigand, M.; Cintron, R.; Burgin, A.; Burroughs, M.; Lee, J.; Wilkins, K.; McCollum, A.; Hutson, C.; Davidson, W.; Rao, A.; Riner, D.; Li, Y.	CDC, DHCPP-PRB	insdc_ingest_user	Automated Ingest from INSDC/NCBI Virus by Loculus	USA	MI	2022-09	2025-02-03	Monkeypox virus					PRJNA849962	SAMN33986537	METAGENOMIC	WGS	RANDOM	ILLUMINA	Illumina NovaSeq 6000	1124478	281506920	2023-03-31	SRR24016839
SRR24016846	PP_000XTQX	PP_000XTQX.2	Gigante, C.; Ostadkar, R.; Zhao, H.; Batra, D.; Hetrick, E.; Howard, D.; Kovar, L.; Seabolt, M.; Morrison, S.; Desch, M.; Knipe, K.; Weigand, M.; Cintron, R.; Burgin, A.; Burroughs, M.; Lee, J.; Wilkins, K.; McCollum, A.; Hutson, C.; Davidson, W.; Rao, A.; Wang, X.; Li, Y.	CDC, DHCPP-PRB	insdc_ingest_user	Automated Ingest from INSDC/NCBI Virus by Loculus	USA	MN	2022-09	2025-02-03	Monkeypox virus					PRJNA849962	SAMN33986539	METAGENOMIC	WGS	RANDOM	ILLUMINA	Illumina NovaSeq 6000	691958	203416234	2023-03-31	SRR24016846
SRR24016853	PP_000XTRV	PP_000XTRV.2	Gigante, C.; Cleavinger, K.; Zhao, H.; Batra, D.; Hetrick, E.; Howard, D.; Kovar, L.; Seabolt, M.; Morrison, S.; Desch, M.; Knipe, K.; Weigand, M.; Cintron, R.; Burgin, A.; Burroughs, M.; Lee, J.; Wilkins, K.; McCollum, A.; Hutson, C.; Davidson, W.; Rao, A.; Sinn, M.; Li, Y.	CDC, DHCPP-PRB	insdc_ingest_user	Automated Ingest from INSDC/NCBI Virus by Loculus	USA	MO	2022-09	2025-02-03	Monkeypox virus					PRJNA849962	SAMN33986540	METAGENOMIC	WGS	RANDOM	ILLUMINA	Illumina NovaSeq 6000	178171	51932250	2023-03-31	SRR24016853
SRR24016854	PP_000XTST	PP_000XTST.2	Gigante, C.; Cleavinger, K.; Zhao, H.; Batra, D.; Hetrick, E.; Howard, D.; Kovar, L.; Seabolt, M.; Morrison, S.; Desch, M.; Knipe, K.; Weigand, M.; Cintron, R.; Burgin, A.; Burroughs, M.; Lee, J.; Wilkins, K.; McCollum, A.; Hutson, C.; Davidson, W.; Rao, A.; Sinn, M.; Li, Y.	CDC, DHCPP-PRB	insdc_ingest_user	Automated Ingest from INSDC/NCBI Virus by Loculus	USA	MO	2022-09	2025-02-03	Monkeypox virus					PRJNA849962	SAMN33986542	METAGENOMIC	WGS	RANDOM	ILLUMINA	Illumina NovaSeq 6000	73433	21540610	2023-03-31	SRR24016854
SRR24016852	PP_000XTTR	PP_000XTTR.2	Gigante, C.; Cleavinger, K.; Zhao, H.; Batra, D.; Hetrick, E.; Howard, D.; Kovar, L.; Seabolt, M.; Morrison, S.; Desch, M.; Knipe, K.; Weigand, M.; Cintron, R.; Burgin, A.; Burroughs, M.; Lee, J.; Wilkins, K.; McCollum, A.; Hutson, C.; Davidson, W.; Rao, A.; Sinn, M.; Li, Y.	CDC, DHCPP-PRB	insdc_ingest_user	Automated Ingest from INSDC/NCBI Virus by Loculus	USA	MO	2022-09	2025-02-03	Monkeypox virus					PRJNA849962	SAMN33986543	METAGENOMIC	WGS	RANDOM	ILLUMINA	Illumina NovaSeq 6000	33173	9584082	2023-03-31	SRR24016852
SRR24016845	PP_000XTUP	PP_000XTUP.2	Gigante, C.; Fisher, S.; Zhao, H.; Batra, D.; Hetrick, E.; Howard, D.; Kovar, L.; Seabolt, M.; Morrison, S.; Desch, M.; Knipe, K.; Weigand, M.; Cintron, R.; Burgin, A.; Burroughs, M.; Lee, J.; Wilkins, K.; McCollum, A.; Hutson, C.; Davidson, W.; Rao, A.; Siebert, M.; Li, Y.	CDC, DHCPP-PRB	insdc_ingest_user	Automated Ingest from INSDC/NCBI Virus by Loculus	USA	NM	2022-09	2025-02-03	Monkeypox virus					PRJNA849962	SAMN33986545	METAGENOMIC	WGS	RANDOM	ILLUMINA	Illumina NovaSeq 6000	525346	155273441	2023-03-31	SRR24016845
SRR24016847	PP_000XTVM	PP_000XTVM.2	Gigante, C.; Fisher, S.; Zhao, H.; Batra, D.; Hetrick, E.; Howard, D.; Kovar, L.; Seabolt, M.; Morrison, S.; Desch, M.; Knipe, K.; Weigand, M.; Cintron, R.; Burgin, A.; Burroughs, M.; Lee, J.; Wilkins, K.; McCollum, A.; Hutson, C.; Davidson, W.; Rao, A.; Siebert, M.; Li, Y.	CDC, DHCPP-PRB	insdc_ingest_user	Automated Ingest from INSDC/NCBI Virus by Loculus	USA	NM	2022-09	2025-02-03	Monkeypox virus					PRJNA849962	SAMN33986546	METAGENOMIC	WGS	RANDOM	ILLUMINA	Illumina NovaSeq 6000	219002	64463185	2023-03-31	SRR24016847
SRR24016859	PP_000XTWK	PP_000XTWK.2	Gigante, C.; Ruiz, V.; Zhao, H.; Batra, D.; Hetrick, E.; Howard, D.; Kovar, L.; Seabolt, M.; Morrison, S.; Desch, M.; Knipe, K.; Weigand, M.; Cintron, R.; Burgin, A.; Burroughs, M.; Lee, J.; Wilkins, K.; McCollum, A.; Hutson, C.; Davidson, W.; Rao, A.; Wang, J.; Li, Y.	CDC, DHCPP-PRB	insdc_ingest_user	Automated Ingest from INSDC/NCBI Virus by Loculus	USA	NY	2022-09	2025-02-03	Monkeypox virus					PRJNA849962	SAMN33986547	METAGENOMIC	WGS	RANDOM	ILLUMINA	Illumina NovaSeq 6000	55179	14543344	2023-03-31	SRR24016859
SRR24016871	PP_000XTXH	PP_000XTXH.2	Gigante, C.; Ruiz, V.; Zhao, H.; Batra, D.; Hetrick, E.; Howard, D.; Kovar, L.; Seabolt, M.; Morrison, S.; Desch, M.; Knipe, K.; Weigand, M.; Cintron, R.; Burgin, A.; Burroughs, M.; Lee, J.; Wilkins, K.; McCollum, A.; Hutson, C.; Davidson, W.; Rao, A.; Wang, J.; Li, Y.	CDC, DHCPP-PRB	insdc_ingest_user	Automated Ingest from INSDC/NCBI Virus by Loculus	USA	NY	2022-09	2025-02-03	Monkeypox virus					PRJNA849962	SAMN33986548	METAGENOMIC	WGS	RANDOM	ILLUMINA	Illumina NovaSeq 6000	223880	59880454	2023-03-31	SRR24016871
SRR24016861	PP_000XTYF	PP_000XTYF.2	Gigante, C.; Lee, B.; Zhao, H.; Batra, D.; Hetrick, E.; Howard, D.; Kovar, L.; Seabolt, M.; Morrison, S.; Desch, M.; Knipe, K.; Weigand, M.; Cintron, R.; Burgin, A.; Burroughs, M.; Lee, J.; Wilkins, K.; McCollum, A.; Hutson, C.; Davidson, W.; Rao, A.; Salehi, E.; Li, Y.	CDC, DHCPP-PRB	insdc_ingest_user	Automated Ingest from INSDC/NCBI Virus by Loculus	USA	OH	2022-09	2025-02-03	Monkeypox virus					PRJNA849962	SAMN33986549	METAGENOMIC	WGS	RANDOM	ILLUMINA	Illumina NovaSeq 6000	37727	10591080	2023-03-31	SRR24016861
SRR24016860	PP_000XTZD	PP_000XTZD.2	Gigante, C.; Lee, B.; Zhao, H.; Batra, D.; Hetrick, E.; Howard, D.; Kovar, L.; Seabolt, M.; Morrison, S.; Desch, M.; Knipe, K.; Weigand, M.; Cintron, R.; Burgin, A.; Burroughs, M.; Lee, J.; Wilkins, K.; McCollum, A.; Hutson, C.; Davidson, W.; Rao, A.; Salehi, E.; Li, Y.	CDC, DHCPP-PRB	insdc_ingest_user	Automated Ingest from INSDC/NCBI Virus by Loculus	USA	OH	2022-09	2025-02-03	Monkeypox virus					PRJNA849962	SAMN33986550	METAGENOMIC	WGS	RANDOM	ILLUMINA	Illumina NovaSeq 6000	87180	25343580	2023-03-31	SRR24016860
SRR24016855	PP_000XU0B	PP_000XU0B.2	Gigante, C.; Lee, B.; Zhao, H.; Batra, D.; Hetrick, E.; Howard, D.; Kovar, L.; Seabolt, M.; Morrison, S.; Desch, M.; Knipe, K.; Weigand, M.; Cintron, R.; Burgin, A.; Burroughs, M.; Lee, J.; Wilkins, K.; McCollum, A.; Hutson, C.; Davidson, W.; Rao, A.; Salehi, E.; Li, Y.	CDC, DHCPP-PRB	insdc_ingest_user	Automated Ingest from INSDC/NCBI Virus by Loculus	USA	OH	2022-09	2025-02-03	Monkeypox virus					PRJNA849962	SAMN33986551	METAGENOMIC	WGS	RANDOM	ILLUMINA	Illumina NovaSeq 6000	67652	17710768	2023-03-31	SRR24016855
SRR24016879	PP_000XU19	PP_000XU19.2	Gigante, C.; Epie, N.; Zhao, H.; Batra, D.; Hetrick, E.; Howard, D.; Kovar, L.; Seabolt, M.; Morrison, S.; Desch, M.; Knipe, K.; Weigand, M.; Cintron, R.; Burgin, A.; Burroughs, M.; Lee, J.; Wilkins, K.; McCollum, A.; Hutson, C.; Davidson, W.; Rao, A.; Perez, T.; Li, Y.	CDC, DHCPP-PRB	insdc_ingest_user	Automated Ingest from INSDC/NCBI Virus by Loculus	USA	SC	2022-09	2025-02-03	Monkeypox virus					PRJNA849962	SAMN33986552	METAGENOMIC	WGS	RANDOM	ILLUMINA	Illumina NovaSeq 6000	569451	147843772	2023-03-31	SRR24016879
SRR24016875	PP_000XU27	PP_000XU27.2	Gigante, C.; Epie, N.; Zhao, H.; Batra, D.; Hetrick, E.; Howard, D.; Kovar, L.; Seabolt, M.; Morrison, S.; Desch, M.; Knipe, K.; Weigand, M.; Cintron, R.; Burgin, A.; Burroughs, M.; Lee, J.; Wilkins, K.; McCollum, A.; Hutson, C.; Davidson, W.; Rao, A.; Perez, T.; Li, Y.	CDC, DHCPP-PRB	insdc_ingest_user	Automated Ingest from INSDC/NCBI Virus by Loculus	USA	SC	2022-09	2025-02-03	Monkeypox virus					PRJNA849962	SAMN33986553	METAGENOMIC	WGS	RANDOM	ILLUMINA	Illumina NovaSeq 6000	98699	26901239	2023-03-31	SRR24016875
SRR24016876	PP_000XU35	PP_000XU35.2	Gigante, C.; Epie, N.; Zhao, H.; Batra, D.; Hetrick, E.; Howard, D.; Kovar, L.; Seabolt, M.; Morrison, S.; Desch, M.; Knipe, K.; Weigand, M.; Cintron, R.; Burgin, A.; Burroughs, M.; Lee, J.; Wilkins, K.; McCollum, A.; Hutson, C.; Davidson, W.; Rao, A.; Perez, T.; Li, Y.	CDC, DHCPP-PRB	insdc_ingest_user	Automated Ingest from INSDC/NCBI Virus by Loculus	USA	SC	2022-09	2025-02-03	Monkeypox virus					PRJNA849962	SAMN33986554	METAGENOMIC	WGS	RANDOM	ILLUMINA	Illumina NovaSeq 6000	1911513	545461821	2023-03-31	SRR24016876
SRR24016880	PP_000XU43	PP_000XU43.2	Gigante, C.; Thomas, L.; Zhao, H.; Batra, D.; Hetrick, E.; Howard, D.; Kovar, L.; Seabolt, M.; Morrison, S.; Desch, M.; Knipe, K.; Weigand, M.; Cintron, R.; Burgin, A.; Burroughs, M.; Lee, J.; Wilkins, K.; McCollum, A.; Hutson, C.; Davidson, W.; Rao, A.; Dunn, J.; Li, Y.	CDC, DHCPP-PRB	insdc_ingest_user	Automated Ingest from INSDC/NCBI Virus by Loculus	USA	TN	2022-09	2025-02-03	Monkeypox virus					PRJNA849962	SAMN33986555	METAGENOMIC	WGS	RANDOM	ILLUMINA	Illumina NovaSeq 6000	80699	21692660	2023-03-31	SRR24016880
SRR24016881	PP_000XU51	PP_000XU51.2	Gigante, C.; Thomas, L.; Zhao, H.; Batra, D.; Hetrick, E.; Howard, D.; Kovar, L.; Seabolt, M.; Morrison, S.; Desch, M.; Knipe, K.; Weigand, M.; Cintron, R.; Burgin, A.; Burroughs, M.; Lee, J.; Wilkins, K.; McCollum, A.; Hutson, C.; Davidson, W.; Rao, A.; Dunn, J.; Li, Y.	CDC, DHCPP-PRB	insdc_ingest_user	Automated Ingest from INSDC/NCBI Virus by Loculus	USA	TN	2022-09	2025-02-03	Monkeypox virus					PRJNA849962	SAMN33986556	METAGENOMIC	WGS	RANDOM	ILLUMINA	Illumina NovaSeq 6000	374286	106967936	2023-03-31	SRR24016881
SRR24016872	PP_000XU6Z	PP_000XU6Z.2	Gigante, C.; Thomas, L.; Zhao, H.; Batra, D.; Hetrick, E.; Howard, D.; Kovar, L.; Seabolt, M.; Morrison, S.; Desch, M.; Knipe, K.; Weigand, M.; Cintron, R.; Burgin, A.; Burroughs, M.; Lee, J.; Wilkins, K.; McCollum, A.; Hutson, C.; Davidson, W.; Rao, A.; Dunn, J.; Li, Y.	CDC, DHCPP-PRB	insdc_ingest_user	Automated Ingest from INSDC/NCBI Virus by Loculus	USA	TN	2022-09	2025-02-03	Monkeypox virus					PRJNA849962	SAMN33986557	METAGENOMIC	WGS	RANDOM	ILLUMINA	Illumina NovaSeq 6000	290301	84809745	2023-03-31	SRR24016872
SRR24016878	PP_000XU7X	PP_000XU7X.2	Gigante, C.; Kubin, G.; Zhao, H.; Batra, D.; Hetrick, E.; Howard, D.; Kovar, L.; Seabolt, M.; Morrison, S.; Desch, M.; Knipe, K.; Weigand, M.; Cintron, R.; Burgin, A.; Burroughs, M.; Lee, J.; Wilkins, K.; McCollum, A.; Hutson, C.; Davidson, W.; Rao, A.; White, S.; Li, Y.	CDC, DHCPP-PRB	insdc_ingest_user	Automated Ingest from INSDC/NCBI Virus by Loculus	USA	TX	2022-09	2025-02-03	Monkeypox virus					PRJNA849962	SAMN33986558	METAGENOMIC	WGS	RANDOM	ILLUMINA	Illumina NovaSeq 6000	609537	179120516	2023-03-31	SRR24016878
SRR24016874	PP_000XU8V	PP_000XU8V.2	Gigante, C.; Segaloff, H.; Zhao, H.; Batra, D.; Hetrick, E.; Howard, D.; Kovar, L.; Seabolt, M.; Morrison, S.; Desch, M.; Knipe, K.; Weigand, M.; Cintron, R.; Burgin, A.; Burroughs, M.; Lee, J.; Wilkins, K.; McCollum, A.; Hutson, C.; Davidson, W.; Rao, A.; Florek, K.; Li, Y.	CDC, DHCPP-PRB	insdc_ingest_user	Automated Ingest from INSDC/NCBI Virus by Loculus	USA	WI	2022-09	2025-02-03	Monkeypox virus					PRJNA849962	SAMN33986559	METAGENOMIC	WGS	RANDOM	ILLUMINA	Illumina NovaSeq 6000	171066	50419139	2023-03-31	SRR24016874
SRR24016877	PP_000XU9T	PP_000XU9T.2	Gigante, C.; Segaloff, H.; Zhao, H.; Batra, D.; Hetrick, E.; Howard, D.; Kovar, L.; Seabolt, M.; Morrison, S.; Desch, M.; Knipe, K.; Weigand, M.; Cintron, R.; Burgin, A.; Burroughs, M.; Lee, J.; Wilkins, K.; McCollum, A.; Hutson, C.; Davidson, W.; Rao, A.; Florek, K.; Li, Y.	CDC, DHCPP-PRB	insdc_ingest_user	Automated Ingest from INSDC/NCBI Virus by Loculus	USA	WI	2022-09	2025-02-03	Monkeypox virus					PRJNA849962	SAMN33986560	METAGENOMIC	WGS	RANDOM	ILLUMINA	Illumina NovaSeq 6000	88031	22653269	2023-03-31	SRR24016877
SRR24016873	PP_000XUAR	PP_000XUAR.2	Gigante, C.; Segaloff, H.; Zhao, H.; Batra, D.; Hetrick, E.; Howard, D.; Kovar, L.; Seabolt, M.; Morrison, S.; Desch, M.; Knipe, K.; Weigand, M.; Cintron, R.; Burgin, A.; Burroughs, M.; Lee, J.; Wilkins, K.; McCollum, A.; Hutson, C.; Davidson, W.; Rao, A.; Florek, K.; Li, Y.	CDC, DHCPP-PRB	insdc_ingest_user	Automated Ingest from INSDC/NCBI Virus by Loculus	USA	WI	2022-09	2025-02-03	Monkeypox virus					PRJNA849962	SAMN33986561	METAGENOMIC	WGS	RANDOM	ILLUMINA	Illumina NovaSeq 6000	122140	30625813	2023-03-31	SRR24016873
SRR24016822	PP_000XUBP	PP_000XUBP.2	Gigante, C.; Vang, K.; Zhao, H.; Batra, D.; Hetrick, E.; Howard, D.; Kovar, L.; Seabolt, M.; Morrison, S.; Desch, M.; Knipe, K.; Weigand, M.; Cintron, R.; Burgin, A.; Burroughs, M.; Lee, J.; Wilkins, K.; McCollum, A.; Hutson, C.; Davidson, W.; Rao, A.; Seely, K.; Li, Y.	CDC, DHCPP-PRB	insdc_ingest_user	Automated Ingest from INSDC/NCBI Virus by Loculus	USA	AR	2022-08	2025-02-03	Monkeypox virus					PRJNA849962	SAMN33986488	METAGENOMIC	WGS	RANDOM	ILLUMINA	Illumina NovaSeq 6000	143839	38050087	2023-03-31	SRR24016822
SRR24016841	PP_000XUCM	PP_000XUCM.2	Gigante, C.; Francis, D.; Zhao, H.; Batra, D.; Hetrick, E.; Howard, D.; Kovar, L.; Seabolt, M.; Morrison, S.; Desch, M.; Knipe, K.; Weigand, M.; Cintron, R.; Burgin, A.; Burroughs, M.; Lee, J.; Wilkins, K.; McCollum, A.; Hutson, C.; Davidson, W.; Rao, A.; Escobar, J.; Li, Y.	CDC, DHCPP-PRB	insdc_ingest_user	Automated Ingest from INSDC/NCBI Virus by Loculus	USA	AZ	2022-09	2025-02-03	Monkeypox virus					PRJNA849962	SAMN33986529	METAGENOMIC	WGS	RANDOM	ILLUMINA	Illumina NovaSeq 6000	186068	51231989	2023-03-31	SRR24016841
SRR24016850	PP_000XUDK	PP_000XUDK.2	Gigante, C.; Ghinai, I.; Zhao, H.; Batra, D.; Hetrick, E.; Howard, D.; Kovar, L.; Seabolt, M.; Morrison, S.; Desch, M.; Knipe, K.; Weigand, M.; Cintron, R.; Burgin, A.; Burroughs, M.; Lee, J.; Wilkins, K.; McCollum, A.; Hutson, C.; Davidson, W.; Rao, A.; Kerins, J.; Li, Y.	CDC, DHCPP-PRB	insdc_ingest_user	Automated Ingest from INSDC/NCBI Virus by Loculus	USA	IL	2022-09	2025-02-03	Monkeypox virus					PRJNA849962	SAMN33986531	METAGENOMIC	WGS	RANDOM	ILLUMINA	Illumina NovaSeq 6000	739302	202682106	2023-03-31	SRR24016850
SRR23985275	PP_000XUJ8	PP_000XUJ8.2	Lee, T. Y.; Hwang, Y.-H.; Yun, M.-R.; Kim, Y.-J.; Kim, D.	Korea National Institute of Health, Division of Infectious Disease Vaccine Research	insdc_ingest_user	Automated Ingest from INSDC/NCBI Virus by Loculus	Democratic Republic of the Congo		2022	2025-02-03	Monkeypox virus					PRJNA949408	SAMN33923478	GENOMIC	WGS	RANDOM	ILLUMINA	NextSeq 1000	2882008	585272110	2023-12-02	SRR23985275
SRR24518612	PP_000XYJ4	PP_000XYJ4.2	Sereewit, J.; Xie, H.; Roychoudhury, P.; Greninger, A. L.	UW Virology, Laboratory Medicine	insdc_ingest_user	Automated Ingest from INSDC/NCBI Virus by Loculus	USA	WA	2023-04	2025-02-03	Monkeypox virus					PRJNA862948	SAMN35053382	GENOMIC	Targeted-Capture	RANDOM PCR	ILLUMINA	NextSeq 2000	4352365	1149307821	2023-06-05	SRR24518612
SRR24518611	PP_000XYK2	PP_000XYK2.2	Sereewit, J.; Xie, H.; Roychoudhury, P.; Greninger, A. L.	UW Virology, Laboratory Medicine	insdc_ingest_user	Automated Ingest from INSDC/NCBI Virus by Loculus	USA	WA	2023-04	2025-02-03	Monkeypox virus					PRJNA862948	SAMN35053383	GENOMIC	Targeted-Capture	RANDOM PCR	ILLUMINA	NextSeq 2000	4150567	1199533025	2023-06-05	SRR24518611
SRR24518610	PP_000XYL0	PP_000XYL0.2	Sereewit, J.; Xie, H.; Roychoudhury, P.; Greninger, A. L.	UW Virology, Laboratory Medicine	insdc_ingest_user	Automated Ingest from INSDC/NCBI Virus by Loculus	USA	WA	2023-04	2025-02-03	Monkeypox virus					PRJNA862948	SAMN35053384	GENOMIC	Targeted-Capture	RANDOM PCR	ILLUMINA	NextSeq 2000	4425889	1123561237	2023-06-05	SRR24518610
SRR24518609	PP_000XYMY	PP_000XYMY.2	Sereewit, J.; Xie, H.; Roychoudhury, P.; Greninger, A. L.	UW Virology, Laboratory Medicine	insdc_ingest_user	Automated Ingest from INSDC/NCBI Virus by Loculus	USA	WA	2023-02	2025-02-03	Monkeypox virus					PRJNA862948	SAMN35053385	GENOMIC	Targeted-Capture	RANDOM PCR	ILLUMINA	NextSeq 2000	8797573	2260647226	2023-06-05	SRR24518609
SRR24518608	PP_000XYNW	PP_000XYNW.2	Sereewit, J.; Xie, H.; Roychoudhury, P.; Greninger, A. L.	UW Virology, Laboratory Medicine	insdc_ingest_user	Automated Ingest from INSDC/NCBI Virus by Loculus	USA	WA	2023-01	2025-02-03	Monkeypox virus					PRJNA862948	SAMN35053386	GENOMIC	Targeted-Capture	RANDOM PCR	ILLUMINA	NextSeq 2000	5825127	1623178775	2023-06-05	SRR24518608
SRR24877168	PP_000Y7F0	PP_000Y7F0.2	Ponce-Alonso, M.; Martinez-Garcia, L.; Olavarrieta, L.; Galan, J. C.	Hospital Ramon y Cajal, Microbiology	insdc_ingest_user	Automated Ingest from INSDC/NCBI Virus by Loculus	Spain	Madrid	2022-09-21	2025-02-03	Monkeypox virus					PRJNA981509	SAMN35677208	GENOMIC	AMPLICON	PCR	ILLUMINA	Illumina MiSeq	3164061	955546422	2023-07-12	SRR24877168
SRR24877167	PP_000Y7GY	PP_000Y7GY.2	Ponce-Alonso, M.; Martinez-Garcia, L.; Olavarrieta, L.; Galan, J. C.	Hospital Ramon y Cajal, Microbiology	insdc_ingest_user	Automated Ingest from INSDC/NCBI Virus by Loculus	Spain	Madrid	2023-03-23	2025-02-03	Monkeypox virus					PRJNA981509	SAMN35677209	GENOMIC	AMPLICON	PCR	ILLUMINA	Illumina MiSeq	2283500	689617000	2023-07-12	SRR24877167
SRR25604883	PP_000YJR2	PP_000YJR2.2	Sereewit, J.; Xie, H.; Roychoudhury, P.; Greninger, A. L.	UW Virology, Laboratory Medicine	insdc_ingest_user	Automated Ingest from INSDC/NCBI Virus by Loculus	USA	WA	2022-09	2025-02-03	Monkeypox virus					PRJNA862948	SAMN36939552	GENOMIC	Targeted-Capture	RANDOM PCR	ILLUMINA	NextSeq 2000	543304	164077808	2023-08-18	SRR25604883
SRR25604882	PP_000YJTY	PP_000YJTY.2	Sereewit, J.; Xie, H.; Roychoudhury, P.; Greninger, A. L.	UW Virology, Laboratory Medicine	insdc_ingest_user	Automated Ingest from INSDC/NCBI Virus by Loculus	USA	WA	2022-12	2025-02-03	Monkeypox virus					PRJNA862948	SAMN36939553	GENOMIC	Targeted-Capture	RANDOM PCR	ILLUMINA	NextSeq 2000	13944420	4211214840	2023-08-18	SRR25604882
SRR25604881	PP_000YJUW	PP_000YJUW.2	Sereewit, J.; Xie, H.; Roychoudhury, P.; Greninger, A. L.	UW Virology, Laboratory Medicine	insdc_ingest_user	Automated Ingest from INSDC/NCBI Virus by Loculus	USA	WA	2022-12	2025-02-03	Monkeypox virus					PRJNA862948	SAMN36939554	GENOMIC	Targeted-Capture	RANDOM PCR	ILLUMINA	NextSeq 2000	618101	186666502	2023-08-18	SRR25604881
SRR25602992	PP_000YJVU	PP_000YJVU.2	Sereewit, J.; Xie, H.; Roychoudhury, P.; Greninger, A. L.	UW Virology, Laboratory Medicine	insdc_ingest_user	Automated Ingest from INSDC/NCBI Virus by Loculus	USA	WA	2023-04	2025-02-03	Monkeypox virus					PRJNA862948	SAMN36937247	GENOMIC	Targeted-Capture	RANDOM PCR	ILLUMINA	Illumina NovaSeq 6000	501962	135234634	2023-08-11	SRR25602992
SRR25602991	PP_000YJWS	PP_000YJWS.2	Sereewit, J.; Xie, H.; Roychoudhury, P.; Greninger, A. L.	UW Virology, Laboratory Medicine	insdc_ingest_user	Automated Ingest from INSDC/NCBI Virus by Loculus	USA	WA	2023-01	2025-02-03	Monkeypox virus					PRJNA862948	SAMN36937248	GENOMIC	Targeted-Capture	RANDOM PCR	ILLUMINA	Illumina NovaSeq 6000	2448555	676277079	2023-08-11	SRR25602991
SRR25602986	PP_000YJXQ	PP_000YJXQ.2	Sereewit, J.; Xie, H.; Roychoudhury, P.; Greninger, A. L.	UW Virology, Laboratory Medicine	insdc_ingest_user	Automated Ingest from INSDC/NCBI Virus by Loculus	USA	WA	2023-01	2025-02-03	Monkeypox virus					PRJNA862948	SAMN36937249	GENOMIC	Targeted-Capture	RANDOM PCR	ILLUMINA	Illumina NovaSeq 6000	409949	106639842	2023-08-11	SRR25602986
SRR25602985	PP_000YJYN	PP_000YJYN.2	Sereewit, J.; Xie, H.; Roychoudhury, P.; Greninger, A. L.	UW Virology, Laboratory Medicine	insdc_ingest_user	Automated Ingest from INSDC/NCBI Virus by Loculus	USA	WA	2023-01	2025-02-03	Monkeypox virus					PRJNA862948	SAMN36937250	GENOMIC	Targeted-Capture	RANDOM PCR	ILLUMINA	Illumina NovaSeq 6000	2156532	562454773	2023-08-11	SRR25602985
SRR25602984	PP_000YJZL	PP_000YJZL.2	Sereewit, J.; Xie, H.; Roychoudhury, P.; Greninger, A. L.	UW Virology, Laboratory Medicine	insdc_ingest_user	Automated Ingest from INSDC/NCBI Virus by Loculus	USA	WA	2023-01	2025-02-03	Monkeypox virus					PRJNA862948	SAMN36937251	GENOMIC	Targeted-Capture	RANDOM PCR	ILLUMINA	Illumina NovaSeq 6000	546367	144029309	2023-08-11	SRR25602984
SRR25602983	PP_000YK0J	PP_000YK0J.2	Sereewit, J.; Xie, H.; Roychoudhury, P.; Greninger, A. L.	UW Virology, Laboratory Medicine	insdc_ingest_user	Automated Ingest from INSDC/NCBI Virus by Loculus	USA	WA	2023-02	2025-02-03	Monkeypox virus					PRJNA862948	SAMN36937252	GENOMIC	Targeted-Capture	RANDOM PCR	ILLUMINA	Illumina NovaSeq 6000	258424	68027790	2023-08-11	SRR25602983
SRR25602982	PP_000YK1G	PP_000YK1G.2	Sereewit, J.; Xie, H.; Roychoudhury, P.; Greninger, A. L.	UW Virology, Laboratory Medicine	insdc_ingest_user	Automated Ingest from INSDC/NCBI Virus by Loculus	USA	WA	2023-03	2025-02-03	Monkeypox virus					PRJNA862948	SAMN36937253	GENOMIC	Targeted-Capture	RANDOM PCR	ILLUMINA	Illumina NovaSeq 6000	42335	10842755	2023-08-11	SRR25602982
SRR25602981	PP_000YK2E	PP_000YK2E.2	Sereewit, J.; Xie, H.; Roychoudhury, P.; Greninger, A. L.	UW Virology, Laboratory Medicine	insdc_ingest_user	Automated Ingest from INSDC/NCBI Virus by Loculus	USA	WA	2023-01	2025-02-03	Monkeypox virus					PRJNA862948	SAMN36937254	GENOMIC	Targeted-Capture	RANDOM PCR	ILLUMINA	Illumina NovaSeq 6000	1108950	300980404	2023-08-11	SRR25602981
SRR25602980	PP_000YK3C	PP_000YK3C.2	Sereewit, J.; Xie, H.; Roychoudhury, P.; Greninger, A. L.	UW Virology, Laboratory Medicine	insdc_ingest_user	Automated Ingest from INSDC/NCBI Virus by Loculus	USA	WA	2023-03	2025-02-03	Monkeypox virus					PRJNA862948	SAMN36937255	GENOMIC	Targeted-Capture	RANDOM PCR	ILLUMINA	Illumina NovaSeq 6000	1034791	276866577	2023-08-11	SRR25602980
SRR25602979	PP_000YK4A	PP_000YK4A.2	Sereewit, J.; Xie, H.; Roychoudhury, P.; Greninger, A. L.	UW Virology, Laboratory Medicine	insdc_ingest_user	Automated Ingest from INSDC/NCBI Virus by Loculus	USA	WA	2023-01	2025-02-03	Monkeypox virus					PRJNA862948	SAMN36937256	GENOMIC	Targeted-Capture	RANDOM PCR	ILLUMINA	Illumina NovaSeq 6000	381654	100294655	2023-08-11	SRR25602979
SRR25602990	PP_000YK58	PP_000YK58.2	Sereewit, J.; Xie, H.; Roychoudhury, P.; Greninger, A. L.	UW Virology, Laboratory Medicine	insdc_ingest_user	Automated Ingest from INSDC/NCBI Virus by Loculus	USA	WA	2023-03	2025-02-03	Monkeypox virus					PRJNA862948	SAMN36937257	GENOMIC	Targeted-Capture	RANDOM PCR	ILLUMINA	Illumina NovaSeq 6000	408973	107208982	2023-08-11	SRR25602990
SRR25602989	PP_000YK66	PP_000YK66.2	Sereewit, J.; Xie, H.; Roychoudhury, P.; Greninger, A. L.	UW Virology, Laboratory Medicine	insdc_ingest_user	Automated Ingest from INSDC/NCBI Virus by Loculus	USA	WA	2023-04	2025-02-03	Monkeypox virus					PRJNA862948	SAMN36937258	GENOMIC	Targeted-Capture	RANDOM PCR	ILLUMINA	Illumina NovaSeq 6000	397981	107069719	2023-08-11	SRR25602989
SRR25602988	PP_000YK74	PP_000YK74.2	Sereewit, J.; Xie, H.; Roychoudhury, P.; Greninger, A. L.	UW Virology, Laboratory Medicine	insdc_ingest_user	Automated Ingest from INSDC/NCBI Virus by Loculus	USA	WA	2023-02	2025-02-03	Monkeypox virus					PRJNA862948	SAMN36937259	GENOMIC	Targeted-Capture	RANDOM PCR	ILLUMINA	Illumina NovaSeq 6000	264941	68395388	2023-08-11	SRR25602988
SRR25602987	PP_000YK82	PP_000YK82.2	Sereewit, J.; Xie, H.; Roychoudhury, P.; Greninger, A. L.	UW Virology, Laboratory Medicine	insdc_ingest_user	Automated Ingest from INSDC/NCBI Virus by Loculus	USA	WA	2023-06	2025-02-03	Monkeypox virus					PRJNA862948	SAMN36937260	GENOMIC	Targeted-Capture	RANDOM PCR	ILLUMINA	Illumina NovaSeq 6000	145995	39979207	2023-08-11	SRR25602987
SRR25617142	PP_000YK90	PP_000YK90.2	Sereewit, J.; Xie, H.; Roychoudhury, P.; Greninger, A. L.	UW Virology, Laboratory Medicine	insdc_ingest_user	Automated Ingest from INSDC/NCBI Virus by Loculus	USA	WA	2022-09	2025-02-03	Monkeypox virus					PRJNA862948	SAMN36948262	GENOMIC	Targeted-Capture	RANDOM PCR	ILLUMINA	NextSeq 2000	637120	192410240	2023-08-18	SRR25617142
SRR21524965	PP_000YKAY	PP_000YKAY.2	Sereewit, J.; Xie, H.; Roychoudhury, P.; Greninger, A. L.	UW Virology, Laboratory Medicine	insdc_ingest_user	Automated Ingest from INSDC/NCBI Virus by Loculus	USA	WA	2022-08	2025-02-03	Monkeypox virus					PRJNA862948	SAMN30797785	GENOMIC	Targeted-Capture	RANDOM PCR	ILLUMINA	NextSeq 2000	2526153	762898206	2022-09-13	SRR21524965
SRR25635788	PP_000YP0E	PP_000YP0E.2	Sereewit, J.; Xie, H.; Roychoudhury, P.; Greninger, A. L.	UW Virology, Laboratory Medicine	insdc_ingest_user	Automated Ingest from INSDC/NCBI Virus by Loculus	USA	WA	2023-08	2025-02-03	Monkeypox virus					PRJNA862948	SAMN36985983	GENOMIC	Targeted-Capture	RANDOM PCR	ILLUMINA	NextSeq 2000	6487659	1959273018	2023-08-19	SRR25635788
SRR25627347	PP_000YP2A	PP_000YP2A.2	Chung, Y.-S.; Yi, H.; Choi, M.-M.; Kim, J.-W.; Lee, M.; Lee, S.; Sim, G.; Lee, J. H.; Shin, H.; Choi, C.	Korea Disease Control and Prevention Agency, Division of High-risk Pathogens	insdc_ingest_user	Automated Ingest from INSDC/NCBI Virus by Loculus	South Korea		2022-09-02	2025-02-03	Monkeypox virus					PRJNA935252	SAMN36971841	GENOMIC	Targeted-Capture	Hybrid Selection	ILLUMINA	Illumina MiSeq	148890	40112192	2023-08-18	SRR25627347
SRR25627346	PP_000YP38	PP_000YP38.2	Chung, Y.-S.; Yi, H.; Choi, M.-M.; Kim, J.-W.; Lee, M.; Lee, S.; Sim, G.; Lee, J. H.; Shin, H.; Choi, C.	Korea Disease Control and Prevention Agency, Division of High-risk Pathogens	insdc_ingest_user	Automated Ingest from INSDC/NCBI Virus by Loculus	South Korea		2022-11-15	2025-02-03	Monkeypox virus					PRJNA935252	SAMN36971842	GENOMIC	Targeted-Capture	Hybrid Selection	ILLUMINA	Illumina MiSeq	7340394	2187437412	2023-08-18	SRR25627346
SRR25627335	PP_000YP46	PP_000YP46.2	Chung, Y.-S.; Yi, H.; Choi, M.-M.; Kim, J.-W.; Lee, M.; Lee, S.; Sim, G.; Lee, J. H.; Shin, H.; Choi, C.	Korea Disease Control and Prevention Agency, Division of High-risk Pathogens	insdc_ingest_user	Automated Ingest from INSDC/NCBI Virus by Loculus	South Korea		2022-11-22	2025-02-03	Monkeypox virus					PRJNA935252	SAMN36971843	GENOMIC	Targeted-Capture	Hybrid Selection	ILLUMINA	Illumina MiSeq	3073327	915851446	2023-08-18	SRR25627335
SRR25627324	PP_000YP54	PP_000YP54.2	Chung, Y.-S.; Yi, H.; Choi, M.-M.; Kim, J.-W.; Lee, M.; Lee, S.; Sim, G.; Lee, J. H.; Shin, H.; Choi, C.	Korea Disease Control and Prevention Agency, Division of High-risk Pathogens	insdc_ingest_user	Automated Ingest from INSDC/NCBI Virus by Loculus	South Korea		2023-03-13	2025-02-03	Monkeypox virus					PRJNA935252	SAMN36971844	GENOMIC	Targeted-Capture	Hybrid Selection	ILLUMINA	Illumina MiSeq	2767645	783687219	2023-08-18	SRR25627324
SRR25627323	PP_000YP62	PP_000YP62.2	Chung, Y.-S.; Yi, H.; Choi, M.-M.; Kim, J.-W.; Lee, M.; Lee, S.; Sim, G.; Lee, J. H.; Shin, H.; Choi, C.	Korea Disease Control and Prevention Agency, Division of High-risk Pathogens	insdc_ingest_user	Automated Ingest from INSDC/NCBI Virus by Loculus	South Korea		2023-04-06	2025-02-03	Monkeypox virus					PRJNA935252	SAMN36971845	GENOMIC	Targeted-Capture	Hybrid Selection	ILLUMINA	Illumina MiSeq	1889269	524951736	2023-08-18	SRR25627323
SRR25627322	PP_000YP70	PP_000YP70.2	Chung, Y.-S.; Yi, H.; Choi, M.-M.; Kim, J.-W.; Lee, M.; Lee, S.; Sim, G.; Lee, J. H.; Shin, H.; Choi, C.	Korea Disease Control and Prevention Agency, Division of High-risk Pathogens	insdc_ingest_user	Automated Ingest from INSDC/NCBI Virus by Loculus	South Korea		2023-04-10	2025-02-03	Monkeypox virus					PRJNA935252	SAMN36971846	GENOMIC	Targeted-Capture	Hybrid Selection	ILLUMINA	Illumina MiSeq	1506505	417239629	2023-08-18	SRR25627322
SRR25627321	PP_000YP8Y	PP_000YP8Y.2	Chung, Y.-S.; Yi, H.; Choi, M.-M.; Kim, J.-W.; Lee, M.; Lee, S.; Sim, G.; Lee, J. H.; Shin, H.; Choi, C.	Korea Disease Control and Prevention Agency, Division of High-risk Pathogens	insdc_ingest_user	Automated Ingest from INSDC/NCBI Virus by Loculus	South Korea		2023-04-11	2025-02-03	Monkeypox virus					PRJNA935252	SAMN36971847	GENOMIC	Targeted-Capture	Hybrid Selection	ILLUMINA	Illumina MiSeq	415665	121040186	2023-08-18	SRR25627321
SRR25627320	PP_000YP9W	PP_000YP9W.2	Chung, Y.-S.; Yi, H.; Choi, M.-M.; Kim, J.-W.; Lee, M.; Lee, S.; Sim, G.; Lee, J. H.; Shin, H.; Choi, C.	Korea Disease Control and Prevention Agency, Division of High-risk Pathogens	insdc_ingest_user	Automated Ingest from INSDC/NCBI Virus by Loculus	South Korea		2023-04-12	2025-02-03	Monkeypox virus					PRJNA935252	SAMN36971848	GENOMIC	Targeted-Capture	Hybrid Selection	ILLUMINA	Illumina MiSeq	1305382	380959057	2023-08-18	SRR25627320
SRR25627319	PP_000YPAU	PP_000YPAU.2	Chung, Y.-S.; Yi, H.; Choi, M.-M.; Kim, J.-W.; Lee, M.; Lee, S.; Sim, G.; Lee, J. H.; Shin, H.; Choi, C.	Korea Disease Control and Prevention Agency, Division of High-risk Pathogens	insdc_ingest_user	Automated Ingest from INSDC/NCBI Virus by Loculus	South Korea		2023-04-13	2025-02-03	Monkeypox virus					PRJNA935252	SAMN36971849	GENOMIC	Targeted-Capture	Hybrid Selection	ILLUMINA	Illumina MiSeq	1915395	545930212	2023-08-18	SRR25627319
SRR25627318	PP_000YPBS	PP_000YPBS.2	Chung, Y.-S.; Yi, H.; Choi, M.-M.; Kim, J.-W.; Lee, M.; Lee, S.; Sim, G.; Lee, J. H.; Shin, H.; Choi, C.	Korea Disease Control and Prevention Agency, Division of High-risk Pathogens	insdc_ingest_user	Automated Ingest from INSDC/NCBI Virus by Loculus	South Korea		2023-04-14	2025-02-03	Monkeypox virus					PRJNA935252	SAMN36971850	GENOMIC	Targeted-Capture	Hybrid Selection	ILLUMINA	Illumina MiSeq	1549214	437946450	2023-08-18	SRR25627318
SRR25627345	PP_000YPCQ	PP_000YPCQ.2	Chung, Y.-S.; Yi, H.; Choi, M.-M.; Kim, J.-W.; Lee, M.; Lee, S.; Sim, G.; Lee, J. H.; Shin, H.; Choi, C.	Korea Disease Control and Prevention Agency, Division of High-risk Pathogens	insdc_ingest_user	Automated Ingest from INSDC/NCBI Virus by Loculus	South Korea		2023-04-15	2025-02-03	Monkeypox virus					PRJNA935252	SAMN36971851	GENOMIC	Targeted-Capture	Hybrid Selection	ILLUMINA	Illumina MiSeq	3601142	905371089	2023-08-18	SRR25627345
SRR25627344	PP_000YPDN	PP_000YPDN.2	Chung, Y.-S.; Yi, H.; Choi, M.-M.; Kim, J.-W.; Lee, M.; Lee, S.; Sim, G.; Lee, J. H.; Shin, H.; Choi, C.	Korea Disease Control and Prevention Agency, Division of High-risk Pathogens	insdc_ingest_user	Automated Ingest from INSDC/NCBI Virus by Loculus	South Korea		2023-04-15	2025-02-03	Monkeypox virus					PRJNA935252	SAMN36971852	GENOMIC	Targeted-Capture	Hybrid Selection	ILLUMINA	Illumina MiSeq	464209	128914738	2023-08-18	SRR25627344
SRR25627343	PP_000YPEL	PP_000YPEL.2	Chung, Y.-S.; Yi, H.; Choi, M.-M.; Kim, J.-W.; Lee, M.; Lee, S.; Sim, G.; Lee, J. H.; Shin, H.; Choi, C.	Korea Disease Control and Prevention Agency, Division of High-risk Pathogens	insdc_ingest_user	Automated Ingest from INSDC/NCBI Virus by Loculus	South Korea		2023-04-17	2025-02-03	Monkeypox virus					PRJNA935252	SAMN36971853	GENOMIC	AMPLICON	PCR	ION_TORRENT	Ion Torrent S5	1752664	255505381	2023-08-18	SRR25627343
SRR25627342	PP_000YPFJ	PP_000YPFJ.2	Chung, Y.-S.; Yi, H.; Choi, M.-M.; Kim, J.-W.; Lee, M.; Lee, S.; Sim, G.; Lee, J. H.; Shin, H.; Choi, C.	Korea Disease Control and Prevention Agency, Division of High-risk Pathogens	insdc_ingest_user	Automated Ingest from INSDC/NCBI Virus by Loculus	South Korea		2023-04-18	2025-02-03	Monkeypox virus					PRJNA935252	SAMN36971854	GENOMIC	Targeted-Capture	Hybrid Selection	ILLUMINA	Illumina MiSeq	1511334	427096130	2023-08-18	SRR25627342
SRR25627341	PP_000YPGG	PP_000YPGG.2	Chung, Y.-S.; Yi, H.; Choi, M.-M.; Kim, J.-W.; Lee, M.; Lee, S.; Sim, G.; Lee, J. H.; Shin, H.; Choi, C.	Korea Disease Control and Prevention Agency, Division of High-risk Pathogens	insdc_ingest_user	Automated Ingest from INSDC/NCBI Virus by Loculus	South Korea		2023-04-18	2025-02-03	Monkeypox virus					PRJNA935252	SAMN36971855	GENOMIC	Targeted-Capture	Hybrid Selection	ILLUMINA	Illumina MiSeq	1633589	450957654	2023-08-18	SRR25627341
SRR25627340	PP_000YPHD	PP_000YPHD.2	Chung, Y.-S.; Yi, H.; Choi, M.-M.; Kim, J.-W.; Lee, M.; Lee, S.; Sim, G.; Lee, J. H.; Shin, H.; Choi, C.	Korea Disease Control and Prevention Agency, Division of High-risk Pathogens	insdc_ingest_user	Automated Ingest from INSDC/NCBI Virus by Loculus	South Korea		2023-04-18	2025-02-03	Monkeypox virus					PRJNA935252	SAMN36971856	GENOMIC	AMPLICON	PCR	ION_TORRENT	Ion Torrent S5	1850417	278773234	2023-08-18	SRR25627340
SRR25627339	PP_000YPJB	PP_000YPJB.2	Chung, Y.-S.; Yi, H.; Choi, M.-M.; Kim, J.-W.; Lee, M.; Lee, S.; Sim, G.; Lee, J. H.; Shin, H.; Choi, C.	Korea Disease Control and Prevention Agency, Division of High-risk Pathogens	insdc_ingest_user	Automated Ingest from INSDC/NCBI Virus by Loculus	South Korea		2023-04-18	2025-02-03	Monkeypox virus					PRJNA935252	SAMN36971857	GENOMIC	Targeted-Capture	Hybrid Selection	ILLUMINA	Illumina MiSeq	1502574	434454401	2023-08-18	SRR25627339
SRR25627338	PP_000YPK9	PP_000YPK9.2	Chung, Y.-S.; Yi, H.; Choi, M.-M.; Kim, J.-W.; Lee, M.; Lee, S.; Sim, G.; Lee, J. H.; Shin, H.; Choi, C.	Korea Disease Control and Prevention Agency, Division of High-risk Pathogens	insdc_ingest_user	Automated Ingest from INSDC/NCBI Virus by Loculus	South Korea		2023-04-19	2025-02-03	Monkeypox virus					PRJNA935252	SAMN36971858	GENOMIC	Targeted-Capture	Hybrid Selection	ILLUMINA	Illumina MiSeq	3098318	886246945	2023-08-18	SRR25627338
SRR25627337	PP_000YPL7	PP_000YPL7.2	Chung, Y.-S.; Yi, H.; Choi, M.-M.; Kim, J.-W.; Lee, M.; Lee, S.; Sim, G.; Lee, J. H.; Shin, H.; Choi, C.	Korea Disease Control and Prevention Agency, Division of High-risk Pathogens	insdc_ingest_user	Automated Ingest from INSDC/NCBI Virus by Loculus	South Korea		2023-04-19	2025-02-03	Monkeypox virus					PRJNA935252	SAMN36971859	GENOMIC	Targeted-Capture	Hybrid Selection	ILLUMINA	Illumina MiSeq	1479969	410270460	2023-08-18	SRR25627337
SRR25627336	PP_000YPM5	PP_000YPM5.2	Chung, Y.-S.; Yi, H.; Choi, M.-M.; Kim, J.-W.; Lee, M.; Lee, S.; Sim, G.; Lee, J. H.; Shin, H.; Choi, C.	Korea Disease Control and Prevention Agency, Division of High-risk Pathogens	insdc_ingest_user	Automated Ingest from INSDC/NCBI Virus by Loculus	South Korea		2023-04-21	2025-02-03	Monkeypox virus					PRJNA935252	SAMN36971860	GENOMIC	Targeted-Capture	Hybrid Selection	ILLUMINA	Illumina MiSeq	773036	225529255	2023-08-18	SRR25627336
SRR25627334	PP_000YPN3	PP_000YPN3.2	Chung, Y.-S.; Yi, H.; Choi, M.-M.; Kim, J.-W.; Lee, M.; Lee, S.; Sim, G.; Lee, J. H.; Shin, H.; Choi, C.	Korea Disease Control and Prevention Agency, Division of High-risk Pathogens	insdc_ingest_user	Automated Ingest from INSDC/NCBI Virus by Loculus	South Korea		2023-04-21	2025-02-03	Monkeypox virus					PRJNA935252	SAMN36971861	GENOMIC	Targeted-Capture	Hybrid Selection	ILLUMINA	Illumina MiSeq	1246961	361074093	2023-08-18	SRR25627334
SRR25627333	PP_000YPP1	PP_000YPP1.2	Chung, Y.-S.; Yi, H.; Choi, M.-M.; Kim, J.-W.; Lee, M.; Lee, S.; Sim, G.; Lee, J. H.; Shin, H.; Choi, C.	Korea Disease Control and Prevention Agency, Division of High-risk Pathogens	insdc_ingest_user	Automated Ingest from INSDC/NCBI Virus by Loculus	South Korea		2023-04-21	2025-02-03	Monkeypox virus					PRJNA935252	SAMN36971862	GENOMIC	Targeted-Capture	Hybrid Selection	ILLUMINA	Illumina MiSeq	239481	68486348	2023-08-18	SRR25627333
SRR25627332	PP_000YPQZ	PP_000YPQZ.2	Chung, Y.-S.; Yi, H.; Choi, M.-M.; Kim, J.-W.; Lee, M.; Lee, S.; Sim, G.; Lee, J. H.; Shin, H.; Choi, C.	Korea Disease Control and Prevention Agency, Division of High-risk Pathogens	insdc_ingest_user	Automated Ingest from INSDC/NCBI Virus by Loculus	South Korea		2023-04-22	2025-02-03	Monkeypox virus					PRJNA935252	SAMN36971863	GENOMIC	Targeted-Capture	Hybrid Selection	ILLUMINA	Illumina MiSeq	465160	74018198	2023-08-18	SRR25627332
SRR25627331	PP_000YPRX	PP_000YPRX.2	Chung, Y.-S.; Yi, H.; Choi, M.-M.; Kim, J.-W.; Lee, M.; Lee, S.; Sim, G.; Lee, J. H.; Shin, H.; Choi, C.	Korea Disease Control and Prevention Agency, Division of High-risk Pathogens	insdc_ingest_user	Automated Ingest from INSDC/NCBI Virus by Loculus	South Korea		2023-04-22	2025-02-03	Monkeypox virus					PRJNA935252	SAMN36971864	GENOMIC	Targeted-Capture	Hybrid Selection	ILLUMINA	Illumina MiSeq	902695	253522325	2023-08-18	SRR25627331
SRR25627330	PP_000YPSV	PP_000YPSV.2	Chung, Y.-S.; Yi, H.; Choi, M.-M.; Kim, J.-W.; Lee, M.; Lee, S.; Sim, G.; Lee, J. H.; Shin, H.; Choi, C.	Korea Disease Control and Prevention Agency, Division of High-risk Pathogens	insdc_ingest_user	Automated Ingest from INSDC/NCBI Virus by Loculus	South Korea		2023-04-22	2025-02-03	Monkeypox virus					PRJNA935252	SAMN36971865	GENOMIC	Targeted-Capture	Hybrid Selection	ILLUMINA	Illumina MiSeq	1988434	565452239	2023-08-18	SRR25627330
SRR25627329	PP_000YPTT	PP_000YPTT.2	Chung, Y.-S.; Yi, H.; Choi, M.-M.; Kim, J.-W.; Lee, M.; Lee, S.; Sim, G.; Lee, J. H.; Shin, H.; Choi, C.	Korea Disease Control and Prevention Agency, Division of High-risk Pathogens	insdc_ingest_user	Automated Ingest from INSDC/NCBI Virus by Loculus	South Korea		2023-04-23	2025-02-03	Monkeypox virus					PRJNA935252	SAMN36971866	GENOMIC	Targeted-Capture	Hybrid Selection	ILLUMINA	Illumina MiSeq	832145	241209287	2023-08-18	SRR25627329
SRR25627328	PP_000YPUR	PP_000YPUR.2	Chung, Y.-S.; Yi, H.; Choi, M.-M.; Kim, J.-W.; Lee, M.; Lee, S.; Sim, G.; Lee, J. H.; Shin, H.; Choi, C.	Korea Disease Control and Prevention Agency, Division of High-risk Pathogens	insdc_ingest_user	Automated Ingest from INSDC/NCBI Virus by Loculus	South Korea		2023-04-23	2025-02-03	Monkeypox virus					PRJNA935252	SAMN36971867	GENOMIC	Targeted-Capture	Hybrid Selection	ILLUMINA	Illumina MiSeq	776837	225227711	2023-08-18	SRR25627328
SRR25627327	PP_000YPVP	PP_000YPVP.2	Chung, Y.-S.; Yi, H.; Choi, M.-M.; Kim, J.-W.; Lee, M.; Lee, S.; Sim, G.; Lee, J. H.; Shin, H.; Choi, C.	Korea Disease Control and Prevention Agency, Division of High-risk Pathogens	insdc_ingest_user	Automated Ingest from INSDC/NCBI Virus by Loculus	South Korea		2023-04-25	2025-02-03	Monkeypox virus					PRJNA935252	SAMN36971868	GENOMIC	Targeted-Capture	Hybrid Selection	ILLUMINA	Illumina MiSeq	447458	126897633	2023-08-18	SRR25627327
SRR25627326	PP_000YPWM	PP_000YPWM.2	Chung, Y.-S.; Yi, H.; Choi, M.-M.; Kim, J.-W.; Lee, M.; Lee, S.; Sim, G.; Lee, J. H.; Shin, H.; Choi, C.	Korea Disease Control and Prevention Agency, Division of High-risk Pathogens	insdc_ingest_user	Automated Ingest from INSDC/NCBI Virus by Loculus	South Korea		2023-04-25	2025-02-03	Monkeypox virus					PRJNA935252	SAMN36971869	GENOMIC	Targeted-Capture	Hybrid Selection	ILLUMINA	Illumina MiSeq	1619151	269626758	2023-08-18	SRR25627326
SRR25627325	PP_000YPXK	PP_000YPXK.2	Chung, Y.-S.; Yi, H.; Choi, M.-M.; Kim, J.-W.; Lee, M.; Lee, S.; Sim, G.; Lee, J. H.; Shin, H.; Choi, C.	Korea Disease Control and Prevention Agency, Division of High-risk Pathogens	insdc_ingest_user	Automated Ingest from INSDC/NCBI Virus by Loculus	South Korea		2023-04-25	2025-02-03	Monkeypox virus					PRJNA935252	SAMN36971870	GENOMIC	Targeted-Capture	Hybrid Selection	ILLUMINA	Illumina MiSeq	498707	145534294	2023-08-18	SRR25627325
SRR25617141	PP_000YWPU	PP_000YWPU.2	Sereewit, J.; Xie, H.; Roychoudhury, P.; Greninger, A. L.	UW Virology, Laboratory Medicine	insdc_ingest_user	Automated Ingest from INSDC/NCBI Virus by Loculus	USA	WA	2022-11	2025-02-03	Monkeypox virus					PRJNA862948	SAMN36948263	GENOMIC	Targeted-Capture	RANDOM PCR	ILLUMINA	NextSeq 2000	652053	196920006	2023-08-18	SRR25617141
SRR26344739	PP_000YX9N	PP_000YX9N.2	Sereewit, J.; Xie, H.; Roychoudhury, P.; Greninger, A. L.	UW Virology, Laboratory Medicine	insdc_ingest_user	Automated Ingest from INSDC/NCBI Virus by Loculus	USA	Washington	2023-09	2025-02-03	Monkeypox virus					PRJNA862948	SAMN37756265	GENOMIC	Targeted-Capture	RANDOM PCR	ILLUMINA	NextSeq 2000	532476	157370958	2023-10-12	SRR26344739
SRR26344738	PP_000YXAL	PP_000YXAL.2	Sereewit, J.; Xie, H.; Roychoudhury, P.; Greninger, A. L.	UW Virology, Laboratory Medicine	insdc_ingest_user	Automated Ingest from INSDC/NCBI Virus by Loculus	USA	Washington	2023-09	2025-02-03	Monkeypox virus					PRJNA862948	SAMN37756266	GENOMIC	Targeted-Capture	RANDOM PCR	ILLUMINA	NextSeq 2000	1217128	355696048	2023-10-12	SRR26344738
SRR26344737	PP_000YXBJ	PP_000YXBJ.2	Sereewit, J.; Xie, H.; Roychoudhury, P.; Greninger, A. L.	UW Virology, Laboratory Medicine	insdc_ingest_user	Automated Ingest from INSDC/NCBI Virus by Loculus	USA	Washington	2023-09	2025-02-03	Monkeypox virus					PRJNA862948	SAMN37756267	GENOMIC	Targeted-Capture	RANDOM PCR	ILLUMINA	NextSeq 2000	178194	53437183	2023-10-12	SRR26344737
SRR26344736	PP_000YXCG	PP_000YXCG.2	Sereewit, J.; Xie, H.; Roychoudhury, P.; Greninger, A. L.	UW Virology, Laboratory Medicine	insdc_ingest_user	Automated Ingest from INSDC/NCBI Virus by Loculus	USA	Washington	2023-09	2025-02-03	Monkeypox virus					PRJNA862948	SAMN37756268	GENOMIC	Targeted-Capture	RANDOM PCR	ILLUMINA	NextSeq 2000	607490	176668232	2023-10-12	SRR26344736
SRR26344735	PP_000YXDE	PP_000YXDE.2	Sereewit, J.; Xie, H.; Roychoudhury, P.; Greninger, A. L.	UW Virology, Laboratory Medicine	insdc_ingest_user	Automated Ingest from INSDC/NCBI Virus by Loculus	USA	Washington	2023-09	2025-02-03	Monkeypox virus					PRJNA862948	SAMN37756269	GENOMIC	Targeted-Capture	RANDOM PCR	ILLUMINA	NextSeq 2000	408378	116749812	2023-10-12	SRR26344735
SRR26661253	PP_000Z0KW	PP_000Z0KW.2	Sereewit, J.; Nunley, E. B.; Xie, H.; Roychoudhury, P.; Greninger, A. L.	University of Washington Dept. Laboratory Medicine and Pathology, Virology Division	insdc_ingest_user	Automated Ingest from INSDC/NCBI Virus by Loculus	USA	Washington	2023-10	2025-02-03	Monkeypox virus					PRJNA862948	SAMN38084173	GENOMIC	Targeted-Capture	RANDOM PCR	ILLUMINA	NextSeq 2000	978371	252104071	2023-11-04	SRR26661253
SRR26661252	PP_000Z0LU	PP_000Z0LU.2	Sereewit, J.; Nunley, E. B.; Xie, H.; Roychoudhury, P.; Greninger, A. L.	University of Washington Dept. Laboratory Medicine and Pathology, Virology Division	insdc_ingest_user	Automated Ingest from INSDC/NCBI Virus by Loculus	USA	Washington	2023-10	2025-02-03	Monkeypox virus					PRJNA862948	SAMN38084174	GENOMIC	Targeted-Capture	RANDOM PCR	ILLUMINA	NextSeq 2000	2613060	703612759	2023-11-04	SRR26661252
SRR26661250	PP_000Z0MS	PP_000Z0MS.2	Sereewit, J.; Nunley, E. B.; Xie, H.; Roychoudhury, P.; Greninger, A. L.	University of Washington Dept. Laboratory Medicine and Pathology, Virology Division	insdc_ingest_user	Automated Ingest from INSDC/NCBI Virus by Loculus	USA	Washington	2023-10	2025-02-03	Monkeypox virus					PRJNA862948	SAMN38084175	GENOMIC	Targeted-Capture	RANDOM PCR	ILLUMINA	NextSeq 2000	1215358	312845461	2023-11-04	SRR26661250
SRR26661249	PP_000Z0NQ	PP_000Z0NQ.2	Sereewit, J.; Nunley, E. B.; Xie, H.; Roychoudhury, P.; Greninger, A. L.	University of Washington Dept. Laboratory Medicine and Pathology, Virology Division	insdc_ingest_user	Automated Ingest from INSDC/NCBI Virus by Loculus	USA	Washington	2023-10	2025-02-03	Monkeypox virus					PRJNA862948	SAMN38084176	GENOMIC	Targeted-Capture	RANDOM PCR	ILLUMINA	NextSeq 2000	1168697	341103003	2023-11-04	SRR26661249
SRR26661248	PP_000Z0PN	PP_000Z0PN.2	Sereewit, J.; Nunley, E. B.; Xie, H.; Roychoudhury, P.; Greninger, A. L.	University of Washington Dept. Laboratory Medicine and Pathology, Virology Division	insdc_ingest_user	Automated Ingest from INSDC/NCBI Virus by Loculus	USA	Washington	2023-10	2025-02-03	Monkeypox virus					PRJNA862948	SAMN38084177	GENOMIC	Targeted-Capture	RANDOM PCR	ILLUMINA	NextSeq 2000	728374	208831123	2023-11-04	SRR26661248
SRR26661247	PP_000Z0QL	PP_000Z0QL.2	Sereewit, J.; Nunley, E. B.; Xie, H.; Roychoudhury, P.; Greninger, A. L.	University of Washington Dept. Laboratory Medicine and Pathology, Virology Division	insdc_ingest_user	Automated Ingest from INSDC/NCBI Virus by Loculus	USA	Washington	2023-10	2025-02-03	Monkeypox virus					PRJNA862948	SAMN38084178	GENOMIC	Targeted-Capture	RANDOM PCR	ILLUMINA	NextSeq 2000	3380106	944250564	2023-11-04	SRR26661247
SRR26661246	PP_000Z0RJ	PP_000Z0RJ.2	Sereewit, J.; Nunley, E. B.; Xie, H.; Roychoudhury, P.; Greninger, A. L.	University of Washington Dept. Laboratory Medicine and Pathology, Virology Division	insdc_ingest_user	Automated Ingest from INSDC/NCBI Virus by Loculus	USA	Washington	2023-10	2025-02-03	Monkeypox virus					PRJNA862948	SAMN38084179	GENOMIC	Targeted-Capture	RANDOM PCR	ILLUMINA	NextSeq 2000	362882	103215438	2023-11-04	SRR26661246
SRR26661245	PP_000Z0SG	PP_000Z0SG.2	Sereewit, J.; Nunley, E. B.; Xie, H.; Roychoudhury, P.; Greninger, A. L.	University of Washington Dept. Laboratory Medicine and Pathology, Virology Division	insdc_ingest_user	Automated Ingest from INSDC/NCBI Virus by Loculus	USA	Washington	2023-10	2025-02-03	Monkeypox virus					PRJNA862948	SAMN38084180	GENOMIC	Targeted-Capture	RANDOM PCR	ILLUMINA	NextSeq 2000	1669702	483282674	2023-11-04	SRR26661245
SRR26661244	PP_000Z0TE	PP_000Z0TE.2	Sereewit, J.; Nunley, E. B.; Xie, H.; Roychoudhury, P.; Greninger, A. L.	University of Washington Dept. Laboratory Medicine and Pathology, Virology Division	insdc_ingest_user	Automated Ingest from INSDC/NCBI Virus by Loculus	USA	Washington	2023-10	2025-02-03	Monkeypox virus					PRJNA862948	SAMN38084181	GENOMIC	Targeted-Capture	RANDOM PCR	ILLUMINA	NextSeq 2000	1226366	351831689	2023-11-04	SRR26661244
SRR26661243	PP_000Z0UC	PP_000Z0UC.2	Sereewit, J.; Nunley, E. B.; Xie, H.; Roychoudhury, P.; Greninger, A. L.	University of Washington Dept. Laboratory Medicine and Pathology, Virology Division	insdc_ingest_user	Automated Ingest from INSDC/NCBI Virus by Loculus	USA	Washington	2023-10	2025-02-03	Monkeypox virus					PRJNA862948	SAMN38084182	GENOMIC	Targeted-Capture	RANDOM PCR	ILLUMINA	NextSeq 2000	1380997	402112977	2023-11-04	SRR26661243
SRR26661251	PP_000Z0VA	PP_000Z0VA.2	Sereewit, J.; Nunley, E. B.; Xie, H.; Roychoudhury, P.; Greninger, A. L.	University of Washington Dept. Laboratory Medicine and Pathology, Virology Division	insdc_ingest_user	Automated Ingest from INSDC/NCBI Virus by Loculus	USA	Washington	2023-10	2025-02-03	Monkeypox virus					PRJNA862948	SAMN38084183	GENOMIC	Targeted-Capture	RANDOM PCR	ILLUMINA	NextSeq 2000	2248507	667245305	2023-11-04	SRR26661251
SRR26937653	PP_000Z2JW	PP_000Z2JW.2	Chung, Y.-S.; Yi, H.; Choi, M.-M.; Kim, J.-W.; Lee, M.; Lee, S. E.; Sim, G.; Lee, J. H.; Shin, H.; Choi, C.-H.	Korea Disease Control and Prevention Agency, Division of High-risk Pathogens	insdc_ingest_user	Automated Ingest from INSDC/NCBI Virus by Loculus	South Korea		2023-05-03	2025-02-03	Monkeypox virus					PRJNA935252	SAMN38395318	GENOMIC	Targeted-Capture	Hybrid Selection	ILLUMINA	Illumina MiSeq	1360609	308205035	2023-11-26	SRR26937653
SRR26937652	PP_000Z2KU	PP_000Z2KU.2	Chung, Y.-S.; Yi, H.; Choi, M.-M.; Kim, J.-W.; Lee, M.; Lee, S. E.; Sim, G.; Lee, J. H.; Shin, H.; Choi, C.-H.	Korea Disease Control and Prevention Agency, Division of High-risk Pathogens	insdc_ingest_user	Automated Ingest from INSDC/NCBI Virus by Loculus	South Korea		2023-06-01	2025-02-03	Monkeypox virus					PRJNA935252	SAMN38395319	GENOMIC	Targeted-Capture	Hybrid Selection	ILLUMINA	Illumina MiSeq	1043055	236678595	2023-11-26	SRR26937652
SRR26937641	PP_000Z2LS	PP_000Z2LS.2	Chung, Y.-S.; Yi, H.; Choi, M.-M.; Kim, J.-W.; Lee, M.; Lee, S. E.; Sim, G.; Lee, J. H.; Shin, H.; Choi, C.-H.	Korea Disease Control and Prevention Agency, Division of High-risk Pathogens	insdc_ingest_user	Automated Ingest from INSDC/NCBI Virus by Loculus	South Korea		2023-06-23	2025-02-03	Monkeypox virus					PRJNA935252	SAMN38395320	GENOMIC	Targeted-Capture	Hybrid Selection	ILLUMINA	Illumina MiSeq	1833167	530245393	2023-11-26	SRR26937641
SRR26937636	PP_000Z2MQ	PP_000Z2MQ.2	Chung, Y.-S.; Yi, H.; Choi, M.-M.; Kim, J.-W.; Lee, M.; Lee, S. E.; Sim, G.; Lee, J. H.; Shin, H.; Choi, C.-H.	Korea Disease Control and Prevention Agency, Division of High-risk Pathogens	insdc_ingest_user	Automated Ingest from INSDC/NCBI Virus by Loculus	South Korea		2023-09-15	2025-02-03	Monkeypox virus					PRJNA935252	SAMN38395321	GENOMIC	Targeted-Capture	Hybrid Selection	ILLUMINA	Illumina MiSeq	5056963	1275432671	2023-11-26	SRR26937636
SRR26937635	PP_000Z2NN	PP_000Z2NN.2	Chung, Y.-S.; Yi, H.; Choi, M.-M.; Kim, J.-W.; Lee, M.; Lee, S. E.; Sim, G.; Lee, J. H.; Shin, H.; Choi, C.-H.	Korea Disease Control and Prevention Agency, Division of High-risk Pathogens	insdc_ingest_user	Automated Ingest from INSDC/NCBI Virus by Loculus	South Korea		2023-06-23	2025-02-03	Monkeypox virus					PRJNA935252	SAMN38395322	GENOMIC	Targeted-Capture	Hybrid Selection	ILLUMINA	Illumina MiSeq	3333187	962373747	2023-11-26	SRR26937635
SRR26937634	PP_000Z2PL	PP_000Z2PL.2	Chung, Y.-S.; Yi, H.; Choi, M.-M.; Kim, J.-W.; Lee, M.; Lee, S. E.; Sim, G.; Lee, J. H.; Shin, H.; Choi, C.-H.	Korea Disease Control and Prevention Agency, Division of High-risk Pathogens	insdc_ingest_user	Automated Ingest from INSDC/NCBI Virus by Loculus	South Korea		2023-07-05	2025-02-03	Monkeypox virus					PRJNA935252	SAMN38395323	GENOMIC	Targeted-Capture	Hybrid Selection	ILLUMINA	Illumina MiSeq	1480415	391868488	2023-11-26	SRR26937634
SRR26937633	PP_000Z2QJ	PP_000Z2QJ.2	Chung, Y.-S.; Yi, H.; Choi, M.-M.; Kim, J.-W.; Lee, M.; Lee, S. E.; Sim, G.; Lee, J. H.; Shin, H.; Choi, C.-H.	Korea Disease Control and Prevention Agency, Division of High-risk Pathogens	insdc_ingest_user	Automated Ingest from INSDC/NCBI Virus by Loculus	South Korea		2023-07-05	2025-02-03	Monkeypox virus					PRJNA935252	SAMN38395324	GENOMIC	Targeted-Capture	Hybrid Selection	ILLUMINA	Illumina MiSeq	2132616	591712617	2023-11-26	SRR26937633
SRR26937632	PP_000Z2RG	PP_000Z2RG.2	Chung, Y.-S.; Yi, H.; Choi, M.-M.; Kim, J.-W.; Lee, M.; Lee, S. E.; Sim, G.; Lee, J. H.; Shin, H.; Choi, C.-H.	Korea Disease Control and Prevention Agency, Division of High-risk Pathogens	insdc_ingest_user	Automated Ingest from INSDC/NCBI Virus by Loculus	South Korea		2023-07-05	2025-02-03	Monkeypox virus					PRJNA935252	SAMN38395325	GENOMIC	Targeted-Capture	Hybrid Selection	ILLUMINA	Illumina MiSeq	1550518	416572065	2023-11-26	SRR26937632
SRR26937631	PP_000Z2SE	PP_000Z2SE.2	Chung, Y.-S.; Yi, H.; Choi, M.-M.; Kim, J.-W.; Lee, M.; Lee, S. E.; Sim, G.; Lee, J. H.; Shin, H.; Choi, C.-H.	Korea Disease Control and Prevention Agency, Division of High-risk Pathogens	insdc_ingest_user	Automated Ingest from INSDC/NCBI Virus by Loculus	South Korea		2023-07-05	2025-02-03	Monkeypox virus					PRJNA935252	SAMN38395326	GENOMIC	Targeted-Capture	Hybrid Selection	ILLUMINA	Illumina MiSeq	2159234	631113766	2023-11-26	SRR26937631
SRR26937630	PP_000Z2TC	PP_000Z2TC.2	Chung, Y.-S.; Yi, H.; Choi, M.-M.; Kim, J.-W.; Lee, M.; Lee, S. E.; Sim, G.; Lee, J. H.; Shin, H.; Choi, C.-H.	Korea Disease Control and Prevention Agency, Division of High-risk Pathogens	insdc_ingest_user	Automated Ingest from INSDC/NCBI Virus by Loculus	South Korea		2023-09-15	2025-02-03	Monkeypox virus					PRJNA935252	SAMN38395327	GENOMIC	Targeted-Capture	Hybrid Selection	ILLUMINA	Illumina MiSeq	3665508	938019390	2023-11-26	SRR26937630
SRR26937651	PP_000Z2UA	PP_000Z2UA.2	Chung, Y.-S.; Yi, H.; Choi, M.-M.; Kim, J.-W.; Lee, M.; Lee, S. E.; Sim, G.; Lee, J. H.; Shin, H.; Choi, C.-H.	Korea Disease Control and Prevention Agency, Division of High-risk Pathogens	insdc_ingest_user	Automated Ingest from INSDC/NCBI Virus by Loculus	South Korea		2023-07-05	2025-02-03	Monkeypox virus					PRJNA935252	SAMN38395328	GENOMIC	Targeted-Capture	Hybrid Selection	ILLUMINA	Illumina MiSeq	685423	186281556	2023-11-26	SRR26937651
SRR26937650	PP_000Z2V8	PP_000Z2V8.2	Chung, Y.-S.; Yi, H.; Choi, M.-M.; Kim, J.-W.; Lee, M.; Lee, S. E.; Sim, G.; Lee, J. H.; Shin, H.; Choi, C.-H.	Korea Disease Control and Prevention Agency, Division of High-risk Pathogens	insdc_ingest_user	Automated Ingest from INSDC/NCBI Virus by Loculus	South Korea		2023-07-05	2025-02-03	Monkeypox virus					PRJNA935252	SAMN38395329	GENOMIC	Targeted-Capture	Hybrid Selection	ILLUMINA	Illumina MiSeq	2573986	710533482	2023-11-26	SRR26937650
SRR26937649	PP_000Z2W6	PP_000Z2W6.2	Chung, Y.-S.; Yi, H.; Choi, M.-M.; Kim, J.-W.; Lee, M.; Lee, S. E.; Sim, G.; Lee, J. H.; Shin, H.; Choi, C.-H.	Korea Disease Control and Prevention Agency, Division of High-risk Pathogens	insdc_ingest_user	Automated Ingest from INSDC/NCBI Virus by Loculus	South Korea		2023-07-05	2025-02-03	Monkeypox virus					PRJNA935252	SAMN38395330	GENOMIC	Targeted-Capture	Hybrid Selection	ILLUMINA	Illumina MiSeq	1308551	352791094	2023-11-26	SRR26937649
SRR26937648	PP_000Z2X4	PP_000Z2X4.2	Chung, Y.-S.; Yi, H.; Choi, M.-M.; Kim, J.-W.; Lee, M.; Lee, S. E.; Sim, G.; Lee, J. H.; Shin, H.; Choi, C.-H.	Korea Disease Control and Prevention Agency, Division of High-risk Pathogens	insdc_ingest_user	Automated Ingest from INSDC/NCBI Virus by Loculus	South Korea		2023-07-05	2025-02-03	Monkeypox virus					PRJNA935252	SAMN38395331	GENOMIC	Targeted-Capture	Hybrid Selection	ILLUMINA	Illumina MiSeq	2722842	780340015	2023-11-26	SRR26937648
SRR26937647	PP_000Z2Y2	PP_000Z2Y2.2	Chung, Y.-S.; Yi, H.; Choi, M.-M.; Kim, J.-W.; Lee, M.; Lee, S. E.; Sim, G.; Lee, J. H.; Shin, H.; Choi, C.-H.	Korea Disease Control and Prevention Agency, Division of High-risk Pathogens	insdc_ingest_user	Automated Ingest from INSDC/NCBI Virus by Loculus	South Korea		2023-07-05	2025-02-03	Monkeypox virus					PRJNA935252	SAMN38395332	GENOMIC	Targeted-Capture	Hybrid Selection	ILLUMINA	Illumina MiSeq	2178239	593154438	2023-11-26	SRR26937647
SRR26937646	PP_000Z2Z0	PP_000Z2Z0.2	Chung, Y.-S.; Yi, H.; Choi, M.-M.; Kim, J.-W.; Lee, M.; Lee, S. E.; Sim, G.; Lee, J. H.; Shin, H.; Choi, C.-H.	Korea Disease Control and Prevention Agency, Division of High-risk Pathogens	insdc_ingest_user	Automated Ingest from INSDC/NCBI Virus by Loculus	South Korea		2023-09-15	2025-02-03	Monkeypox virus					PRJNA935252	SAMN38395333	GENOMIC	Targeted-Capture	Hybrid Selection	ILLUMINA	Illumina MiSeq	2911916	736777159	2023-11-26	SRR26937646
SRR26937645	PP_000Z30Y	PP_000Z30Y.2	Chung, Y.-S.; Yi, H.; Choi, M.-M.; Kim, J.-W.; Lee, M.; Lee, S. E.; Sim, G.; Lee, J. H.; Shin, H.; Choi, C.-H.	Korea Disease Control and Prevention Agency, Division of High-risk Pathogens	insdc_ingest_user	Automated Ingest from INSDC/NCBI Virus by Loculus	South Korea		2023-07-12	2025-02-03	Monkeypox virus					PRJNA935252	SAMN38395334	GENOMIC	Targeted-Capture	Hybrid Selection	ILLUMINA	Illumina MiSeq	4926080	1236780569	2023-11-26	SRR26937645
SRR26937644	PP_000Z31W	PP_000Z31W.2	Chung, Y.-S.; Yi, H.; Choi, M.-M.; Kim, J.-W.; Lee, M.; Lee, S. E.; Sim, G.; Lee, J. H.; Shin, H.; Choi, C.-H.	Korea Disease Control and Prevention Agency, Division of High-risk Pathogens	insdc_ingest_user	Automated Ingest from INSDC/NCBI Virus by Loculus	South Korea		2023-09-15	2025-02-03	Monkeypox virus					PRJNA935252	SAMN38395335	GENOMIC	Targeted-Capture	Hybrid Selection	ILLUMINA	Illumina MiSeq	2387417	659688723	2023-11-26	SRR26937644
SRR26937643	PP_000Z32U	PP_000Z32U.2	Chung, Y.-S.; Yi, H.; Choi, M.-M.; Kim, J.-W.; Lee, M.; Lee, S. E.; Sim, G.; Lee, J. H.; Shin, H.; Choi, C.-H.	Korea Disease Control and Prevention Agency, Division of High-risk Pathogens	insdc_ingest_user	Automated Ingest from INSDC/NCBI Virus by Loculus	South Korea		2023-07-12	2025-02-03	Monkeypox virus					PRJNA935252	SAMN38395336	GENOMIC	Targeted-Capture	Hybrid Selection	ILLUMINA	Illumina MiSeq	3197373	843293710	2023-11-26	SRR26937643
SRR26937642	PP_000Z33S	PP_000Z33S.2	Chung, Y.-S.; Yi, H.; Choi, M.-M.; Kim, J.-W.; Lee, M.; Lee, S. E.; Sim, G.; Lee, J. H.; Shin, H.; Choi, C.-H.	Korea Disease Control and Prevention Agency, Division of High-risk Pathogens	insdc_ingest_user	Automated Ingest from INSDC/NCBI Virus by Loculus	South Korea		2023-09-15	2025-02-03	Monkeypox virus					PRJNA935252	SAMN38395337	GENOMIC	Targeted-Capture	Hybrid Selection	ILLUMINA	Illumina MiSeq	994620	274973061	2023-11-26	SRR26937642
SRR26937640	PP_000Z34Q	PP_000Z34Q.2	Chung, Y.-S.; Yi, H.; Choi, M.-M.; Kim, J.-W.; Lee, M.; Lee, S. E.; Sim, G.; Lee, J. H.; Shin, H.; Choi, C.-H.	Korea Disease Control and Prevention Agency, Division of High-risk Pathogens	insdc_ingest_user	Automated Ingest from INSDC/NCBI Virus by Loculus	South Korea		2023-09-15	2025-02-03	Monkeypox virus					PRJNA935252	SAMN38395338	GENOMIC	Targeted-Capture	Hybrid Selection	ILLUMINA	Illumina MiSeq	748738	208786998	2023-11-26	SRR26937640
SRR26937639	PP_000Z35N	PP_000Z35N.2	Chung, Y.-S.; Yi, H.; Choi, M.-M.; Kim, J.-W.; Lee, M.; Lee, S. E.; Sim, G.; Lee, J. H.; Shin, H.; Choi, C.-H.	Korea Disease Control and Prevention Agency, Division of High-risk Pathogens	insdc_ingest_user	Automated Ingest from INSDC/NCBI Virus by Loculus	South Korea		2023-08-03	2025-02-03	Monkeypox virus					PRJNA935252	SAMN38395339	GENOMIC	Targeted-Capture	Hybrid Selection	ILLUMINA	Illumina MiSeq	964815	135429141	2023-11-26	SRR26937639
SRR26937638	PP_000Z36L	PP_000Z36L.2	Chung, Y.-S.; Yi, H.; Choi, M.-M.; Kim, J.-W.; Lee, M.; Lee, S. E.; Sim, G.; Lee, J. H.; Shin, H.; Choi, C.-H.	Korea Disease Control and Prevention Agency, Division of High-risk Pathogens	insdc_ingest_user	Automated Ingest from INSDC/NCBI Virus by Loculus	South Korea		2023-08-28	2025-02-03	Monkeypox virus					PRJNA935252	SAMN38395340	GENOMIC	Targeted-Capture	Hybrid Selection	ILLUMINA	Illumina MiSeq	2040039	290295633	2023-11-26	SRR26937638
SRR26937637	PP_000Z37J	PP_000Z37J.2	Chung, Y.-S.; Yi, H.; Choi, M.-M.; Kim, J.-W.; Lee, M.; Lee, S. E.; Sim, G.; Lee, J. H.; Shin, H.; Choi, C.-H.	Korea Disease Control and Prevention Agency, Division of High-risk Pathogens	insdc_ingest_user	Automated Ingest from INSDC/NCBI Virus by Loculus	South Korea		2023-08-28	2025-02-03	Monkeypox virus					PRJNA935252	SAMN38395341	GENOMIC	Targeted-Capture	Hybrid Selection	ILLUMINA	Illumina MiSeq	1281531	181409068	2023-11-26	SRR26937637
SRR26962061	PP_000Z3PK	PP_000Z3PK.2	Sereewit, J.; Nunley, E. B.; Xie, H.; Roychoudhury, P.; Greninger, A. L.	University of Washington Dept. Laboratory Medicine and Pathology, Virology Division	insdc_ingest_user	Automated Ingest from INSDC/NCBI Virus by Loculus	USA	Washington	2023-11	2025-02-03	Monkeypox virus					PRJNA862948	SAMN38454151	GENOMIC	Targeted-Capture	RANDOM PCR	ILLUMINA	NextSeq 2000	1379191	416515682	2023-11-30	SRR26962061
SRR26962060	PP_000Z3QH	PP_000Z3QH.2	Sereewit, J.; Nunley, E. B.; Xie, H.; Roychoudhury, P.; Greninger, A. L.	University of Washington Dept. Laboratory Medicine and Pathology, Virology Division	insdc_ingest_user	Automated Ingest from INSDC/NCBI Virus by Loculus	USA	Washington	2023-11	2025-02-03	Monkeypox virus					PRJNA862948	SAMN38454152	GENOMIC	Targeted-Capture	RANDOM PCR	ILLUMINA	NextSeq 2000	262759	79353218	2023-11-30	SRR26962060
SRR27126040	PP_000Z3SD	PP_000Z3SD.2	Sereewit, J.; Nunley, E. B.; Xie, H.; Roychoudhury, P.; Greninger, A. L.	University of Washington Dept. Laboratory Medicine and Pathology, Virology Division	insdc_ingest_user	Automated Ingest from INSDC/NCBI Virus by Loculus	USA	WA	2023-10	2025-02-03	Monkeypox virus					PRJNA862948	SAMN38700068	GENOMIC	Targeted-Capture	RANDOM PCR	ILLUMINA	Illumina NovaSeq 6000	3764344	1101450391	2023-12-10	SRR27126040
SRR27126041	PP_000Z3U9	PP_000Z3U9.2	Sereewit, J.; Nunley, E. B.; Xie, H.; Roychoudhury, P.; Greninger, A. L.	University of Washington Dept. Laboratory Medicine and Pathology, Virology Division	insdc_ingest_user	Automated Ingest from INSDC/NCBI Virus by Loculus	USA	WA	2023-09	2025-02-03	Monkeypox virus					PRJNA862948	SAMN38700067	GENOMIC	Targeted-Capture	RANDOM PCR	ILLUMINA	Illumina NovaSeq 6000	999721	284098662	2023-12-10	SRR27126041
SRR27126037	PP_000Z3V7	PP_000Z3V7.2	Sereewit, J.; Nunley, E. B.; Xie, H.; Roychoudhury, P.; Greninger, A. L.	University of Washington Dept. Laboratory Medicine and Pathology, Virology Division	insdc_ingest_user	Automated Ingest from INSDC/NCBI Virus by Loculus	USA	Washington	2023-11	2025-02-03	Monkeypox virus					PRJNA862948	SAMN38700071	GENOMIC	Targeted-Capture	RANDOM PCR	ILLUMINA	Illumina NovaSeq 6000	16878518	4937753648	2024-01-19	SRR27126037
SRR27126043	PP_000Z3W5	PP_000Z3W5.2	Sereewit, J.; Nunley, E. B.; Xie, H.; Roychoudhury, P.; Greninger, A. L.	University of Washington Dept. Laboratory Medicine and Pathology, Virology Division	insdc_ingest_user	Automated Ingest from INSDC/NCBI Virus by Loculus	USA	Washington	2023-11	2025-02-03	Monkeypox virus					PRJNA862948	SAMN38700065	GENOMIC	Targeted-Capture	RANDOM PCR	ILLUMINA	Illumina NovaSeq 6000	482925	139036324	2023-12-10	SRR27126043
SRR27126039	PP_000Z3X3	PP_000Z3X3.2	Sereewit, J.; Nunley, E. B.; Xie, H.; Roychoudhury, P.; Greninger, A. L.	University of Washington Dept. Laboratory Medicine and Pathology, Virology Division	insdc_ingest_user	Automated Ingest from INSDC/NCBI Virus by Loculus	USA	WA	2023-11	2025-02-03	Monkeypox virus					PRJNA862948	SAMN38700069	GENOMIC	Targeted-Capture	RANDOM PCR	ILLUMINA	Illumina NovaSeq 6000	6490586	1865726515	2023-12-10	SRR27126039
SRR27126038	PP_000Z3Y1	PP_000Z3Y1.2	Sereewit, J.; Nunley, E. B.; Xie, H.; Roychoudhury, P.; Greninger, A. L.	University of Washington Dept. Laboratory Medicine and Pathology, Virology Division	insdc_ingest_user	Automated Ingest from INSDC/NCBI Virus by Loculus	USA	WA	2023-11	2025-02-03	Monkeypox virus					PRJNA862948	SAMN38700070	GENOMIC	Targeted-Capture	RANDOM PCR	ILLUMINA	Illumina NovaSeq 6000	7999740	2265267274	2023-12-10	SRR27126038
SRR27126042	PP_000Z3ZZ	PP_000Z3ZZ.2	Sereewit, J.; Nunley, E. B.; Xie, H.; Roychoudhury, P.; Greninger, A. L.	University of Washington Dept. Laboratory Medicine and Pathology, Virology Division	insdc_ingest_user	Automated Ingest from INSDC/NCBI Virus by Loculus	USA	Washington	2023-11	2025-02-03	Monkeypox virus					PRJNA862948	SAMN38700066	GENOMIC	Targeted-Capture	RANDOM PCR	ILLUMINA	Illumina NovaSeq 6000	1699778	486002790	2023-12-10	SRR27126042
ERR10297612	PP_000Z44P	PP_000Z44P.2	Cuesta, I.	Institute of Health Carlos III, Bioinformatics Unit, Carretera Majadahonda-Pozuelo km2	insdc_ingest_user	Automated Ingest from INSDC/NCBI Virus by Loculus	Spain			2025-02-03	Monkeypox virus					PRJEB53450	SAMEA110070044	GENOMIC	WGS	RANDOM	ILLUMINA	Illumina MiSeq	14409374	2329916947	2022-09-30	ERR10297612,ERR10297613,ERR10297654
ERR10297613	PP_000Z44P	PP_000Z44P.2	Cuesta, I.	Institute of Health Carlos III, Bioinformatics Unit, Carretera Majadahonda-Pozuelo km2	insdc_ingest_user	Automated Ingest from INSDC/NCBI Virus by Loculus	Spain			2025-02-03	Monkeypox virus					PRJEB53450	SAMEA110070044	GENOMIC	WGS	RANDOM	ILLUMINA	Illumina NovaSeq 6000	29177716	3735650149	2022-09-30	ERR10297612,ERR10297613,ERR10297654
ERR10297654	PP_000Z44P	PP_000Z44P.2	Cuesta, I.	Institute of Health Carlos III, Bioinformatics Unit, Carretera Majadahonda-Pozuelo km2	insdc_ingest_user	Automated Ingest from INSDC/NCBI Virus by Loculus	Spain			2025-02-03	Monkeypox virus					PRJEB53450	SAMEA110070044	GENOMIC	WGS	RANDOM	OXFORD_NANOPORE	MinION	0	0	2022-09-30	ERR10297612,ERR10297613,ERR10297654
ERR10297610	PP_000Z45M	PP_000Z45M.2	Cuesta, I.	Institute of Health Carlos III, Bioinformatics Unit, Carretera Majadahonda-Pozuelo km2	insdc_ingest_user	Automated Ingest from INSDC/NCBI Virus by Loculus	Spain			2025-02-03	Monkeypox virus					PRJEB53450	SAMEA110070042	GENOMIC	WGS	RANDOM	ILLUMINA	Illumina NovaSeq 6000	3649136	520171689	2022-09-30	ERR10297610
ERR10297607	PP_000Z46K	PP_000Z46K.2	Cuesta, I.	Institute of Health Carlos III, Bioinformatics Unit, Carretera Majadahonda-Pozuelo km2	insdc_ingest_user	Automated Ingest from INSDC/NCBI Virus by Loculus	Spain			2025-02-03	Monkeypox virus					PRJEB53450	SAMEA110070039	GENOMIC	WGS	RANDOM	ILLUMINA	Illumina NovaSeq 6000	157602	20951734	2022-09-30	ERR10297607
ERR10297606	PP_000Z47H	PP_000Z47H.2	Cuesta, I.	Institute of Health Carlos III, Bioinformatics Unit, Carretera Majadahonda-Pozuelo km2	insdc_ingest_user	Automated Ingest from INSDC/NCBI Virus by Loculus	Spain			2025-02-03	Monkeypox virus					PRJEB53450	SAMEA110070038	GENOMIC	WGS	RANDOM	ILLUMINA	Illumina NovaSeq 6000	545518	68875800	2022-09-30	ERR10297606
ERR10297609	PP_000Z48F	PP_000Z48F.2	Cuesta, I.	Institute of Health Carlos III, Bioinformatics Unit, Carretera Majadahonda-Pozuelo km2	insdc_ingest_user	Automated Ingest from INSDC/NCBI Virus by Loculus	Spain			2025-02-03	Monkeypox virus					PRJEB53450	SAMEA110070041	GENOMIC	WGS	RANDOM	ILLUMINA	Illumina NovaSeq 6000	684304	89351382	2022-09-30	ERR10297609
ERR10297611	PP_000Z49D	PP_000Z49D.2	Cuesta, I.	Institute of Health Carlos III, Bioinformatics Unit, Carretera Majadahonda-Pozuelo km2	insdc_ingest_user	Automated Ingest from INSDC/NCBI Virus by Loculus	Spain			2025-02-03	Monkeypox virus					PRJEB53450	SAMEA110070043	GENOMIC	WGS	RANDOM	ILLUMINA	Illumina NovaSeq 6000	562730	73224896	2022-09-30	ERR10297611
ERR10297608	PP_000Z4AB	PP_000Z4AB.2	Cuesta, I.	Institute of Health Carlos III, Bioinformatics Unit, Carretera Majadahonda-Pozuelo km2	insdc_ingest_user	Automated Ingest from INSDC/NCBI Virus by Loculus	Spain			2025-02-03	Monkeypox virus					PRJEB53450	SAMEA110070040	GENOMIC	WGS	RANDOM	ILLUMINA	Illumina NovaSeq 6000	25288220	3577987382	2022-09-30	ERR10297608
ERR10297615	PP_000Z4B9	PP_000Z4B9.2	Cuesta, I.	Institute of Health Carlos III, Bioinformatics Unit, Carretera Majadahonda-Pozuelo km2	insdc_ingest_user	Automated Ingest from INSDC/NCBI Virus by Loculus	Spain			2025-02-03	Monkeypox virus					PRJEB53450	SAMEA110070046	GENOMIC	WGS	RANDOM	ILLUMINA	Illumina NovaSeq 6000	1173600	168737280	2022-09-30	ERR10297615
ERR10297618	PP_000Z4C7	PP_000Z4C7.2	Cuesta, I.	Institute of Health Carlos III, Bioinformatics Unit, Carretera Majadahonda-Pozuelo km2	insdc_ingest_user	Automated Ingest from INSDC/NCBI Virus by Loculus	Spain			2025-02-03	Monkeypox virus					PRJEB53450	SAMEA110070050	GENOMIC	WGS	RANDOM	ILLUMINA	Illumina NovaSeq 6000	435366	61359043	2022-09-30	ERR10297618
ERR10297614	PP_000Z4D5	PP_000Z4D5.2	Cuesta, I.	Institute of Health Carlos III, Bioinformatics Unit, Carretera Majadahonda-Pozuelo km2	insdc_ingest_user	Automated Ingest from INSDC/NCBI Virus by Loculus	Spain			2025-02-03	Monkeypox virus					PRJEB53450	SAMEA110070045	GENOMIC	WGS	RANDOM	ILLUMINA	Illumina NovaSeq 6000	273400	37795217	2022-09-30	ERR10297614
ERR10297616	PP_000Z4E3	PP_000Z4E3.2	Cuesta, I.	Institute of Health Carlos III, Bioinformatics Unit, Carretera Majadahonda-Pozuelo km2	insdc_ingest_user	Automated Ingest from INSDC/NCBI Virus by Loculus	Spain			2025-02-03	Monkeypox virus					PRJEB53450	SAMEA110070047	GENOMIC	WGS	RANDOM	ILLUMINA	Illumina NovaSeq 6000	403514	57510291	2022-09-30	ERR10297616
ERR10297619	PP_000Z4F1	PP_000Z4F1.2	Cuesta, I.	Institute of Health Carlos III, Bioinformatics Unit, Carretera Majadahonda-Pozuelo km2	insdc_ingest_user	Automated Ingest from INSDC/NCBI Virus by Loculus	Spain			2025-02-03	Monkeypox virus					PRJEB53450	SAMEA110070051	GENOMIC	WGS	RANDOM	ILLUMINA	Illumina NovaSeq 6000	606770	72919047	2022-09-30	ERR10297619
ERR10297617	PP_000Z4GZ	PP_000Z4GZ.2	Cuesta, I.	Institute of Health Carlos III, Bioinformatics Unit, Carretera Majadahonda-Pozuelo km2	insdc_ingest_user	Automated Ingest from INSDC/NCBI Virus by Loculus	Spain			2025-02-03	Monkeypox virus					PRJEB53450	SAMEA110070048	GENOMIC	WGS	RANDOM	ILLUMINA	Illumina NovaSeq 6000	196036	26849928	2022-09-30	ERR10297617
ERR9982201	PP_000Z4HW	PP_000Z4HW.2		Science Park of Comenius University of Bratislava, Ilkovicova 8, 841 04 Bratislava	insdc_ingest_user	Automated Ingest from INSDC/NCBI Virus by Loculus	Slovakia		2022-07-04	2025-02-03	Monkeypox virus					PRJEB54914	SAMEA110407587	VIRAL RNA	AMPLICON	PCR	ILLUMINA	NextSeq 2000	11456258	1131407221	2022-07-26	ERR9982201
ERR10019298	PP_000Z4JU	PP_000Z4JU.2		Science Park of Comenius University of Bratislava, Ilkovicova 8, 841 04 Bratislava	insdc_ingest_user	Automated Ingest from INSDC/NCBI Virus by Loculus	Slovakia		2022-07-13	2025-02-03	Monkeypox virus					PRJEB54914	SAMEA110455081	VIRAL RNA	AMPLICON	PCR	ILLUMINA	NextSeq 2000	19297892	1905904208	2022-08-07	ERR10019298
ERR10019299	PP_000Z4KS	PP_000Z4KS.2		Science Park of Comenius University of Bratislava, Ilkovicova 8, 841 04 Bratislava	insdc_ingest_user	Automated Ingest from INSDC/NCBI Virus by Loculus	Slovakia		2022-07-20	2025-02-03	Monkeypox virus					PRJEB54914	SAMEA110455082	VIRAL RNA	AMPLICON	PCR	ILLUMINA	NextSeq 2000	21319634	2107196692	2022-08-07	ERR10019299
ERR10094837	PP_000Z4NL	PP_000Z4NL.2		Science Park of Comenius University of Bratislava, Ilkovicova 8, 841 04 Bratislava	insdc_ingest_user	Automated Ingest from INSDC/NCBI Virus by Loculus	Slovakia		2022-08-01	2025-02-03	Monkeypox virus					PRJEB54914	SAMEA110674833	VIRAL RNA	AMPLICON	PCR	ILLUMINA	NextSeq 2000	6178868	608314644	2022-08-19	ERR10094837
ERR10094838	PP_000Z4PJ	PP_000Z4PJ.2		Science Park of Comenius University of Bratislava, Ilkovicova 8, 841 04 Bratislava	insdc_ingest_user	Automated Ingest from INSDC/NCBI Virus by Loculus	Slovakia		2022-08-01	2025-02-03	Monkeypox virus					PRJEB54914	SAMEA110674834	VIRAL RNA	AMPLICON	PCR	ILLUMINA	NextSeq 2000	6767042	665910687	2022-08-19	ERR10094838
ERR10094836	PP_000Z4QG	PP_000Z4QG.2		Science Park of Comenius University of Bratislava, Ilkovicova 8, 841 04 Bratislava	insdc_ingest_user	Automated Ingest from INSDC/NCBI Virus by Loculus	Slovakia		2022-07-25	2025-02-03	Monkeypox virus					PRJEB54914	SAMEA110674832	VIRAL RNA	AMPLICON	PCR	ILLUMINA	NextSeq 2000	6782250	668157294	2022-08-19	ERR10094836
ERR10107968	PP_000Z4RE	PP_000Z4RE.2		Science Park of Comenius University of Bratislava, Ilkovicova 8, 841 04 Bratislava	insdc_ingest_user	Automated Ingest from INSDC/NCBI Virus by Loculus	Slovakia		2022-08-09	2025-02-03	Monkeypox virus					PRJEB54914	SAMEA110692729	VIRAL RNA	AMPLICON	PCR	ILLUMINA	NextSeq 2000	9634016	920882245	2022-08-23	ERR10107968
ERR10187618	PP_000Z4SC	PP_000Z4SC.2		Science Park of Comenius University of Bratislava, Ilkovicova 8, 841 04 Bratislava	insdc_ingest_user	Automated Ingest from INSDC/NCBI Virus by Loculus	Slovakia		2022-08-26	2025-02-03	Monkeypox virus					PRJEB54914	SAMEA111352685	VIRAL RNA	AMPLICON	PCR	ILLUMINA	NextSeq 2000	6324382	590786802	2022-09-14	ERR10187618
ERR10187619	PP_000Z4TA	PP_000Z4TA.2		Science Park of Comenius University of Bratislava, Ilkovicova 8, 841 04 Bratislava	insdc_ingest_user	Automated Ingest from INSDC/NCBI Virus by Loculus	Slovakia		2022-08-31	2025-02-03	Monkeypox virus					PRJEB54914	SAMEA111352686	VIRAL RNA	AMPLICON	PCR	ILLUMINA	NextSeq 2000	20361514	1743628328	2022-09-14	ERR10187619
ERR10297648	PP_000Z4U8	PP_000Z4U8.2	Cuesta, I.	Institute of Health Carlos III, Bioinformatics Unit, Carretera Majadahonda-Pozuelo km2	insdc_ingest_user	Automated Ingest from INSDC/NCBI Virus by Loculus	Spain			2025-02-03	Monkeypox virus					PRJEB53450	SAMEA111396597	GENOMIC	WGS	RANDOM	ILLUMINA	Illumina NovaSeq 6000	7368982	1736382077	2022-09-30	ERR10297648
ERR10297636	PP_000Z4V6	PP_000Z4V6.2	Cuesta, I.	Institute of Health Carlos III, Bioinformatics Unit, Carretera Majadahonda-Pozuelo km2	insdc_ingest_user	Automated Ingest from INSDC/NCBI Virus by Loculus	Spain			2025-02-03	Monkeypox virus					PRJEB53450	SAMEA111396585	GENOMIC	WGS	RANDOM	ILLUMINA	Illumina NovaSeq 6000	4205538	668334961	2022-09-30	ERR10297636
ERR10297633	PP_000Z4W4	PP_000Z4W4.2	Cuesta, I.	Institute of Health Carlos III, Bioinformatics Unit, Carretera Majadahonda-Pozuelo km2	insdc_ingest_user	Automated Ingest from INSDC/NCBI Virus by Loculus	Spain			2025-02-03	Monkeypox virus					PRJEB53450	SAMEA111396582	GENOMIC	WGS	RANDOM	ILLUMINA	Illumina NovaSeq 6000	383610	78377900	2022-09-30	ERR10297633
ERR10297626	PP_000Z4X2	PP_000Z4X2.2	Cuesta, I.	Institute of Health Carlos III, Bioinformatics Unit, Carretera Majadahonda-Pozuelo km2	insdc_ingest_user	Automated Ingest from INSDC/NCBI Virus by Loculus	Spain			2025-02-03	Monkeypox virus					PRJEB53450	SAMEA111396575	GENOMIC	WGS	RANDOM	ILLUMINA	Illumina NovaSeq 6000	330390	45081733	2022-09-30	ERR10297626
ERR10297635	PP_000Z4Y0	PP_000Z4Y0.2	Cuesta, I.	Institute of Health Carlos III, Bioinformatics Unit, Carretera Majadahonda-Pozuelo km2	insdc_ingest_user	Automated Ingest from INSDC/NCBI Virus by Loculus	Spain			2025-02-03	Monkeypox virus					PRJEB53450	SAMEA111396584	GENOMIC	WGS	RANDOM	ILLUMINA	Illumina NovaSeq 6000	1796398	333460122	2022-09-30	ERR10297635
ERR10297631	PP_000Z4ZY	PP_000Z4ZY.2	Cuesta, I.	Institute of Health Carlos III, Bioinformatics Unit, Carretera Majadahonda-Pozuelo km2	insdc_ingest_user	Automated Ingest from INSDC/NCBI Virus by Loculus	Spain			2025-02-03	Monkeypox virus					PRJEB53450	SAMEA111396580	GENOMIC	WGS	RANDOM	ILLUMINA	Illumina NovaSeq 6000	532590	54662476	2022-09-30	ERR10297631
ERR10297622	PP_000Z50W	PP_000Z50W.2	Cuesta, I.	Institute of Health Carlos III, Bioinformatics Unit, Carretera Majadahonda-Pozuelo km2	insdc_ingest_user	Automated Ingest from INSDC/NCBI Virus by Loculus	Spain			2025-02-03	Monkeypox virus					PRJEB53450	SAMEA111396571	GENOMIC	WGS	RANDOM	ILLUMINA	Illumina NovaSeq 6000	9286494	1348412320	2022-09-30	ERR10297622
ERR10297624	PP_000Z51U	PP_000Z51U.2	Cuesta, I.	Institute of Health Carlos III, Bioinformatics Unit, Carretera Majadahonda-Pozuelo km2	insdc_ingest_user	Automated Ingest from INSDC/NCBI Virus by Loculus	Spain			2025-02-03	Monkeypox virus					PRJEB53450	SAMEA111396573	GENOMIC	WGS	RANDOM	ILLUMINA	Illumina NovaSeq 6000	327986	46249746	2022-09-30	ERR10297624
ERR10297620	PP_000Z52S	PP_000Z52S.2	Cuesta, I.	Institute of Health Carlos III, Bioinformatics Unit, Carretera Majadahonda-Pozuelo km2	insdc_ingest_user	Automated Ingest from INSDC/NCBI Virus by Loculus	Spain			2025-02-03	Monkeypox virus					PRJEB53450	SAMEA111396569	GENOMIC	WGS	RANDOM	ILLUMINA	Illumina NovaSeq 6000	872286	122616408	2022-09-30	ERR10297620
ERR10297629	PP_000Z53Q	PP_000Z53Q.2	Cuesta, I.	Institute of Health Carlos III, Bioinformatics Unit, Carretera Majadahonda-Pozuelo km2	insdc_ingest_user	Automated Ingest from INSDC/NCBI Virus by Loculus	Spain			2025-02-03	Monkeypox virus					PRJEB53450	SAMEA111396578	GENOMIC	WGS	RANDOM	ILLUMINA	Illumina NovaSeq 6000	186348	24508415	2022-09-30	ERR10297629
ERR10297628	PP_000Z54N	PP_000Z54N.2	Cuesta, I.	Institute of Health Carlos III, Bioinformatics Unit, Carretera Majadahonda-Pozuelo km2	insdc_ingest_user	Automated Ingest from INSDC/NCBI Virus by Loculus	Spain			2025-02-03	Monkeypox virus					PRJEB53450	SAMEA111396577	GENOMIC	WGS	RANDOM	ILLUMINA	Illumina NovaSeq 6000	491646	64608127	2022-09-30	ERR10297628
ERR10297649	PP_000Z55L	PP_000Z55L.2	Cuesta, I.	Institute of Health Carlos III, Bioinformatics Unit, Carretera Majadahonda-Pozuelo km2	insdc_ingest_user	Automated Ingest from INSDC/NCBI Virus by Loculus	Spain			2025-02-03	Monkeypox virus					PRJEB53450	SAMEA111396598	GENOMIC	WGS	RANDOM	ILLUMINA	Illumina NovaSeq 6000	218230	41687513	2022-09-30	ERR10297649
ERR10297643	PP_000Z56J	PP_000Z56J.2	Cuesta, I.	Institute of Health Carlos III, Bioinformatics Unit, Carretera Majadahonda-Pozuelo km2	insdc_ingest_user	Automated Ingest from INSDC/NCBI Virus by Loculus	Spain			2025-02-03	Monkeypox virus					PRJEB53450	SAMEA111396592	GENOMIC	WGS	RANDOM	ILLUMINA	Illumina NovaSeq 6000	409582	80464968	2022-09-30	ERR10297643
ERR10297641	PP_000Z57G	PP_000Z57G.2	Cuesta, I.	Institute of Health Carlos III, Bioinformatics Unit, Carretera Majadahonda-Pozuelo km2	insdc_ingest_user	Automated Ingest from INSDC/NCBI Virus by Loculus	Spain			2025-02-03	Monkeypox virus					PRJEB53450	SAMEA111396590	GENOMIC	WGS	RANDOM	ILLUMINA	Illumina NovaSeq 6000	1849714	378961315	2022-09-30	ERR10297641
ERR10297647	PP_000Z58E	PP_000Z58E.2	Cuesta, I.	Institute of Health Carlos III, Bioinformatics Unit, Carretera Majadahonda-Pozuelo km2	insdc_ingest_user	Automated Ingest from INSDC/NCBI Virus by Loculus	Spain			2025-02-03	Monkeypox virus					PRJEB53450	SAMEA111396596	GENOMIC	WGS	RANDOM	ILLUMINA	Illumina NovaSeq 6000	427414	86158686	2022-09-30	ERR10297647
ERR10297645	PP_000Z59C	PP_000Z59C.2	Cuesta, I.	Institute of Health Carlos III, Bioinformatics Unit, Carretera Majadahonda-Pozuelo km2	insdc_ingest_user	Automated Ingest from INSDC/NCBI Virus by Loculus	Spain			2025-02-03	Monkeypox virus					PRJEB53450	SAMEA111396594	GENOMIC	WGS	RANDOM	ILLUMINA	Illumina NovaSeq 6000	1385314	304934220	2022-09-30	ERR10297645
ERR10297638	PP_000Z5AA	PP_000Z5AA.2	Cuesta, I.	Institute of Health Carlos III, Bioinformatics Unit, Carretera Majadahonda-Pozuelo km2	insdc_ingest_user	Automated Ingest from INSDC/NCBI Virus by Loculus	Spain			2025-02-03	Monkeypox virus					PRJEB53450	SAMEA111396587	GENOMIC	WGS	RANDOM	ILLUMINA	Illumina NovaSeq 6000	561408	119733416	2022-09-30	ERR10297638
ERR10297639	PP_000Z5B8	PP_000Z5B8.2	Cuesta, I.	Institute of Health Carlos III, Bioinformatics Unit, Carretera Majadahonda-Pozuelo km2	insdc_ingest_user	Automated Ingest from INSDC/NCBI Virus by Loculus	Spain			2025-02-03	Monkeypox virus					PRJEB53450	SAMEA111396588	GENOMIC	WGS	RANDOM	ILLUMINA	Illumina NovaSeq 6000	821984	168661012	2022-09-30	ERR10297639
ERR10297637	PP_000Z5C6	PP_000Z5C6.2	Cuesta, I.	Institute of Health Carlos III, Bioinformatics Unit, Carretera Majadahonda-Pozuelo km2	insdc_ingest_user	Automated Ingest from INSDC/NCBI Virus by Loculus	Spain			2025-02-03	Monkeypox virus					PRJEB53450	SAMEA111396586	GENOMIC	WGS	RANDOM	ILLUMINA	Illumina NovaSeq 6000	8550292	1458530911	2022-09-30	ERR10297637
ERR10297642	PP_000Z5D4	PP_000Z5D4.2	Cuesta, I.	Institute of Health Carlos III, Bioinformatics Unit, Carretera Majadahonda-Pozuelo km2	insdc_ingest_user	Automated Ingest from INSDC/NCBI Virus by Loculus	Spain			2025-02-03	Monkeypox virus					PRJEB53450	SAMEA111396591	GENOMIC	WGS	RANDOM	ILLUMINA	Illumina NovaSeq 6000	897208	201861008	2022-09-30	ERR10297642
ERR10297634	PP_000Z5E2	PP_000Z5E2.2	Cuesta, I.	Institute of Health Carlos III, Bioinformatics Unit, Carretera Majadahonda-Pozuelo km2	insdc_ingest_user	Automated Ingest from INSDC/NCBI Virus by Loculus	Spain			2025-02-03	Monkeypox virus					PRJEB53450	SAMEA111396583	GENOMIC	WGS	RANDOM	ILLUMINA	Illumina NovaSeq 6000	374918	77989636	2022-09-30	ERR10297634
ERR10297630	PP_000Z5F0	PP_000Z5F0.2	Cuesta, I.	Institute of Health Carlos III, Bioinformatics Unit, Carretera Majadahonda-Pozuelo km2	insdc_ingest_user	Automated Ingest from INSDC/NCBI Virus by Loculus	Spain			2025-02-03	Monkeypox virus					PRJEB53450	SAMEA111396579	GENOMIC	WGS	RANDOM	ILLUMINA	Illumina NovaSeq 6000	335312	46549014	2022-09-30	ERR10297630
ERR10297632	PP_000Z5GY	PP_000Z5GY.2	Cuesta, I.	Institute of Health Carlos III, Bioinformatics Unit, Carretera Majadahonda-Pozuelo km2	insdc_ingest_user	Automated Ingest from INSDC/NCBI Virus by Loculus	Spain			2025-02-03	Monkeypox virus					PRJEB53450	SAMEA111396581	GENOMIC	WGS	RANDOM	ILLUMINA	Illumina NovaSeq 6000	357364	74360529	2022-09-30	ERR10297632
ERR10297627	PP_000Z5HV	PP_000Z5HV.2	Cuesta, I.	Institute of Health Carlos III, Bioinformatics Unit, Carretera Majadahonda-Pozuelo km2	insdc_ingest_user	Automated Ingest from INSDC/NCBI Virus by Loculus	Spain			2025-02-03	Monkeypox virus					PRJEB53450	SAMEA111396576	GENOMIC	WGS	RANDOM	ILLUMINA	Illumina NovaSeq 6000	406678	54159604	2022-09-30	ERR10297627
ERR10297640	PP_000Z5JT	PP_000Z5JT.2	Cuesta, I.	Institute of Health Carlos III, Bioinformatics Unit, Carretera Majadahonda-Pozuelo km2	insdc_ingest_user	Automated Ingest from INSDC/NCBI Virus by Loculus	Spain			2025-02-03	Monkeypox virus					PRJEB53450	SAMEA111396589	GENOMIC	WGS	RANDOM	ILLUMINA	Illumina NovaSeq 6000	215680	39469944	2022-09-30	ERR10297640
ERR10297644	PP_000Z5KR	PP_000Z5KR.2	Cuesta, I.	Institute of Health Carlos III, Bioinformatics Unit, Carretera Majadahonda-Pozuelo km2	insdc_ingest_user	Automated Ingest from INSDC/NCBI Virus by Loculus	Spain			2025-02-03	Monkeypox virus					PRJEB53450	SAMEA111396593	GENOMIC	WGS	RANDOM	ILLUMINA	Illumina NovaSeq 6000	902170	135414116	2022-09-30	ERR10297644
ERR10297652	PP_000Z5LP	PP_000Z5LP.2	Cuesta, I.	Institute of Health Carlos III, Bioinformatics Unit, Carretera Majadahonda-Pozuelo km2	insdc_ingest_user	Automated Ingest from INSDC/NCBI Virus by Loculus	Spain			2025-02-03	Monkeypox virus					PRJEB53450	SAMEA111396601	GENOMIC	WGS	RANDOM	ILLUMINA	Illumina NovaSeq 6000	4595042	811442509	2022-09-30	ERR10297652
ERR10297650	PP_000Z5MM	PP_000Z5MM.2	Cuesta, I.	Institute of Health Carlos III, Bioinformatics Unit, Carretera Majadahonda-Pozuelo km2	insdc_ingest_user	Automated Ingest from INSDC/NCBI Virus by Loculus	Spain			2025-02-03	Monkeypox virus					PRJEB53450	SAMEA111396599	GENOMIC	WGS	RANDOM	ILLUMINA	Illumina NovaSeq 6000	253188	40046494	2022-09-30	ERR10297650
ERR10297646	PP_000Z5NK	PP_000Z5NK.2	Cuesta, I.	Institute of Health Carlos III, Bioinformatics Unit, Carretera Majadahonda-Pozuelo km2	insdc_ingest_user	Automated Ingest from INSDC/NCBI Virus by Loculus	Spain			2025-02-03	Monkeypox virus					PRJEB53450	SAMEA111396595	GENOMIC	WGS	RANDOM	ILLUMINA	Illumina NovaSeq 6000	6501718	1493334040	2022-09-30	ERR10297646
ERR10297651	PP_000Z5PH	PP_000Z5PH.2	Cuesta, I.	Institute of Health Carlos III, Bioinformatics Unit, Carretera Majadahonda-Pozuelo km2	insdc_ingest_user	Automated Ingest from INSDC/NCBI Virus by Loculus	Spain			2025-02-03	Monkeypox virus					PRJEB53450	SAMEA111396600	GENOMIC	WGS	RANDOM	ILLUMINA	Illumina NovaSeq 6000	289836	53277670	2022-09-30	ERR10297651
ERR10297621	PP_000Z5QF	PP_000Z5QF.2	Cuesta, I.	Institute of Health Carlos III, Bioinformatics Unit, Carretera Majadahonda-Pozuelo km2	insdc_ingest_user	Automated Ingest from INSDC/NCBI Virus by Loculus	Spain			2025-02-03	Monkeypox virus					PRJEB53450	SAMEA111396570	GENOMIC	WGS	RANDOM	ILLUMINA	Illumina NovaSeq 6000	971186	130768768	2022-09-30	ERR10297621
ERR10297623	PP_000Z5RD	PP_000Z5RD.2	Cuesta, I.	Institute of Health Carlos III, Bioinformatics Unit, Carretera Majadahonda-Pozuelo km2	insdc_ingest_user	Automated Ingest from INSDC/NCBI Virus by Loculus	Spain			2025-02-03	Monkeypox virus					PRJEB53450	SAMEA111396572	GENOMIC	WGS	RANDOM	ILLUMINA	Illumina NovaSeq 6000	1742440	224608823	2022-09-30	ERR10297623
ERR10297653	PP_000Z5SB	PP_000Z5SB.2	Cuesta, I.	Institute of Health Carlos III, Bioinformatics Unit, Carretera Majadahonda-Pozuelo km2	insdc_ingest_user	Automated Ingest from INSDC/NCBI Virus by Loculus	Spain			2025-02-03	Monkeypox virus					PRJEB53450	SAMEA111396602	GENOMIC	WGS	RANDOM	ILLUMINA	Illumina NovaSeq 6000	2532592	252637341	2022-09-30	ERR10297653
ERR10297625	PP_000Z5T9	PP_000Z5T9.2	Cuesta, I.	Institute of Health Carlos III, Bioinformatics Unit, Carretera Majadahonda-Pozuelo km2	insdc_ingest_user	Automated Ingest from INSDC/NCBI Virus by Loculus	Spain			2025-02-03	Monkeypox virus					PRJEB53450	SAMEA111396574	GENOMIC	WGS	RANDOM	ILLUMINA	Illumina NovaSeq 6000	1080970	135458528	2022-09-30	ERR10297625
ERR11734992	PP_000Z5U7	PP_000Z5U7.2	Gonzalez, S.; Lorca, I.; Martinez, P.; Aguado, B.	GENGS-CBMSO, Biocomputational Analysis Core Facility . Centro de Biologia Molecular Severo Ochoa . Universidad Autonoma de Madrid. 28049 Madrid	insdc_ingest_user	Automated Ingest from INSDC/NCBI Virus by Loculus	Spain		2022	2025-02-03	Monkeypox virus					PRJEB64429	SAMEA114094495	GENOMIC	WGS	unspecified	ILLUMINA	Illumina MiniSeq	1487720	218667257	2024-10-22	ERR11734992
SRR27584536	PP_000Z9QB	PP_000Z9QB.2	Sereewit, J.; Nunley, E. B.; Xie, H.; Roychoudhury, P.; Greninger, A. L.	University of Washington Dept. Laboratory Medicine and Pathology, Virology Division	insdc_ingest_user	Automated Ingest from INSDC/NCBI Virus by Loculus	USA	Washington	2023-12	2025-02-03	Monkeypox virus					PRJNA862948	SAMN39462828	GENOMIC	Targeted-Capture	RANDOM PCR	ILLUMINA	NextSeq 2000	849570	256570140	2024-01-18	SRR27584536
SRR27584535	PP_000Z9R9	PP_000Z9R9.2	Sereewit, J.; Nunley, E. B.; Xie, H.; Roychoudhury, P.; Greninger, A. L.	University of Washington Dept. Laboratory Medicine and Pathology, Virology Division	insdc_ingest_user	Automated Ingest from INSDC/NCBI Virus by Loculus	USA	Washington	2023-12	2025-02-03	Monkeypox virus					PRJNA862948	SAMN39462829	GENOMIC	Targeted-Capture	RANDOM PCR	ILLUMINA	NextSeq 2000	2185930	660150860	2024-01-18	SRR27584535
SRR27584534	PP_000Z9S7	PP_000Z9S7.2	Sereewit, J.; Nunley, E. B.; Xie, H.; Roychoudhury, P.; Greninger, A. L.	University of Washington Dept. Laboratory Medicine and Pathology, Virology Division	insdc_ingest_user	Automated Ingest from INSDC/NCBI Virus by Loculus	USA	Washington	2023-12	2025-02-03	Monkeypox virus					PRJNA862948	SAMN39462830	GENOMIC	Targeted-Capture	RANDOM PCR	ILLUMINA	NextSeq 2000	1700702	513612004	2024-01-18	SRR27584534
SRR30069888	PP_000ZT32	PP_000ZT32.2	Featherston, J.; Grobbelaar, A.; Glass, A.; Goedhals, D.; Hoek, K.; Maritz, J.; Govender, K.; Govender, N.; Ismail, A.; le Roux, C.; Marshall, T.; Morobadi, D.; Moodley, M.; Moolla, N.; Msimang, V.; Vardas, E.; Weyer, J.	National Institute of Communicable Diseases, Sequencing Core Facility	insdc_ingest_user	Automated Ingest from INSDC/NCBI Virus by Loculus	South Africa	Gauteng	2024-05-10	2025-02-03	Monkeypox virus					PRJNA1142891	SAMN42963770	GENOMIC	WGS	RANDOM	ILLUMINA	NextSeq 2000	150857	44272556	2024-12-01	SRR30069888
SRR30069887	PP_000ZT40	PP_000ZT40.2	Featherston, J.; Grobbelaar, A.; Glass, A.; Goedhals, D.; Hoek, K.; Maritz, J.; Govender, K.; Govender, N.; Ismail, A.; le Roux, C.; Marshall, T.; Morobadi, D.; Moodley, M.; Moolla, N.; Msimang, V.; Vardas, E.; Weyer, J.	National Institute of Communicable Diseases, Sequencing Core Facility	insdc_ingest_user	Automated Ingest from INSDC/NCBI Virus by Loculus	South Africa	Kwa-Zulu Natal	2024-05-31	2025-02-03	Monkeypox virus					PRJNA1142891	SAMN42963771	GENOMIC	WGS	RANDOM	ILLUMINA	NextSeq 2000	82638	22951056	2024-12-01	SRR30069887
SRR30069886	PP_000ZT5Y	PP_000ZT5Y.2	Featherston, J.; Grobbelaar, A.; Glass, A.; Goedhals, D.; Hoek, K.; Maritz, J.; Govender, K.; Govender, N.; Ismail, A.; le Roux, C.; Marshall, T.; Morobadi, D.; Moodley, M.; Moolla, N.; Msimang, V.; Vardas, E.; Weyer, J.	National Institute of Communicable Diseases, Sequencing Core Facility	insdc_ingest_user	Automated Ingest from INSDC/NCBI Virus by Loculus	South Africa	Kwa-Zulu Natal	2024-06-01	2025-02-03	Monkeypox virus					PRJNA1142891	SAMN42963772	GENOMIC	WGS	RANDOM	ILLUMINA	NextSeq 2000	301400	85083777	2024-12-01	SRR30069886
SRR30069885	PP_000ZT6W	PP_000ZT6W.2	Featherston, J.; Grobbelaar, A.; Glass, A.; Goedhals, D.; Hoek, K.; Maritz, J.; Govender, K.; Govender, N.; Ismail, A.; le Roux, C.; Marshall, T.; Morobadi, D.; Moodley, M.; Moolla, N.; Msimang, V.; Vardas, E.; Weyer, J.	National Institute of Communicable Diseases, Sequencing Core Facility	insdc_ingest_user	Automated Ingest from INSDC/NCBI Virus by Loculus	South Africa	Gauteng	2024-06-06	2025-02-03	Monkeypox virus					PRJNA1142891	SAMN42963773	GENOMIC	WGS	RANDOM	ILLUMINA	NextSeq 2000	71321	17989409	2024-12-01	SRR30069885
SRR30069884	PP_000ZT7U	PP_000ZT7U.2	Featherston, J.; Grobbelaar, A.; Glass, A.; Goedhals, D.; Hoek, K.; Maritz, J.; Govender, K.; Govender, N.; Ismail, A.; le Roux, C.; Marshall, T.; Morobadi, D.; Moodley, M.; Moolla, N.; Msimang, V.; Vardas, E.; Weyer, J.	National Institute of Communicable Diseases, Sequencing Core Facility	insdc_ingest_user	Automated Ingest from INSDC/NCBI Virus by Loculus	South Africa	Western Cape	2024-06-10	2025-02-03	Monkeypox virus					PRJNA1142891	SAMN42963774	GENOMIC	WGS	RANDOM	ILLUMINA	NextSeq 2000	2109382	603693632	2024-12-01	SRR30069884
SRR30229922	PP_001016L	PP_001016L.2	Langat, S. K.; Gathii, K.; Limbaso, K.; Roba, A.; Ndia, M.; Mutai, B.; Pilarowski, G.; Ochieng, M.; Juma, B.; Onyango, C.; Nyunja, A.; Okunga, E.; Ofula, V.; Oluniyi, P.; Koka, H.; Koskei, E.; Owaka, S.; Chelangat, B.; Mulwa, F.; Mutisya, J.; Chepkorir, E.; Lutomiah, J.; Herman-Roloff, A.; Lucchi, N.; Limo, H.; Langat, D.; Khamadi, S.; Kiiru, J.; Amoth, P.; Waitumbi, J.; Songok, E.	Kenya Medical Research Institute, Arbovirology/Viral Haemorrhagic Fever Lab	insdc_ingest_user	Automated Ingest from INSDC/NCBI Virus by Loculus	Kenya	Taita Taveta	2024-07-25	2025-02-03	Monkeypox virus					PRJNA1147890		VIRAL RNA	RNA-Seq	RANDOM	ILLUMINA	NextSeq 2000	37262	5533989	2024-08-15	SRR30229922
SRR30296139	PP_001032S	PP_001032S.2	Featherston, J.; Grobbelaar, A. A.; Glass, A.; Goedhals, D.; Hoek, K.; Maritz, J.; Govender, K.; Govender, N.; Ismail, A.; le Roux, C.; Marshall, T.; Morobadi, D.; Moodley, M.; Moolla, N.; Mtshali, S.; Msimang, V.; Vardas, E.; Weyer, J.	National Institute of Communicable diseases, Sequencing Core Facility	insdc_ingest_user	Automated Ingest from INSDC/NCBI Virus by Loculus	South Africa	Gauteng	2024-06-28	2025-02-03	Monkeypox virus					PRJNA1142891	SAMN43257078	GENOMIC	WGS	RANDOM	ILLUMINA	NextSeq 2000	147558	42808660	2024-12-01	SRR30296139
SRR30296138	PP_001033Q	PP_001033Q.2	Featherston, J.; Grobbelaar, A. A.; Glass, A.; Goedhals, D.; Hoek, K.; Maritz, J.; Govender, K.; Govender, N.; Ismail, A.; le Roux, C.; Marshall, T.; Morobadi, D.; Moodley, M.; Moolla, N.; Mtshali, S.; Msimang, V.; Vardas, E.; Weyer, J.	National Institute of Communicable diseases, Sequencing Core Facility	insdc_ingest_user	Automated Ingest from INSDC/NCBI Virus by Loculus	South Africa	North West	2024-06-28	2025-02-03	Monkeypox virus					PRJNA1142891	SAMN43257079	GENOMIC	WGS	RANDOM	ILLUMINA	NextSeq 2000	61872	17659681	2024-12-01	SRR30296138
DRR622782	PP_0010MCN	PP_0010MCN.4		Shinjuku, Tokyo 162-8640	insdc_ingest_user	Automated Ingest from INSDC/NCBI Virus by Loculus	Japan		2023-06-19	2025-12-26	Monkeypox virus					PRJDB16992	SAMD00849938	METAGENOMIC	Targeted-Capture	Hybrid Selection	ILLUMINA	Illumina MiSeq	3619345	528253393	2024-12-11	DRR622782
DRR622783	PP_0010MDL	PP_0010MDL.4		Shinjuku, Tokyo 162-8640	insdc_ingest_user	Automated Ingest from INSDC/NCBI Virus by Loculus	Japan		2023-06-19	2025-12-26	Monkeypox virus					PRJDB16992	SAMD00849939	METAGENOMIC	Targeted-Capture	Hybrid Selection	ILLUMINA	Illumina MiSeq	3797630	558321971	2024-12-11	DRR622783
DRR622784	PP_0010MEJ	PP_0010MEJ.4		Shinjuku, Tokyo 162-8640	insdc_ingest_user	Automated Ingest from INSDC/NCBI Virus by Loculus	Japan		2023-08-21	2025-12-26	Monkeypox virus					PRJDB16992	SAMD00849940	METAGENOMIC	Targeted-Capture	Hybrid Selection	ILLUMINA	Illumina MiSeq	2872032	422534339	2024-12-11	DRR622784
DRR622785	PP_0010MFG	PP_0010MFG.4		Shinjuku, Tokyo 162-8640	insdc_ingest_user	Automated Ingest from INSDC/NCBI Virus by Loculus	Japan		2023-09-25	2025-12-26	Monkeypox virus					PRJDB16992	SAMD00849941	METAGENOMIC	Targeted-Capture	Hybrid Selection	ILLUMINA	Illumina MiSeq	2434101	357513594	2024-12-11	DRR622785
DRR622786	PP_0010MGE	PP_0010MGE.4		Shinjuku, Tokyo 162-8640	insdc_ingest_user	Automated Ingest from INSDC/NCBI Virus by Loculus	Japan		2024-01-29	2025-12-26	Monkeypox virus					PRJDB16992	SAMD00849942	METAGENOMIC	Targeted-Capture	Hybrid Selection	ILLUMINA	Illumina MiSeq	3258175	478890275	2024-12-11	DRR622786
DRR622787	PP_0010MHB	PP_0010MHB.4		Shinjuku, Tokyo 162-8640	insdc_ingest_user	Automated Ingest from INSDC/NCBI Virus by Loculus	Japan		2024-01-29	2025-12-26	Monkeypox virus					PRJDB16992	SAMD00849943	METAGENOMIC	Targeted-Capture	Hybrid Selection	ILLUMINA	Illumina MiSeq	3807150	555808288	2024-12-11	DRR622787
ERR14334743	PP_0013N8P	PP_0013N8P.1	Sobral, Daniel; Cordeiro, Rita; Coelho, Luis; Ferreira, Rita; Borges, Vitor; Gomes, Joao Paulo	Instituto Nacional de Saude Doutor Ricardo Jorge (INSA), Portugal	daniel.sobral	Genomics and Bioinformatics Unit @ INSA, Portugal	Portugal		2025-01-09	2025-02-07		Illumina NextSeq 2000		dx.doi.org/10.17504/protocols.io.5qpvob1nbl4o/v4		PRJEB85694	SAMEA117683825	METAGENOMIC	WGS	RANDOM	ILLUMINA	NextSeq 2000	1787622	200559639	2025-02-07	ERR14334743
ERR14370734	PP_0013T3U	PP_0013T3U.1	Sladecek, T.	Science Park of Comenius University of Bratislava, Ilkovicova 8, 841 04 Bratislava	insdc_ingest_user	Automated Ingest from INSDC/NCBI Virus by Loculus	Slovakia		2024-11-12	2025-02-15	Monkeypox virus					PRJEB72255	SAMEA117693147	VIRAL RNA	AMPLICON	PCR	ILLUMINA	NextSeq 2000	5173622	505779599	2025-02-13	ERR14370734
ERR14370732	PP_0013T4S	PP_0013T4S.1	Sladecek, T.	Science Park of Comenius University of Bratislava, Ilkovicova 8, 841 04 Bratislava	insdc_ingest_user	Automated Ingest from INSDC/NCBI Virus by Loculus	Slovakia		2024-01-30	2025-02-15	Monkeypox virus					PRJEB72255	SAMEA117693146	VIRAL RNA	AMPLICON	PCR	ILLUMINA	NextSeq 2000	2458849	225272002	2025-02-13	ERR14370732
ERR14370731	PP_0013T5Q	PP_0013T5Q.1	Sladecek, T.	Science Park of Comenius University of Bratislava, Ilkovicova 8, 841 04 Bratislava	insdc_ingest_user	Automated Ingest from INSDC/NCBI Virus by Loculus	Slovakia		2024-10-01	2025-02-15	Monkeypox virus					PRJEB72255	SAMEA117693145	VIRAL RNA	AMPLICON	PCR	ILLUMINA	NextSeq 2000	17173461	1679675445	2025-02-13	ERR14370731
ERR14673163	PP_0014AKA	PP_0014AKA.1	Sobral, Daniel; Cordeiro, Rita; Coelho, Luis; Ferreira, Rita; Borges, Vitor; Gomes, Joao Paulo	Instituto Nacional de Saude Doutor Ricardo Jorge (INSA), Portugal	daniel.sobral	Genomics and Bioinformatics Unit @ INSA, Portugal	Portugal		2025-01-07	2025-03-03		Illumina NextSeq 550		dx.doi.org/10.17504/protocols.io.5qpvob1nbl4o/v4		PRJEB53055	SAMEA117788765	METAGENOMIC	WGS	RANDOM	ILLUMINA	NextSeq 550	469160	51477794	2025-03-04	ERR14673163
ERR14673164	PP_0014AL8	PP_0014AL8.1	Sobral, Daniel; Cordeiro, Rita; Coelho, Luis; Ferreira, Rita; Borges, Vitor; Gomes, Joao Paulo	Instituto Nacional de Saude Doutor Ricardo Jorge (INSA), Portugal	daniel.sobral	Genomics and Bioinformatics Unit @ INSA, Portugal	Portugal		2025-01-07	2025-03-03		Illumina NextSeq 550		dx.doi.org/10.17504/protocols.io.5qpvob1nbl4o/v4		PRJEB53055	SAMEA117788766	METAGENOMIC	WGS	RANDOM	ILLUMINA	NextSeq 550	641322	70820281	2025-03-04	ERR14673164
ERR14673165	PP_0014AM6	PP_0014AM6.1	Sobral, Daniel; Cordeiro, Rita; Coelho, Luis; Ferreira, Rita; Borges, Vitor; Gomes, Joao Paulo	Instituto Nacional de Saude Doutor Ricardo Jorge (INSA), Portugal	daniel.sobral	Genomics and Bioinformatics Unit @ INSA, Portugal	Portugal		2025-02-07	2025-03-03		Illumina NextSeq 550		dx.doi.org/10.17504/protocols.io.5qpvob1nbl4o/v4		PRJEB53055	SAMEA117788767	METAGENOMIC	WGS	RANDOM	ILLUMINA	NextSeq 550	721402	79658740	2025-03-04	ERR14673165
ERR14673166	PP_0014AN4	PP_0014AN4.1	Sobral, Daniel; Cordeiro, Rita; Coelho, Luis; Ferreira, Rita; Borges, Vitor; Gomes, Joao Paulo	Instituto Nacional de Saude Doutor Ricardo Jorge (INSA), Portugal	daniel.sobral	Genomics and Bioinformatics Unit @ INSA, Portugal	Portugal		2025-02-07	2025-03-03		Illumina NextSeq 550		dx.doi.org/10.17504/protocols.io.5qpvob1nbl4o/v4		PRJEB53055	SAMEA117788768	METAGENOMIC	WGS	RANDOM	ILLUMINA	NextSeq 550	792274	86478198	2025-03-04	ERR14673166
ERR14789758	PP_0014G09	PP_0014G09.1	Sladecek, T.	Science Park of Comenius University of Bratislava, Ilkovicova 8, 841 04 Bratislava	insdc_ingest_user	Automated Ingest from INSDC/NCBI Virus by Loculus	Slovakia		2025-01-13	2025-03-30	Monkeypox virus					PRJEB72255	SAMEA117930789	VIRAL RNA	AMPLICON	PCR	ILLUMINA	NextSeq 2000	10247813	1006022459	2025-03-28	ERR14789758
ERR14939456	PP_0015K20	PP_0015K20.1	Sobral, Daniel; Cordeiro, Rita; Coelho, Luis; Ferreira, Rita; Borges, Vitor; Gomes, Joao Paulo	Instituto Nacional de Saude Doutor Ricardo Jorge (INSA), Portugal	daniel.sobral	Genomics and Bioinformatics Unit @ INSA, Portugal	Portugal		2025-03-12	2025-05-05		Illumina NextSeq 550		dx.doi.org/10.17504/protocols.io.5qpvob1nbl4o/v4		PRJEB53055	SAMEA118253465	METAGENOMIC	WGS	RANDOM	ILLUMINA	NextSeq 550	940922	97064306	2025-05-05	ERR14939456
ERR14939457	PP_0015K3Y	PP_0015K3Y.1	Sobral, Daniel; Cordeiro, Rita; Coelho, Luis; Ferreira, Rita; Borges, Vitor; Gomes, Joao Paulo	Instituto Nacional de Saude Doutor Ricardo Jorge (INSA), Portugal	daniel.sobral	Genomics and Bioinformatics Unit @ INSA, Portugal	Portugal		2025-03-20	2025-05-05		Illumina NextSeq 550		dx.doi.org/10.17504/protocols.io.5qpvob1nbl4o/v4		PRJEB53055	SAMEA118253466	METAGENOMIC	WGS	RANDOM	ILLUMINA	NextSeq 550	724782	73498009	2025-05-05	ERR14939457
ERR14939458	PP_0015K4W	PP_0015K4W.1	Sobral, Daniel; Cordeiro, Rita; Coelho, Luis; Ferreira, Rita; Borges, Vitor; Gomes, Joao Paulo	Instituto Nacional de Saude Doutor Ricardo Jorge (INSA), Portugal	daniel.sobral	Genomics and Bioinformatics Unit @ INSA, Portugal	Portugal		2025-04-10	2025-05-05		Illumina NextSeq 550		dx.doi.org/10.17504/protocols.io.5qpvob1nbl4o/v4		PRJEB53055	SAMEA118253467	METAGENOMIC	WGS	RANDOM	ILLUMINA	NextSeq 550	822288	83687869	2025-05-05	ERR14939458
ERR14939459	PP_0015K5U	PP_0015K5U.1	Sobral, Daniel; Cordeiro, Rita; Coelho, Luis; Ferreira, Rita; Borges, Vitor; Gomes, Joao Paulo	Instituto Nacional de Saude Doutor Ricardo Jorge (INSA), Portugal	daniel.sobral	Genomics and Bioinformatics Unit @ INSA, Portugal	Portugal		2025-04-15	2025-05-05		Illumina NextSeq 550		dx.doi.org/10.17504/protocols.io.5qpvob1nbl4o/v4		PRJEB53055	SAMEA118253468	METAGENOMIC	WGS	RANDOM	ILLUMINA	NextSeq 550	924728	96135824	2025-05-05	ERR14939459
ERR14939454	PP_0015K6S	PP_0015K6S.1	Sobral, Daniel; Cordeiro, Rita; Coelho, Luis; Ferreira, Rita; Borges, Vitor; Gomes, Joao Paulo	Instituto Nacional de Saude Doutor Ricardo Jorge (INSA), Portugal	daniel.sobral	Genomics and Bioinformatics Unit @ INSA, Portugal	Portugal		2025-03-05	2025-05-05		Illumina NextSeq 550		dx.doi.org/10.17504/protocols.io.5qpvob1nbl4o/v4		PRJEB53055	SAMEA118253469	METAGENOMIC	WGS	RANDOM	ILLUMINA	NextSeq 550	1131914	116600007	2025-05-05	ERR14939454
ERR14939455	PP_0015K7Q	PP_0015K7Q.1	Sobral, Daniel; Cordeiro, Rita; Coelho, Luis; Ferreira, Rita; Borges, Vitor; Gomes, Joao Paulo	Instituto Nacional de Saude Doutor Ricardo Jorge (INSA), Portugal	daniel.sobral	Genomics and Bioinformatics Unit @ INSA, Portugal	Portugal		2025-03-17	2025-05-05		Illumina NextSeq 550		dx.doi.org/10.17504/protocols.io.5qpvob1nbl4o/v4		PRJEB53055	SAMEA118253470	METAGENOMIC	WGS	RANDOM	ILLUMINA	NextSeq 550	919858	97082843	2025-05-05	ERR14939455
DRR641171	PP_002Y09H	PP_002Y09H.1		Shinjuku, Tokyo 162-8640	insdc_ingest_user	Automated Ingest from INSDC/NCBI Virus by Loculus	Japan		2022-07-25	2025-05-29	Monkeypox virus					PRJDB16992	SAMD00886218	METAGENOMIC	Targeted-Capture	Hybrid Selection	ILLUMINA	NextSeq 2000	64346675	18452776349	2025-06-01	DRR641171
DRR641172	PP_002Y0AF	PP_002Y0AF.1		Shinjuku, Tokyo 162-8640	insdc_ingest_user	Automated Ingest from INSDC/NCBI Virus by Loculus	Japan		2022-07-25	2025-05-29	Monkeypox virus					PRJDB16992	SAMD00886219	METAGENOMIC	Targeted-Capture	Hybrid Selection	ILLUMINA	NextSeq 2000	13209409	3804559513	2025-06-01	DRR641172
DRR641173	PP_002Y0BD	PP_002Y0BD.1		Shinjuku, Tokyo 162-8640	insdc_ingest_user	Automated Ingest from INSDC/NCBI Virus by Loculus	Japan		2023-01-30	2025-05-29	Monkeypox virus					PRJDB16992	SAMD00886220	METAGENOMIC	Targeted-Capture	Hybrid Selection	ILLUMINA	NextSeq 2000	23434739	6862259878	2025-06-01	DRR641173
DRR641174	PP_002Y0CB	PP_002Y0CB.1		Shinjuku, Tokyo 162-8640	insdc_ingest_user	Automated Ingest from INSDC/NCBI Virus by Loculus	Japan		2023-01-30	2025-05-29	Monkeypox virus					PRJDB16992	SAMD00886221	METAGENOMIC	Targeted-Capture	Hybrid Selection	ILLUMINA	NextSeq 2000	28680740	8383324683	2025-06-01	DRR641174
DRR641175	PP_002Y0D9	PP_002Y0D9.1		Shinjuku, Tokyo 162-8640	insdc_ingest_user	Automated Ingest from INSDC/NCBI Virus by Loculus	Japan		2023-01-30	2025-05-29	Monkeypox virus					PRJDB16992	SAMD00886222	METAGENOMIC	Targeted-Capture	Hybrid Selection	ILLUMINA	NextSeq 2000	16478428	4720487206	2025-06-01	DRR641175
DRR641176	PP_002Y0E7	PP_002Y0E7.1		Shinjuku, Tokyo 162-8640	insdc_ingest_user	Automated Ingest from INSDC/NCBI Virus by Loculus	Japan		2023-02-27	2025-05-29	Monkeypox virus					PRJDB16992	SAMD00886223	METAGENOMIC	Targeted-Capture	Hybrid Selection	ILLUMINA	NextSeq 2000	21065972	6252775189	2025-06-01	DRR641176
DRR641177	PP_002Y0F5	PP_002Y0F5.1		Shinjuku, Tokyo 162-8640	insdc_ingest_user	Automated Ingest from INSDC/NCBI Virus by Loculus	Japan		2023-02-27	2025-05-29	Monkeypox virus					PRJDB16992	SAMD00886224	METAGENOMIC	Targeted-Capture	Hybrid Selection	ILLUMINA	NextSeq 2000	24486126	7230723249	2025-06-01	DRR641177
DRR641178	PP_002Y0G3	PP_002Y0G3.1		Shinjuku, Tokyo 162-8640	insdc_ingest_user	Automated Ingest from INSDC/NCBI Virus by Loculus	Japan		2023-03-13	2025-05-29	Monkeypox virus					PRJDB16992	SAMD00886225	METAGENOMIC	Targeted-Capture	Hybrid Selection	ILLUMINA	NextSeq 2000	24825368	7047848561	2025-06-01	DRR641178
DRR641179	PP_002Y0H0	PP_002Y0H0.1		Shinjuku, Tokyo 162-8640	insdc_ingest_user	Automated Ingest from INSDC/NCBI Virus by Loculus	Japan		2023-03-13	2025-05-29	Monkeypox virus					PRJDB16992	SAMD00886226	METAGENOMIC	Targeted-Capture	Hybrid Selection	ILLUMINA	NextSeq 2000	6001954	1778665748	2025-06-01	DRR641179
DRR641195	PP_002Y0JY	PP_002Y0JY.1		Shinjuku, Tokyo 162-8640	insdc_ingest_user	Automated Ingest from INSDC/NCBI Virus by Loculus	Japan		2023-12-04	2025-05-29	Monkeypox virus					PRJDB16992	SAMD00886242	METAGENOMIC	Targeted-Capture	Hybrid Selection	ILLUMINA	Illumina iSeq 100	4512895	1362894290	2025-06-01	DRR641195
DRR641196	PP_002Y0KW	PP_002Y0KW.1		Shinjuku, Tokyo 162-8640	insdc_ingest_user	Automated Ingest from INSDC/NCBI Virus by Loculus	Japan		2024-01-29	2025-05-29	Monkeypox virus					PRJDB16992	SAMD00886243	METAGENOMIC	Targeted-Capture	Hybrid Selection	ILLUMINA	Illumina iSeq 100	1929937	582840974	2025-06-01	DRR641196
DRR641197	PP_002Y0LU	PP_002Y0LU.1		Shinjuku, Tokyo 162-8640	insdc_ingest_user	Automated Ingest from INSDC/NCBI Virus by Loculus	Japan		2024-01-29	2025-05-29	Monkeypox virus					PRJDB16992	SAMD00886244	METAGENOMIC	Targeted-Capture	Hybrid Selection	ILLUMINA	Illumina iSeq 100	2911143	879165186	2025-06-01	DRR641197
DRR641169	PP_002Y0MS	PP_002Y0MS.1		Shinjuku, Tokyo 162-8640	insdc_ingest_user	Automated Ingest from INSDC/NCBI Virus by Loculus	Japan		2022-07-25	2025-05-29	Monkeypox virus					PRJDB16992	SAMD00886216	METAGENOMIC	Targeted-Capture	Hybrid Selection	ILLUMINA	NextSeq 2000	11936019	3163197036	2025-06-01	DRR641169
DRR641170	PP_002Y0NQ	PP_002Y0NQ.1		Shinjuku, Tokyo 162-8640	insdc_ingest_user	Automated Ingest from INSDC/NCBI Virus by Loculus	Japan		2022-07-25	2025-05-29	Monkeypox virus					PRJDB16992	SAMD00886217	METAGENOMIC	Targeted-Capture	Hybrid Selection	ILLUMINA	NextSeq 2000	7125633	1996768861	2025-06-01	DRR641170
DRR641180	PP_002Y0PN	PP_002Y0PN.1		Shinjuku, Tokyo 162-8640	insdc_ingest_user	Automated Ingest from INSDC/NCBI Virus by Loculus	Japan		2022-07-25	2025-05-29	Monkeypox virus					PRJDB16992	SAMD00886227	METAGENOMIC	Targeted-Capture	Hybrid Selection	ILLUMINA	NextSeq 2000	9707091	2874501273	2025-06-01	DRR641180
DRR641181	PP_002Y0QL	PP_002Y0QL.1		Shinjuku, Tokyo 162-8640	insdc_ingest_user	Automated Ingest from INSDC/NCBI Virus by Loculus	Japan		2022-07-25	2025-05-29	Monkeypox virus					PRJDB16992	SAMD00886228	METAGENOMIC	Targeted-Capture	Hybrid Selection	ILLUMINA	NextSeq 2000	7119386	2089847325	2025-06-01	DRR641181
DRR641182	PP_002Y0RJ	PP_002Y0RJ.1		Shinjuku, Tokyo 162-8640	insdc_ingest_user	Automated Ingest from INSDC/NCBI Virus by Loculus	Japan		2022-07-25	2025-05-29	Monkeypox virus					PRJDB16992	SAMD00886229	METAGENOMIC	Targeted-Capture	Hybrid Selection	ILLUMINA	NextSeq 2000	20209157	5788824459	2025-06-01	DRR641182
DRR641183	PP_002Y0SG	PP_002Y0SG.1		Shinjuku, Tokyo 162-8640	insdc_ingest_user	Automated Ingest from INSDC/NCBI Virus by Loculus	Japan		2023-03-27	2025-05-29	Monkeypox virus					PRJDB16992	SAMD00886230	METAGENOMIC	Targeted-Capture	Hybrid Selection	ILLUMINA	NextSeq 2000	17535038	5147329315	2025-06-01	DRR641183
DRR641184	PP_002Y0TE	PP_002Y0TE.1		Shinjuku, Tokyo 162-8640	insdc_ingest_user	Automated Ingest from INSDC/NCBI Virus by Loculus	Japan		2023-04-03	2025-05-29	Monkeypox virus					PRJDB16992	SAMD00886231	METAGENOMIC	Targeted-Capture	Hybrid Selection	ILLUMINA	NextSeq 2000	20145194	5851572687	2025-06-01	DRR641184
DRR641185	PP_002Y0UC	PP_002Y0UC.1		Shinjuku, Tokyo 162-8640	insdc_ingest_user	Automated Ingest from INSDC/NCBI Virus by Loculus	Japan		2023-04-03	2025-05-29	Monkeypox virus					PRJDB16992	SAMD00886232	METAGENOMIC	Targeted-Capture	Hybrid Selection	ILLUMINA	NextSeq 2000	16012955	4724858343	2025-06-01	DRR641185
DRR641186	PP_002Y0VA	PP_002Y0VA.1		Shinjuku, Tokyo 162-8640	insdc_ingest_user	Automated Ingest from INSDC/NCBI Virus by Loculus	Japan		2023-04-10	2025-05-29	Monkeypox virus					PRJDB16992	SAMD00886233	METAGENOMIC	Targeted-Capture	Hybrid Selection	ILLUMINA	NextSeq 2000	22759507	6144772095	2025-06-01	DRR641186
DRR641187	PP_002Y0W8	PP_002Y0W8.1		Shinjuku, Tokyo 162-8640	insdc_ingest_user	Automated Ingest from INSDC/NCBI Virus by Loculus	Japan		2023-05-15	2025-05-29	Monkeypox virus					PRJDB16992	SAMD00886234	METAGENOMIC	Targeted-Capture	Hybrid Selection	ILLUMINA	NextSeq 2000	25707053	7114265070	2025-06-01	DRR641187
DRR641188	PP_002Y0X6	PP_002Y0X6.1		Shinjuku, Tokyo 162-8640	insdc_ingest_user	Automated Ingest from INSDC/NCBI Virus by Loculus	Japan		2023-05-15	2025-05-29	Monkeypox virus					PRJDB16992	SAMD00886235	METAGENOMIC	Targeted-Capture	Hybrid Selection	ILLUMINA	NextSeq 2000	26953579	7454902259	2025-06-01	DRR641188
DRR641189	PP_002Y0Y4	PP_002Y0Y4.1		Shinjuku, Tokyo 162-8640	insdc_ingest_user	Automated Ingest from INSDC/NCBI Virus by Loculus	Japan		2023-05-15	2025-05-29	Monkeypox virus					PRJDB16992	SAMD00886236	METAGENOMIC	Targeted-Capture	Hybrid Selection	ILLUMINA	NextSeq 2000	33376823	9099261587	2025-06-01	DRR641189
DRR641190	PP_002Y0Z2	PP_002Y0Z2.1		Shinjuku, Tokyo 162-8640	insdc_ingest_user	Automated Ingest from INSDC/NCBI Virus by Loculus	Japan		2023-06-19	2025-05-29	Monkeypox virus					PRJDB16992	SAMD00886237	METAGENOMIC	Targeted-Capture	Hybrid Selection	ILLUMINA	NextSeq 2000	42034792	12392948299	2025-06-01	DRR641190
DRR641191	PP_002Y100	PP_002Y100.1		Shinjuku, Tokyo 162-8640	insdc_ingest_user	Automated Ingest from INSDC/NCBI Virus by Loculus	Japan		2023-06-19	2025-05-29	Monkeypox virus					PRJDB16992	SAMD00886238	METAGENOMIC	Targeted-Capture	Hybrid Selection	ILLUMINA	NextSeq 2000	23210961	6913198055	2025-06-01	DRR641191
DRR641192	PP_002Y11Y	PP_002Y11Y.1		Shinjuku, Tokyo 162-8640	insdc_ingest_user	Automated Ingest from INSDC/NCBI Virus by Loculus	Japan		2023-08-21	2025-05-29	Monkeypox virus					PRJDB16992	SAMD00886239	METAGENOMIC	Targeted-Capture	Hybrid Selection	ILLUMINA	NextSeq 2000	63261252	17617443643	2025-06-01	DRR641192
DRR641193	PP_002Y12W	PP_002Y12W.1		Shinjuku, Tokyo 162-8640	insdc_ingest_user	Automated Ingest from INSDC/NCBI Virus by Loculus	Japan		2023-08-21	2025-05-29	Monkeypox virus					PRJDB16992	SAMD00886240	METAGENOMIC	Targeted-Capture	Hybrid Selection	ILLUMINA	NextSeq 2000	51083499	14763296322	2025-06-01	DRR641193
DRR641194	PP_002Y13U	PP_002Y13U.1		Shinjuku, Tokyo 162-8640	insdc_ingest_user	Automated Ingest from INSDC/NCBI Virus by Loculus	Japan		2023-09-25	2025-05-29	Monkeypox virus					PRJDB16992	SAMD00886241	METAGENOMIC	Targeted-Capture	Hybrid Selection	ILLUMINA	Illumina iSeq 100	2547271	769275842	2025-06-01	DRR641194
ERR15140821	PP_002YWDD	PP_002YWDD.1	Sobral, Daniel; Cordeiro, Rita; Coelho, Luis; Ferreira, Rita; Borges, Vitor; Gomes, Joao Paulo	Instituto Nacional de Saude Doutor Ricardo Jorge (INSA), Portugal	daniel.sobral	Genomics and Bioinformatics Unit @ INSA, Portugal	Portugal		2025-04-27	2025-06-23		Illumina NextSeq 550		dx.doi.org/10.17504/protocols.io.5qpvob1nbl4o/v4		PRJEB53055	SAMEA118582465	METAGENOMIC	WGS	RANDOM	ILLUMINA	NextSeq 550	1095786	111149505	2025-06-27	ERR15140821
ERR15140822	PP_002YWEB	PP_002YWEB.1	Sobral, Daniel; Cordeiro, Rita; Coelho, Luis; Ferreira, Rita; Borges, Vitor; Gomes, Joao Paulo	Instituto Nacional de Saude Doutor Ricardo Jorge (INSA), Portugal	daniel.sobral	Genomics and Bioinformatics Unit @ INSA, Portugal	Portugal		2025-04-23	2025-06-23		Illumina NextSeq 550		dx.doi.org/10.17504/protocols.io.5qpvob1nbl4o/v4		PRJEB53055	SAMEA118582466	METAGENOMIC	WGS	RANDOM	ILLUMINA	NextSeq 550	1258754	124497149	2025-06-27	ERR15140822
ERR15140823	PP_002YWF9	PP_002YWF9.1	Sobral, Daniel; Cordeiro, Rita; Coelho, Luis; Ferreira, Rita; Borges, Vitor; Gomes, Joao Paulo	Instituto Nacional de Saude Doutor Ricardo Jorge (INSA), Portugal	daniel.sobral	Genomics and Bioinformatics Unit @ INSA, Portugal	Portugal		2025-05-20	2025-06-23		Illumina NextSeq 550		dx.doi.org/10.17504/protocols.io.5qpvob1nbl4o/v4		PRJEB53055	SAMEA118582467	METAGENOMIC	WGS	RANDOM	ILLUMINA	NextSeq 550	1754124	172764458	2025-06-27	ERR15140823
ERR15140824	PP_002YWG7	PP_002YWG7.1	Sobral, Daniel; Cordeiro, Rita; Coelho, Luis; Ferreira, Rita; Borges, Vitor; Gomes, Joao Paulo	Instituto Nacional de Saude Doutor Ricardo Jorge (INSA), Portugal	daniel.sobral	Genomics and Bioinformatics Unit @ INSA, Portugal	Portugal		2025-05-19	2025-06-23		Illumina NextSeq 550		dx.doi.org/10.17504/protocols.io.5qpvob1nbl4o/v4		PRJEB53055	SAMEA118582468	METAGENOMIC	WGS	RANDOM	ILLUMINA	NextSeq 550	1444126	142603419	2025-06-27	ERR15140824
ERR15140825	PP_002YWH4	PP_002YWH4.1	Sobral, Daniel; Cordeiro, Rita; Coelho, Luis; Ferreira, Rita; Borges, Vitor; Gomes, Joao Paulo	Instituto Nacional de Saude Doutor Ricardo Jorge (INSA), Portugal	daniel.sobral	Genomics and Bioinformatics Unit @ INSA, Portugal	Portugal		2025-05-28	2025-06-23		Illumina NextSeq 550		dx.doi.org/10.17504/protocols.io.5qpvob1nbl4o/v4		PRJEB53055	SAMEA118582469	METAGENOMIC	WGS	RANDOM	ILLUMINA	NextSeq 550	1755810	167766131	2025-06-27	ERR15140825
ERR15140826	PP_002YWJ2	PP_002YWJ2.1	Sobral, Daniel; Cordeiro, Rita; Coelho, Luis; Ferreira, Rita; Borges, Vitor; Gomes, Joao Paulo	Instituto Nacional de Saude Doutor Ricardo Jorge (INSA), Portugal	daniel.sobral	Genomics and Bioinformatics Unit @ INSA, Portugal	Portugal		2025-06-04	2025-06-23		Illumina NextSeq 550		dx.doi.org/10.17504/protocols.io.5qpvob1nbl4o/v4		PRJEB53055	SAMEA118582470	METAGENOMIC	WGS	RANDOM	ILLUMINA	NextSeq 550	1363576	137197442	2025-06-27	ERR15140826
ERR15282004	PP_0031VNP	PP_0031VNP.1	Sobral, Daniel; Cordeiro, Rita; Coelho, Luis; Ferreira, Rita; Borges, Vitor; Gomes, Joao Paulo	Instituto Nacional de Saude Doutor Ricardo Jorge (INSA), Portugal	daniel.sobral	Genomics and Bioinformatics Unit @ INSA, Portugal	Portugal		2025-06-12	2025-07-14		Illumina NextSeq 550		dx.doi.org/10.17504/protocols.io.5qpvob1nbl4o/v4		PRJEB53055	SAMEA118756123	METAGENOMIC	WGS	RANDOM	ILLUMINA	NextSeq 550	612020	67165778	2025-07-15	ERR15282004
ERR15282005	PP_0031VPM	PP_0031VPM.1	Sobral, Daniel; Cordeiro, Rita; Coelho, Luis; Ferreira, Rita; Borges, Vitor; Gomes, Joao Paulo	Instituto Nacional de Saude Doutor Ricardo Jorge (INSA), Portugal	daniel.sobral	Genomics and Bioinformatics Unit @ INSA, Portugal	Portugal		2025-06-12	2025-07-14		Illumina NextSeq 550		dx.doi.org/10.17504/protocols.io.5qpvob1nbl4o/v4		PRJEB53055	SAMEA118756124	METAGENOMIC	WGS	RANDOM	ILLUMINA	NextSeq 550	488496	55116864	2025-07-15	ERR15282005
SRR34548260	PP_0031WKU	PP_0031WKU.1	Agbodzi, B.; Kumordjie, S.; Ofori, M.; Abankwa, A.; Wiley, J. D.; Enimil, N.; Yeboah, C. N.; Pratt, D.; Antwi-Agyei, J.; Laryea, D.; Ketorwoley, P.; Naa Dedei Acquah Amaning, J.; Boapea, M. S.; Bour, S.; Ohene, S.-A.; Chapman, R. C.; Sanders, T.; Wiley, M. R.; Guyo, A. G.; Avevor, P.; Asiedu-Bekoe, F.; Aboagye, P. K.; Odoom, J. K.; Yeboah-Manu, D.; Bonney, J. H. K.	PathoSeq Bio LLC, Bioinformatics	insdc_ingest_user	Automated Ingest from INSDC/NCBI Virus by Loculus	Ghana	Ashanti	2022-06-02	2025-08-02	Monkeypox virus					PRJNA1261604	SAMN49980166	GENOMIC	Targeted-Capture	Hybrid Selection	ILLUMINA	Illumina MiSeq	309189	74714387	2025-07-17	SRR34548260
SRR34548259	PP_0031WLS	PP_0031WLS.1	Agbodzi, B.; Kumordjie, S.; Ofori, M.; Abankwa, A.; Wiley, J. D.; Enimil, N.; Yeboah, C. N.; Pratt, D.; Antwi-Agyei, J.; Laryea, D.; Ketorwoley, P.; Naa Dedei Acquah Amaning, J.; Boapea, M. S.; Bour, S.; Ohene, S.-A.; Chapman, R. C.; Sanders, T.; Wiley, M. R.; Guyo, A. G.; Avevor, P.; Asiedu-Bekoe, F.; Aboagye, P. K.; Odoom, J. K.; Yeboah-Manu, D.; Bonney, J. H. K.	PathoSeq Bio LLC, Bioinformatics	insdc_ingest_user	Automated Ingest from INSDC/NCBI Virus by Loculus	Ghana	Bono [formerly Brong-Ahafo]	2022-06-03	2025-08-02	Monkeypox virus					PRJNA1261604	SAMN49980167	GENOMIC	Targeted-Capture	Hybrid Selection	ILLUMINA	Illumina MiSeq	967855	137583872	2025-07-17	SRR34548259
SRR34548250	PP_0031WMQ	PP_0031WMQ.1	Agbodzi, B.; Kumordjie, S.; Ofori, M.; Abankwa, A.; Wiley, J. D.; Enimil, N.; Yeboah, C. N.; Pratt, D.; Antwi-Agyei, J.; Laryea, D.; Ketorwoley, P.; Naa Dedei Acquah Amaning, J.; Boapea, M. S.; Bour, S.; Ohene, S.-A.; Chapman, R. C.; Sanders, T.; Wiley, M. R.; Guyo, A. G.; Avevor, P.; Asiedu-Bekoe, F.; Aboagye, P. K.; Odoom, J. K.; Yeboah-Manu, D.; Bonney, J. H. K.	PathoSeq Bio LLC, Bioinformatics	insdc_ingest_user	Automated Ingest from INSDC/NCBI Virus by Loculus	Ghana	Greater Accra	2022-06-10	2025-08-02	Monkeypox virus					PRJNA1261604	SAMN49980168	GENOMIC	Targeted-Capture	Hybrid Selection	ILLUMINA	Illumina MiSeq	330222	82416146	2025-07-17	SRR34548250
SRR34548249	PP_0031WNN	PP_0031WNN.1	Agbodzi, B.; Kumordjie, S.; Ofori, M.; Abankwa, A.; Wiley, J. D.; Enimil, N.; Yeboah, C. N.; Pratt, D.; Antwi-Agyei, J.; Laryea, D.; Ketorwoley, P.; Naa Dedei Acquah Amaning, J.; Boapea, M. S.; Bour, S.; Ohene, S.-A.; Chapman, R. C.; Sanders, T.; Wiley, M. R.; Guyo, A. G.; Avevor, P.; Asiedu-Bekoe, F.; Aboagye, P. K.; Odoom, J. K.; Yeboah-Manu, D.; Bonney, J. H. K.	PathoSeq Bio LLC, Bioinformatics	insdc_ingest_user	Automated Ingest from INSDC/NCBI Virus by Loculus	Ghana	Greater Accra	2022-06-13	2025-08-02	Monkeypox virus					PRJNA1261604	SAMN49980169	GENOMIC	Targeted-Capture	Hybrid Selection	ILLUMINA	Illumina MiSeq	383899	96940354	2025-07-17	SRR34548249
SRR34548248	PP_0031WPL	PP_0031WPL.1	Agbodzi, B.; Kumordjie, S.; Ofori, M.; Abankwa, A.; Wiley, J. D.; Enimil, N.; Yeboah, C. N.; Pratt, D.; Antwi-Agyei, J.; Laryea, D.; Ketorwoley, P.; Naa Dedei Acquah Amaning, J.; Boapea, M. S.; Bour, S.; Ohene, S.-A.; Chapman, R. C.; Sanders, T.; Wiley, M. R.; Guyo, A. G.; Avevor, P.; Asiedu-Bekoe, F.; Aboagye, P. K.; Odoom, J. K.; Yeboah-Manu, D.; Bonney, J. H. K.	PathoSeq Bio LLC, Bioinformatics	insdc_ingest_user	Automated Ingest from INSDC/NCBI Virus by Loculus	Ghana	Greater Accra	2022-06-14	2025-08-02	Monkeypox virus					PRJNA1261604	SAMN49980170	GENOMIC	Targeted-Capture	Hybrid Selection	ILLUMINA	Illumina MiSeq	364010	92393569	2025-07-17	SRR34548248
SRR34548247	PP_0031WQJ	PP_0031WQJ.1	Agbodzi, B.; Kumordjie, S.; Ofori, M.; Abankwa, A.; Wiley, J. D.; Enimil, N.; Yeboah, C. N.; Pratt, D.; Antwi-Agyei, J.; Laryea, D.; Ketorwoley, P.; Naa Dedei Acquah Amaning, J.; Boapea, M. S.; Bour, S.; Ohene, S.-A.; Chapman, R. C.; Sanders, T.; Wiley, M. R.; Guyo, A. G.; Avevor, P.; Asiedu-Bekoe, F.; Aboagye, P. K.; Odoom, J. K.; Yeboah-Manu, D.; Bonney, J. H. K.	PathoSeq Bio LLC, Bioinformatics	insdc_ingest_user	Automated Ingest from INSDC/NCBI Virus by Loculus	Ghana	Greater Accra	2022-06-28	2025-08-02	Monkeypox virus					PRJNA1261604	SAMN49980171	GENOMIC	Targeted-Capture	Hybrid Selection	ILLUMINA	Illumina MiSeq	41975	10525084	2025-07-17	SRR34548247
SRR34548246	PP_0031WRG	PP_0031WRG.1	Agbodzi, B.; Kumordjie, S.; Ofori, M.; Abankwa, A.; Wiley, J. D.; Enimil, N.; Yeboah, C. N.; Pratt, D.; Antwi-Agyei, J.; Laryea, D.; Ketorwoley, P.; Naa Dedei Acquah Amaning, J.; Boapea, M. S.; Bour, S.; Ohene, S.-A.; Chapman, R. C.; Sanders, T.; Wiley, M. R.; Guyo, A. G.; Avevor, P.; Asiedu-Bekoe, F.; Aboagye, P. K.; Odoom, J. K.; Yeboah-Manu, D.; Bonney, J. H. K.	PathoSeq Bio LLC, Bioinformatics	insdc_ingest_user	Automated Ingest from INSDC/NCBI Virus by Loculus	Ghana	Greater Accra	2022-07-26	2025-08-02	Monkeypox virus					PRJNA1261604	SAMN49980172	GENOMIC	Targeted-Capture	Hybrid Selection	ILLUMINA	Illumina MiSeq	43512	11366942	2025-07-17	SRR34548246
SRR34548245	PP_0031WSE	PP_0031WSE.1	Agbodzi, B.; Kumordjie, S.; Ofori, M.; Abankwa, A.; Wiley, J. D.; Enimil, N.; Yeboah, C. N.; Pratt, D.; Antwi-Agyei, J.; Laryea, D.; Ketorwoley, P.; Naa Dedei Acquah Amaning, J.; Boapea, M. S.; Bour, S.; Ohene, S.-A.; Chapman, R. C.; Sanders, T.; Wiley, M. R.; Guyo, A. G.; Avevor, P.; Asiedu-Bekoe, F.; Aboagye, P. K.; Odoom, J. K.; Yeboah-Manu, D.; Bonney, J. H. K.	PathoSeq Bio LLC, Bioinformatics	insdc_ingest_user	Automated Ingest from INSDC/NCBI Virus by Loculus	Ghana	Greater Accra	2022-07-26	2025-08-02	Monkeypox virus					PRJNA1261604	SAMN49980173	GENOMIC	Targeted-Capture	Hybrid Selection	ILLUMINA	Illumina MiSeq	366752	90981206	2025-07-17	SRR34548245
SRR34548244	PP_0031WTC	PP_0031WTC.1	Agbodzi, B.; Kumordjie, S.; Ofori, M.; Abankwa, A.; Wiley, J. D.; Enimil, N.; Yeboah, C. N.; Pratt, D.; Antwi-Agyei, J.; Laryea, D.; Ketorwoley, P.; Naa Dedei Acquah Amaning, J.; Boapea, M. S.; Bour, S.; Ohene, S.-A.; Chapman, R. C.; Sanders, T.; Wiley, M. R.; Guyo, A. G.; Avevor, P.; Asiedu-Bekoe, F.; Aboagye, P. K.; Odoom, J. K.; Yeboah-Manu, D.; Bonney, J. H. K.	PathoSeq Bio LLC, Bioinformatics	insdc_ingest_user	Automated Ingest from INSDC/NCBI Virus by Loculus	Ghana	Upper East	2022-07-27	2025-08-02	Monkeypox virus					PRJNA1261604	SAMN49980174	GENOMIC	Targeted-Capture	Hybrid Selection	ILLUMINA	Illumina MiSeq	306319	77885264	2025-07-17	SRR34548244
SRR34548243	PP_0031WUA	PP_0031WUA.1	Agbodzi, B.; Kumordjie, S.; Ofori, M.; Abankwa, A.; Wiley, J. D.; Enimil, N.; Yeboah, C. N.; Pratt, D.; Antwi-Agyei, J.; Laryea, D.; Ketorwoley, P.; Naa Dedei Acquah Amaning, J.; Boapea, M. S.; Bour, S.; Ohene, S.-A.; Chapman, R. C.; Sanders, T.; Wiley, M. R.; Guyo, A. G.; Avevor, P.; Asiedu-Bekoe, F.; Aboagye, P. K.; Odoom, J. K.; Yeboah-Manu, D.; Bonney, J. H. K.	PathoSeq Bio LLC, Bioinformatics	insdc_ingest_user	Automated Ingest from INSDC/NCBI Virus by Loculus	Ghana	Greater Accra	2022-08-01	2025-08-02	Monkeypox virus					PRJNA1261604	SAMN49980175	GENOMIC	Targeted-Capture	Hybrid Selection	ILLUMINA	Illumina MiSeq	652254	141646075	2025-07-17	SRR34548243
SRR34548258	PP_0031WV8	PP_0031WV8.1	Agbodzi, B.; Kumordjie, S.; Ofori, M.; Abankwa, A.; Wiley, J. D.; Enimil, N.; Yeboah, C. N.; Pratt, D.; Antwi-Agyei, J.; Laryea, D.; Ketorwoley, P.; Naa Dedei Acquah Amaning, J.; Boapea, M. S.; Bour, S.; Ohene, S.-A.; Chapman, R. C.; Sanders, T.; Wiley, M. R.; Guyo, A. G.; Avevor, P.; Asiedu-Bekoe, F.; Aboagye, P. K.; Odoom, J. K.; Yeboah-Manu, D.; Bonney, J. H. K.	PathoSeq Bio LLC, Bioinformatics	insdc_ingest_user	Automated Ingest from INSDC/NCBI Virus by Loculus	Ghana	Greater Accra	2022-08-02	2025-08-02	Monkeypox virus					PRJNA1261604	SAMN49980176	GENOMIC	Targeted-Capture	Hybrid Selection	ILLUMINA	Illumina MiSeq	176657	46624996	2025-07-17	SRR34548258
SRR34548257	PP_0031WW6	PP_0031WW6.1	Agbodzi, B.; Kumordjie, S.; Ofori, M.; Abankwa, A.; Wiley, J. D.; Enimil, N.; Yeboah, C. N.; Pratt, D.; Antwi-Agyei, J.; Laryea, D.; Ketorwoley, P.; Naa Dedei Acquah Amaning, J.; Boapea, M. S.; Bour, S.; Ohene, S.-A.; Chapman, R. C.; Sanders, T.; Wiley, M. R.; Guyo, A. G.; Avevor, P.; Asiedu-Bekoe, F.; Aboagye, P. K.; Odoom, J. K.; Yeboah-Manu, D.; Bonney, J. H. K.	PathoSeq Bio LLC, Bioinformatics	insdc_ingest_user	Automated Ingest from INSDC/NCBI Virus by Loculus	Ghana	Greater Accra	2022-08-12	2025-08-02	Monkeypox virus					PRJNA1261604	SAMN49980177	GENOMIC	Targeted-Capture	Hybrid Selection	ILLUMINA	Illumina MiSeq	726638	169918767	2025-07-17	SRR34548257
SRR34548256	PP_0031WX4	PP_0031WX4.1	Agbodzi, B.; Kumordjie, S.; Ofori, M.; Abankwa, A.; Wiley, J. D.; Enimil, N.; Yeboah, C. N.; Pratt, D.; Antwi-Agyei, J.; Laryea, D.; Ketorwoley, P.; Naa Dedei Acquah Amaning, J.; Boapea, M. S.; Bour, S.; Ohene, S.-A.; Chapman, R. C.; Sanders, T.; Wiley, M. R.; Guyo, A. G.; Avevor, P.; Asiedu-Bekoe, F.; Aboagye, P. K.; Odoom, J. K.; Yeboah-Manu, D.; Bonney, J. H. K.	PathoSeq Bio LLC, Bioinformatics	insdc_ingest_user	Automated Ingest from INSDC/NCBI Virus by Loculus	Ghana	Greater Accra	2022-08-15	2025-08-02	Monkeypox virus					PRJNA1261604	SAMN49980178	GENOMIC	Targeted-Capture	Hybrid Selection	ILLUMINA	Illumina MiSeq	615048	158434251	2025-07-17	SRR34548256
SRR34548255	PP_0031WY2	PP_0031WY2.1	Agbodzi, B.; Kumordjie, S.; Ofori, M.; Abankwa, A.; Wiley, J. D.; Enimil, N.; Yeboah, C. N.; Pratt, D.; Antwi-Agyei, J.; Laryea, D.; Ketorwoley, P.; Naa Dedei Acquah Amaning, J.; Boapea, M. S.; Bour, S.; Ohene, S.-A.; Chapman, R. C.; Sanders, T.; Wiley, M. R.; Guyo, A. G.; Avevor, P.; Asiedu-Bekoe, F.; Aboagye, P. K.; Odoom, J. K.; Yeboah-Manu, D.; Bonney, J. H. K.	PathoSeq Bio LLC, Bioinformatics	insdc_ingest_user	Automated Ingest from INSDC/NCBI Virus by Loculus	Ghana	Greater Accra	2022-08-30	2025-08-02	Monkeypox virus					PRJNA1261604	SAMN49980179	GENOMIC	Targeted-Capture	Hybrid Selection	ILLUMINA	Illumina MiSeq	1279710	310773853	2025-07-17	SRR34548255
SRR34548254	PP_0031WZ0	PP_0031WZ0.1	Agbodzi, B.; Kumordjie, S.; Ofori, M.; Abankwa, A.; Wiley, J. D.; Enimil, N.; Yeboah, C. N.; Pratt, D.; Antwi-Agyei, J.; Laryea, D.; Ketorwoley, P.; Naa Dedei Acquah Amaning, J.; Boapea, M. S.; Bour, S.; Ohene, S.-A.; Chapman, R. C.; Sanders, T.; Wiley, M. R.; Guyo, A. G.; Avevor, P.; Asiedu-Bekoe, F.; Aboagye, P. K.; Odoom, J. K.; Yeboah-Manu, D.; Bonney, J. H. K.	PathoSeq Bio LLC, Bioinformatics	insdc_ingest_user	Automated Ingest from INSDC/NCBI Virus by Loculus	Ghana	Greater Accra	2022-09-06	2025-08-02	Monkeypox virus					PRJNA1261604	SAMN49980180	GENOMIC	Targeted-Capture	Hybrid Selection	ILLUMINA	Illumina MiSeq	752085	185074477	2025-07-17	SRR34548254
SRR34548253	PP_0031X0Y	PP_0031X0Y.1	Agbodzi, B.; Kumordjie, S.; Ofori, M.; Abankwa, A.; Wiley, J. D.; Enimil, N.; Yeboah, C. N.; Pratt, D.; Antwi-Agyei, J.; Laryea, D.; Ketorwoley, P.; Naa Dedei Acquah Amaning, J.; Boapea, M. S.; Bour, S.; Ohene, S.-A.; Chapman, R. C.; Sanders, T.; Wiley, M. R.; Guyo, A. G.; Avevor, P.; Asiedu-Bekoe, F.; Aboagye, P. K.; Odoom, J. K.; Yeboah-Manu, D.; Bonney, J. H. K.	PathoSeq Bio LLC, Bioinformatics	insdc_ingest_user	Automated Ingest from INSDC/NCBI Virus by Loculus	Ghana	Greater Accra	2022-09-17	2025-08-02	Monkeypox virus					PRJNA1261604	SAMN49980181	GENOMIC	Targeted-Capture	Hybrid Selection	ILLUMINA	Illumina MiSeq	889269	183597428	2025-07-17	SRR34548253
SRR34548252	PP_0031X1W	PP_0031X1W.1	Agbodzi, B.; Kumordjie, S.; Ofori, M.; Abankwa, A.; Wiley, J. D.; Enimil, N.; Yeboah, C. N.; Pratt, D.; Antwi-Agyei, J.; Laryea, D.; Ketorwoley, P.; Naa Dedei Acquah Amaning, J.; Boapea, M. S.; Bour, S.; Ohene, S.-A.; Chapman, R. C.; Sanders, T.; Wiley, M. R.; Guyo, A. G.; Avevor, P.; Asiedu-Bekoe, F.; Aboagye, P. K.; Odoom, J. K.; Yeboah-Manu, D.; Bonney, J. H. K.	PathoSeq Bio LLC, Bioinformatics	insdc_ingest_user	Automated Ingest from INSDC/NCBI Virus by Loculus	Ghana	Greater Accra	2022-10-10	2025-08-02	Monkeypox virus					PRJNA1261604	SAMN49980182	GENOMIC	Targeted-Capture	Hybrid Selection	OXFORD_NANOPORE	MinION	1735552	282769061	2025-07-17	SRR34548252
SRR34548251	PP_0031X2U	PP_0031X2U.1	Agbodzi, B.; Kumordjie, S.; Ofori, M.; Abankwa, A.; Wiley, J. D.; Enimil, N.; Yeboah, C. N.; Pratt, D.; Antwi-Agyei, J.; Laryea, D.; Ketorwoley, P.; Naa Dedei Acquah Amaning, J.; Boapea, M. S.; Bour, S.; Ohene, S.-A.; Chapman, R. C.; Sanders, T.; Wiley, M. R.; Guyo, A. G.; Avevor, P.; Asiedu-Bekoe, F.; Aboagye, P. K.; Odoom, J. K.; Yeboah-Manu, D.; Bonney, J. H. K.	PathoSeq Bio LLC, Bioinformatics	insdc_ingest_user	Automated Ingest from INSDC/NCBI Virus by Loculus	Ghana	Greater Accra	2022-10-24	2025-08-02	Monkeypox virus					PRJNA1261604	SAMN49980183	GENOMIC	Targeted-Capture	Hybrid Selection	OXFORD_NANOPORE	MinION	936331	173527848	2025-07-17	SRR34548251
ERR15499413	PP_003RMLL	PP_003RMLL.1	Sobral, Daniel; Cordeiro, Rita; Coelho, Luis; Ferreira, Rita; Borges, Vitor; Gomes, Joao Paulo	Instituto Nacional de Saude Doutor Ricardo Jorge (INSA), Portugal	daniel.sobral	Genomics and Bioinformatics Unit @ INSA, Portugal	Portugal		2025-07-03	2025-09-01		Illumina NextSeq 550		dx.doi.org/10.17504/protocols.io.5qpvob1nbl4o/v4		PRJEB53055	SAMEA120033762	METAGENOMIC	WGS	RANDOM	ILLUMINA	NextSeq 550	407044	46011454	2025-09-15	ERR15499413
ERR15499414	PP_003RMMJ	PP_003RMMJ.1	Sobral, Daniel; Cordeiro, Rita; Coelho, Luis; Ferreira, Rita; Borges, Vitor; Gomes, Joao Paulo	Instituto Nacional de Saude Doutor Ricardo Jorge (INSA), Portugal	daniel.sobral	Genomics and Bioinformatics Unit @ INSA, Portugal	Portugal		2025-07-14	2025-09-01		Illumina NextSeq 550		dx.doi.org/10.17504/protocols.io.5qpvob1nbl4o/v4		PRJEB53055	SAMEA120033763	METAGENOMIC	WGS	RANDOM	ILLUMINA	NextSeq 550	444208	50127066	2025-09-15	ERR15499414
ERR15499415	PP_003RMNG	PP_003RMNG.1	Sobral, Daniel; Cordeiro, Rita; Coelho, Luis; Ferreira, Rita; Borges, Vitor; Gomes, Joao Paulo	Instituto Nacional de Saude Doutor Ricardo Jorge (INSA), Portugal	daniel.sobral	Genomics and Bioinformatics Unit @ INSA, Portugal	Portugal		2025-07-17	2025-09-01		Illumina NextSeq 550		dx.doi.org/10.17504/protocols.io.5qpvob1nbl4o/v4		PRJEB53055	SAMEA120033764	METAGENOMIC	WGS	RANDOM	ILLUMINA	NextSeq 550	413498	46615141	2025-09-15	ERR15499415
ERR15499416	PP_003RMPE	PP_003RMPE.1	Sobral, Daniel; Cordeiro, Rita; Coelho, Luis; Ferreira, Rita; Borges, Vitor; Gomes, Joao Paulo	Instituto Nacional de Saude Doutor Ricardo Jorge (INSA), Portugal	daniel.sobral	Genomics and Bioinformatics Unit @ INSA, Portugal	Portugal		2025-07-25	2025-09-01		Illumina NextSeq 550		dx.doi.org/10.17504/protocols.io.5qpvob1nbl4o/v4		PRJEB53055	SAMEA120033765	METAGENOMIC	WGS	RANDOM	ILLUMINA	NextSeq 550	447650	50464979	2025-09-15	ERR15499416
ERR15499417	PP_003RMQC	PP_003RMQC.1	Sobral, Daniel; Cordeiro, Rita; Coelho, Luis; Ferreira, Rita; Borges, Vitor; Gomes, Joao Paulo	Instituto Nacional de Saude Doutor Ricardo Jorge (INSA), Portugal	daniel.sobral	Genomics and Bioinformatics Unit @ INSA, Portugal	Portugal		2025-08-06	2025-09-01		Illumina NextSeq 550		dx.doi.org/10.17504/protocols.io.5qpvob1nbl4o/v4		PRJEB53055	SAMEA120033766	METAGENOMIC	WGS	RANDOM	ILLUMINA	NextSeq 550	609072	68424780	2025-09-15	ERR15499417
ERR15499418	PP_003RMRA	PP_003RMRA.1	Sobral, Daniel; Cordeiro, Rita; Coelho, Luis; Ferreira, Rita; Borges, Vitor; Gomes, Joao Paulo	Instituto Nacional de Saude Doutor Ricardo Jorge (INSA), Portugal	daniel.sobral	Genomics and Bioinformatics Unit @ INSA, Portugal	Portugal		2025-08-10	2025-09-01		Illumina NextSeq 550		dx.doi.org/10.17504/protocols.io.5qpvob1nbl4o/v4		PRJEB53055	SAMEA120033767	METAGENOMIC	WGS	RANDOM	ILLUMINA	NextSeq 550	592618	65466691	2025-09-15	ERR15499418
SRR10017689	PP_003RPEX	PP_003RPEX.1	Shashan, N.; Makarenko, J.; Tallon, L.; Sadzewicz, L.; Vavikolanu, K.; Mehta, A.; Aluvathingal, J.; Nadendla, S.; Myers, T.; Yan, Y.; Sichtig, H.	US Food and Drug Administration, Center for Devices and Radiological Health	insdc_ingest_user	Automated Ingest from INSDC/NCBI Virus by Loculus	USA	MD		2026-03-03	Monkeypox virus					PRJNA231221	SAMN11078000	VIRAL RNA	WGS	cDNA	ILLUMINA	Illumina MiSeq	417447	251303094	2019-08-27	SRR10017689
SRR10017689	PP_003RPFV	PP_003RPFV.1	Shashan, N.; Makarenko, J.; Tallon, L.; Sadzewicz, L.; Vavikolanu, K.; Mehta, A.; Aluvathingal, J.; Nadendla, S.; Myers, T.; Yan, Y.; Sichtig, H.	US Food and Drug Administration, Center for Devices and Radiological Health	insdc_ingest_user	Automated Ingest from INSDC/NCBI Virus by Loculus	USA	MD		2026-03-03	Monkeypox virus					PRJNA231221	SAMN11078000	VIRAL RNA	WGS	cDNA	ILLUMINA	Illumina MiSeq	417447	251303094	2019-08-27	SRR10017689
SRR10017689	PP_003RPGT	PP_003RPGT.1	Shashan, N.; Makarenko, J.; Tallon, L.; Sadzewicz, L.; Vavikolanu, K.; Mehta, A.; Aluvathingal, J.; Nadendla, S.; Myers, T.; Yan, Y.; Sichtig, H.	US Food and Drug Administration, Center for Devices and Radiological Health	insdc_ingest_user	Automated Ingest from INSDC/NCBI Virus by Loculus	USA	MD		2026-03-03	Monkeypox virus					PRJNA231221	SAMN11078000	VIRAL RNA	WGS	cDNA	ILLUMINA	Illumina MiSeq	417447	251303094	2019-08-27	SRR10017689
SRR10017689	PP_003RPHQ	PP_003RPHQ.1	Shashan, N.; Makarenko, J.; Tallon, L.; Sadzewicz, L.; Vavikolanu, K.; Mehta, A.; Aluvathingal, J.; Nadendla, S.; Myers, T.; Yan, Y.; Sichtig, H.	US Food and Drug Administration, Center for Devices and Radiological Health	insdc_ingest_user	Automated Ingest from INSDC/NCBI Virus by Loculus	USA	MD		2026-03-03	Monkeypox virus					PRJNA231221	SAMN11078000	VIRAL RNA	WGS	cDNA	ILLUMINA	Illumina MiSeq	417447	251303094	2019-08-27	SRR10017689
SRR10017689	PP_003RPJN	PP_003RPJN.1	Shashan, N.; Makarenko, J.; Tallon, L.; Sadzewicz, L.; Vavikolanu, K.; Mehta, A.; Aluvathingal, J.; Nadendla, S.; Myers, T.; Yan, Y.; Sichtig, H.	US Food and Drug Administration, Center for Devices and Radiological Health	insdc_ingest_user	Automated Ingest from INSDC/NCBI Virus by Loculus	USA	MD		2026-03-03	Monkeypox virus					PRJNA231221	SAMN11078000	VIRAL RNA	WGS	cDNA	ILLUMINA	Illumina MiSeq	417447	251303094	2019-08-27	SRR10017689
SRR10017689	PP_003RPKL	PP_003RPKL.1	Shashan, N.; Makarenko, J.; Tallon, L.; Sadzewicz, L.; Vavikolanu, K.; Mehta, A.; Aluvathingal, J.; Nadendla, S.; Myers, T.; Yan, Y.; Sichtig, H.	US Food and Drug Administration, Center for Devices and Radiological Health	insdc_ingest_user	Automated Ingest from INSDC/NCBI Virus by Loculus	USA	MD		2026-03-03	Monkeypox virus					PRJNA231221	SAMN11078000	VIRAL RNA	WGS	cDNA	ILLUMINA	Illumina MiSeq	417447	251303094	2019-08-27	SRR10017689
SRR10017689	PP_003RPLJ	PP_003RPLJ.1	Shashan, N.; Makarenko, J.; Tallon, L.; Sadzewicz, L.; Vavikolanu, K.; Mehta, A.; Aluvathingal, J.; Nadendla, S.; Myers, T.; Yan, Y.; Sichtig, H.	US Food and Drug Administration, Center for Devices and Radiological Health	insdc_ingest_user	Automated Ingest from INSDC/NCBI Virus by Loculus	USA	MD		2026-03-03	Monkeypox virus					PRJNA231221	SAMN11078000	VIRAL RNA	WGS	cDNA	ILLUMINA	Illumina MiSeq	417447	251303094	2019-08-27	SRR10017689
SRR10017689	PP_003RPMG	PP_003RPMG.1	Shashan, N.; Makarenko, J.; Tallon, L.; Sadzewicz, L.; Vavikolanu, K.; Mehta, A.; Aluvathingal, J.; Nadendla, S.; Myers, T.; Yan, Y.; Sichtig, H.	US Food and Drug Administration, Center for Devices and Radiological Health	insdc_ingest_user	Automated Ingest from INSDC/NCBI Virus by Loculus	USA	MD		2026-03-03	Monkeypox virus					PRJNA231221	SAMN11078000	VIRAL RNA	WGS	cDNA	ILLUMINA	Illumina MiSeq	417447	251303094	2019-08-27	SRR10017689
SRR10017689	PP_003RPNE	PP_003RPNE.1	Shashan, N.; Makarenko, J.; Tallon, L.; Sadzewicz, L.; Vavikolanu, K.; Mehta, A.; Aluvathingal, J.; Nadendla, S.; Myers, T.; Yan, Y.; Sichtig, H.	US Food and Drug Administration, Center for Devices and Radiological Health	insdc_ingest_user	Automated Ingest from INSDC/NCBI Virus by Loculus	USA	MD		2026-03-03	Monkeypox virus					PRJNA231221	SAMN11078000	VIRAL RNA	WGS	cDNA	ILLUMINA	Illumina MiSeq	417447	251303094	2019-08-27	SRR10017689
SRR10017689	PP_003RPPC	PP_003RPPC.1	Shashan, N.; Makarenko, J.; Tallon, L.; Sadzewicz, L.; Vavikolanu, K.; Mehta, A.; Aluvathingal, J.; Nadendla, S.; Myers, T.; Yan, Y.; Sichtig, H.	US Food and Drug Administration, Center for Devices and Radiological Health	insdc_ingest_user	Automated Ingest from INSDC/NCBI Virus by Loculus	USA	MD		2026-03-03	Monkeypox virus					PRJNA231221	SAMN11078000	VIRAL RNA	WGS	cDNA	ILLUMINA	Illumina MiSeq	417447	251303094	2019-08-27	SRR10017689
SRR10017689	PP_003RPQA	PP_003RPQA.1	Shashan, N.; Makarenko, J.; Tallon, L.; Sadzewicz, L.; Vavikolanu, K.; Mehta, A.; Aluvathingal, J.; Nadendla, S.; Myers, T.; Yan, Y.; Sichtig, H.	US Food and Drug Administration, Center for Devices and Radiological Health	insdc_ingest_user	Automated Ingest from INSDC/NCBI Virus by Loculus	USA	MD		2026-03-03	Monkeypox virus					PRJNA231221	SAMN11078000	VIRAL RNA	WGS	cDNA	ILLUMINA	Illumina MiSeq	417447	251303094	2019-08-27	SRR10017689
SRR10017689	PP_003RPR8	PP_003RPR8.1	Shashan, N.; Makarenko, J.; Tallon, L.; Sadzewicz, L.; Vavikolanu, K.; Mehta, A.; Aluvathingal, J.; Nadendla, S.; Myers, T.; Yan, Y.; Sichtig, H.	US Food and Drug Administration, Center for Devices and Radiological Health	insdc_ingest_user	Automated Ingest from INSDC/NCBI Virus by Loculus	USA	MD		2026-03-03	Monkeypox virus					PRJNA231221	SAMN11078000	VIRAL RNA	WGS	cDNA	ILLUMINA	Illumina MiSeq	417447	251303094	2019-08-27	SRR10017689
SRR10017689	PP_003RPS6	PP_003RPS6.1	Shashan, N.; Makarenko, J.; Tallon, L.; Sadzewicz, L.; Vavikolanu, K.; Mehta, A.; Aluvathingal, J.; Nadendla, S.; Myers, T.; Yan, Y.; Sichtig, H.	US Food and Drug Administration, Center for Devices and Radiological Health	insdc_ingest_user	Automated Ingest from INSDC/NCBI Virus by Loculus	USA	MD		2026-03-03	Monkeypox virus					PRJNA231221	SAMN11078000	VIRAL RNA	WGS	cDNA	ILLUMINA	Illumina MiSeq	417447	251303094	2019-08-27	SRR10017689
SRR10017689	PP_003RPT4	PP_003RPT4.1	Shashan, N.; Makarenko, J.; Tallon, L.; Sadzewicz, L.; Vavikolanu, K.; Mehta, A.; Aluvathingal, J.; Nadendla, S.; Myers, T.; Yan, Y.; Sichtig, H.	US Food and Drug Administration, Center for Devices and Radiological Health	insdc_ingest_user	Automated Ingest from INSDC/NCBI Virus by Loculus	USA	MD		2026-03-03	Monkeypox virus					PRJNA231221	SAMN11078000	VIRAL RNA	WGS	cDNA	ILLUMINA	Illumina MiSeq	417447	251303094	2019-08-27	SRR10017689
SRR10017689	PP_003RPU2	PP_003RPU2.1	Shashan, N.; Makarenko, J.; Tallon, L.; Sadzewicz, L.; Vavikolanu, K.; Mehta, A.; Aluvathingal, J.; Nadendla, S.; Myers, T.; Yan, Y.; Sichtig, H.	US Food and Drug Administration, Center for Devices and Radiological Health	insdc_ingest_user	Automated Ingest from INSDC/NCBI Virus by Loculus	USA	MD		2026-03-03	Monkeypox virus					PRJNA231221	SAMN11078000	VIRAL RNA	WGS	cDNA	ILLUMINA	Illumina MiSeq	417447	251303094	2019-08-27	SRR10017689
SRR10017689	PP_003RPV0	PP_003RPV0.1	Shashan, N.; Makarenko, J.; Tallon, L.; Sadzewicz, L.; Vavikolanu, K.; Mehta, A.; Aluvathingal, J.; Nadendla, S.; Myers, T.; Yan, Y.; Sichtig, H.	US Food and Drug Administration, Center for Devices and Radiological Health	insdc_ingest_user	Automated Ingest from INSDC/NCBI Virus by Loculus	USA	MD		2026-03-03	Monkeypox virus					PRJNA231221	SAMN11078000	VIRAL RNA	WGS	cDNA	ILLUMINA	Illumina MiSeq	417447	251303094	2019-08-27	SRR10017689
SRR10017689	PP_003RPWY	PP_003RPWY.1	Shashan, N.; Makarenko, J.; Tallon, L.; Sadzewicz, L.; Vavikolanu, K.; Mehta, A.; Aluvathingal, J.; Nadendla, S.; Myers, T.; Yan, Y.; Sichtig, H.	US Food and Drug Administration, Center for Devices and Radiological Health	insdc_ingest_user	Automated Ingest from INSDC/NCBI Virus by Loculus	USA	MD		2026-03-03	Monkeypox virus					PRJNA231221	SAMN11078000	VIRAL RNA	WGS	cDNA	ILLUMINA	Illumina MiSeq	417447	251303094	2019-08-27	SRR10017689
SRR10017689	PP_003RPXW	PP_003RPXW.1	Shashan, N.; Makarenko, J.; Tallon, L.; Sadzewicz, L.; Vavikolanu, K.; Mehta, A.; Aluvathingal, J.; Nadendla, S.; Myers, T.; Yan, Y.; Sichtig, H.	US Food and Drug Administration, Center for Devices and Radiological Health	insdc_ingest_user	Automated Ingest from INSDC/NCBI Virus by Loculus	USA	MD		2026-03-03	Monkeypox virus					PRJNA231221	SAMN11078000	VIRAL RNA	WGS	cDNA	ILLUMINA	Illumina MiSeq	417447	251303094	2019-08-27	SRR10017689
SRR10017689	PP_003RPYU	PP_003RPYU.1	Shashan, N.; Makarenko, J.; Tallon, L.; Sadzewicz, L.; Vavikolanu, K.; Mehta, A.; Aluvathingal, J.; Nadendla, S.; Myers, T.; Yan, Y.; Sichtig, H.	US Food and Drug Administration, Center for Devices and Radiological Health	insdc_ingest_user	Automated Ingest from INSDC/NCBI Virus by Loculus	USA	MD		2026-03-03	Monkeypox virus					PRJNA231221	SAMN11078000	VIRAL RNA	WGS	cDNA	ILLUMINA	Illumina MiSeq	417447	251303094	2019-08-27	SRR10017689
SRR10017689	PP_003RPZS	PP_003RPZS.1	Shashan, N.; Makarenko, J.; Tallon, L.; Sadzewicz, L.; Vavikolanu, K.; Mehta, A.; Aluvathingal, J.; Nadendla, S.; Myers, T.; Yan, Y.; Sichtig, H.	US Food and Drug Administration, Center for Devices and Radiological Health	insdc_ingest_user	Automated Ingest from INSDC/NCBI Virus by Loculus	USA	MD		2026-03-03	Monkeypox virus					PRJNA231221	SAMN11078000	VIRAL RNA	WGS	cDNA	ILLUMINA	Illumina MiSeq	417447	251303094	2019-08-27	SRR10017689
SRR10017689	PP_003RQ0Q	PP_003RQ0Q.1	Shashan, N.; Makarenko, J.; Tallon, L.; Sadzewicz, L.; Vavikolanu, K.; Mehta, A.; Aluvathingal, J.; Nadendla, S.; Myers, T.; Yan, Y.; Sichtig, H.	US Food and Drug Administration, Center for Devices and Radiological Health	insdc_ingest_user	Automated Ingest from INSDC/NCBI Virus by Loculus	USA	MD		2026-03-03	Monkeypox virus					PRJNA231221	SAMN11078000	VIRAL RNA	WGS	cDNA	ILLUMINA	Illumina MiSeq	417447	251303094	2019-08-27	SRR10017689
SRR10017689	PP_003RQ1N	PP_003RQ1N.1	Shashan, N.; Makarenko, J.; Tallon, L.; Sadzewicz, L.; Vavikolanu, K.; Mehta, A.; Aluvathingal, J.; Nadendla, S.; Myers, T.; Yan, Y.; Sichtig, H.	US Food and Drug Administration, Center for Devices and Radiological Health	insdc_ingest_user	Automated Ingest from INSDC/NCBI Virus by Loculus	USA	MD		2026-03-03	Monkeypox virus					PRJNA231221	SAMN11078000	VIRAL RNA	WGS	cDNA	ILLUMINA	Illumina MiSeq	417447	251303094	2019-08-27	SRR10017689
SRR10017689	PP_003RQ2L	PP_003RQ2L.1	Shashan, N.; Makarenko, J.; Tallon, L.; Sadzewicz, L.; Vavikolanu, K.; Mehta, A.; Aluvathingal, J.; Nadendla, S.; Myers, T.; Yan, Y.; Sichtig, H.	US Food and Drug Administration, Center for Devices and Radiological Health	insdc_ingest_user	Automated Ingest from INSDC/NCBI Virus by Loculus	USA	MD		2026-03-03	Monkeypox virus					PRJNA231221	SAMN11078000	VIRAL RNA	WGS	cDNA	ILLUMINA	Illumina MiSeq	417447	251303094	2019-08-27	SRR10017689
SRR10017689	PP_003RQ3J	PP_003RQ3J.1	Shashan, N.; Makarenko, J.; Tallon, L.; Sadzewicz, L.; Vavikolanu, K.; Mehta, A.; Aluvathingal, J.; Nadendla, S.; Myers, T.; Yan, Y.; Sichtig, H.	US Food and Drug Administration, Center for Devices and Radiological Health	insdc_ingest_user	Automated Ingest from INSDC/NCBI Virus by Loculus	USA	MD		2026-03-03	Monkeypox virus					PRJNA231221	SAMN11078000	VIRAL RNA	WGS	cDNA	ILLUMINA	Illumina MiSeq	417447	251303094	2019-08-27	SRR10017689
SRR10017689	PP_003RQ4G	PP_003RQ4G.1	Shashan, N.; Makarenko, J.; Tallon, L.; Sadzewicz, L.; Vavikolanu, K.; Mehta, A.; Aluvathingal, J.; Nadendla, S.; Myers, T.; Yan, Y.; Sichtig, H.	US Food and Drug Administration, Center for Devices and Radiological Health	insdc_ingest_user	Automated Ingest from INSDC/NCBI Virus by Loculus	USA	MD		2026-03-03	Monkeypox virus					PRJNA231221	SAMN11078000	VIRAL RNA	WGS	cDNA	ILLUMINA	Illumina MiSeq	417447	251303094	2019-08-27	SRR10017689
SRR10017689	PP_003RQ5E	PP_003RQ5E.1	Shashan, N.; Makarenko, J.; Tallon, L.; Sadzewicz, L.; Vavikolanu, K.; Mehta, A.; Aluvathingal, J.; Nadendla, S.; Myers, T.; Yan, Y.; Sichtig, H.	US Food and Drug Administration, Center for Devices and Radiological Health	insdc_ingest_user	Automated Ingest from INSDC/NCBI Virus by Loculus	USA	MD		2026-03-03	Monkeypox virus					PRJNA231221	SAMN11078000	VIRAL RNA	WGS	cDNA	ILLUMINA	Illumina MiSeq	417447	251303094	2019-08-27	SRR10017689
SRR10017689	PP_003RQ6C	PP_003RQ6C.1	Shashan, N.; Makarenko, J.; Tallon, L.; Sadzewicz, L.; Vavikolanu, K.; Mehta, A.; Aluvathingal, J.; Nadendla, S.; Myers, T.; Yan, Y.; Sichtig, H.	US Food and Drug Administration, Center for Devices and Radiological Health	insdc_ingest_user	Automated Ingest from INSDC/NCBI Virus by Loculus	USA	MD		2026-03-03	Monkeypox virus					PRJNA231221	SAMN11078000	VIRAL RNA	WGS	cDNA	ILLUMINA	Illumina MiSeq	417447	251303094	2019-08-27	SRR10017689
SRR10017689	PP_003RQ7A	PP_003RQ7A.1	Shashan, N.; Makarenko, J.; Tallon, L.; Sadzewicz, L.; Vavikolanu, K.; Mehta, A.; Aluvathingal, J.; Nadendla, S.; Myers, T.; Yan, Y.; Sichtig, H.	US Food and Drug Administration, Center for Devices and Radiological Health	insdc_ingest_user	Automated Ingest from INSDC/NCBI Virus by Loculus	USA	MD		2026-03-03	Monkeypox virus					PRJNA231221	SAMN11078000	VIRAL RNA	WGS	cDNA	ILLUMINA	Illumina MiSeq	417447	251303094	2019-08-27	SRR10017689
SRR10017689	PP_003RQ88	PP_003RQ88.1	Shashan, N.; Makarenko, J.; Tallon, L.; Sadzewicz, L.; Vavikolanu, K.; Mehta, A.; Aluvathingal, J.; Nadendla, S.; Myers, T.; Yan, Y.; Sichtig, H.	US Food and Drug Administration, Center for Devices and Radiological Health	insdc_ingest_user	Automated Ingest from INSDC/NCBI Virus by Loculus	USA	MD		2026-03-03	Monkeypox virus					PRJNA231221	SAMN11078000	VIRAL RNA	WGS	cDNA	ILLUMINA	Illumina MiSeq	417447	251303094	2019-08-27	SRR10017689
SRR10017689	PP_003RQA4	PP_003RQA4.1	Shashan, N.; Makarenko, J.; Tallon, L.; Sadzewicz, L.; Vavikolanu, K.; Mehta, A.; Aluvathingal, J.; Nadendla, S.; Myers, T.; Yan, Y.; Sichtig, H.	US Food and Drug Administration, Center for Devices and Radiological Health	insdc_ingest_user	Automated Ingest from INSDC/NCBI Virus by Loculus	USA	MD		2026-03-03	Monkeypox virus					PRJNA231221	SAMN11078000	VIRAL RNA	WGS	cDNA	ILLUMINA	Illumina MiSeq	417447	251303094	2019-08-27	SRR10017689
SRR10017689	PP_003RQB2	PP_003RQB2.1	Shashan, N.; Makarenko, J.; Tallon, L.; Sadzewicz, L.; Vavikolanu, K.; Mehta, A.; Aluvathingal, J.; Nadendla, S.; Myers, T.; Yan, Y.; Sichtig, H.	US Food and Drug Administration, Center for Devices and Radiological Health	insdc_ingest_user	Automated Ingest from INSDC/NCBI Virus by Loculus	USA	MD		2026-03-03	Monkeypox virus					PRJNA231221	SAMN11078000	VIRAL RNA	WGS	cDNA	ILLUMINA	Illumina MiSeq	417447	251303094	2019-08-27	SRR10017689
SRR10027401	PP_003RQDY	PP_003RQDY.1	Hunt, S.; Shashan, N.; Tallon, L.; Sadzewicz, L.; Vavikolanu, K.; Mehta, A.; Aluvathingal, J.; Nadendla, S.; Myers, T.; Yan, Y.; Sichtig, H.	US Food and Drug Administration, Center for Devices and Radiological Health	insdc_ingest_user	Automated Ingest from INSDC/NCBI Virus by Loculus	USA	MD		2026-03-03	Monkeypox virus					PRJNA231221	SAMN11077999	VIRAL RNA	WGS	cDNA	ILLUMINA	Illumina MiSeq	439093	264333986	2019-08-30	SRR10027401
SRR10027401	PP_003RQEW	PP_003RQEW.1	Hunt, S.; Shashan, N.; Tallon, L.; Sadzewicz, L.; Vavikolanu, K.; Mehta, A.; Aluvathingal, J.; Nadendla, S.; Myers, T.; Yan, Y.; Sichtig, H.	US Food and Drug Administration, Center for Devices and Radiological Health	insdc_ingest_user	Automated Ingest from INSDC/NCBI Virus by Loculus	USA	MD		2026-03-03	Monkeypox virus					PRJNA231221	SAMN11077999	VIRAL RNA	WGS	cDNA	ILLUMINA	Illumina MiSeq	439093	264333986	2019-08-30	SRR10027401
SRR10027401	PP_003RQFU	PP_003RQFU.1	Hunt, S.; Shashan, N.; Tallon, L.; Sadzewicz, L.; Vavikolanu, K.; Mehta, A.; Aluvathingal, J.; Nadendla, S.; Myers, T.; Yan, Y.; Sichtig, H.	US Food and Drug Administration, Center for Devices and Radiological Health	insdc_ingest_user	Automated Ingest from INSDC/NCBI Virus by Loculus	USA	MD		2026-03-03	Monkeypox virus					PRJNA231221	SAMN11077999	VIRAL RNA	WGS	cDNA	ILLUMINA	Illumina MiSeq	439093	264333986	2019-08-30	SRR10027401
SRR10027401	PP_003RQGS	PP_003RQGS.1	Hunt, S.; Shashan, N.; Tallon, L.; Sadzewicz, L.; Vavikolanu, K.; Mehta, A.; Aluvathingal, J.; Nadendla, S.; Myers, T.; Yan, Y.; Sichtig, H.	US Food and Drug Administration, Center for Devices and Radiological Health	insdc_ingest_user	Automated Ingest from INSDC/NCBI Virus by Loculus	USA	MD		2026-03-03	Monkeypox virus					PRJNA231221	SAMN11077999	VIRAL RNA	WGS	cDNA	ILLUMINA	Illumina MiSeq	439093	264333986	2019-08-30	SRR10027401
SRR10027401	PP_003RQHP	PP_003RQHP.1	Hunt, S.; Shashan, N.; Tallon, L.; Sadzewicz, L.; Vavikolanu, K.; Mehta, A.; Aluvathingal, J.; Nadendla, S.; Myers, T.; Yan, Y.; Sichtig, H.	US Food and Drug Administration, Center for Devices and Radiological Health	insdc_ingest_user	Automated Ingest from INSDC/NCBI Virus by Loculus	USA	MD		2026-03-03	Monkeypox virus					PRJNA231221	SAMN11077999	VIRAL RNA	WGS	cDNA	ILLUMINA	Illumina MiSeq	439093	264333986	2019-08-30	SRR10027401
SRR10027401	PP_003RQJM	PP_003RQJM.1	Hunt, S.; Shashan, N.; Tallon, L.; Sadzewicz, L.; Vavikolanu, K.; Mehta, A.; Aluvathingal, J.; Nadendla, S.; Myers, T.; Yan, Y.; Sichtig, H.	US Food and Drug Administration, Center for Devices and Radiological Health	insdc_ingest_user	Automated Ingest from INSDC/NCBI Virus by Loculus	USA	MD		2026-03-03	Monkeypox virus					PRJNA231221	SAMN11077999	VIRAL RNA	WGS	cDNA	ILLUMINA	Illumina MiSeq	439093	264333986	2019-08-30	SRR10027401
SRR10027401	PP_003RQKK	PP_003RQKK.1	Hunt, S.; Shashan, N.; Tallon, L.; Sadzewicz, L.; Vavikolanu, K.; Mehta, A.; Aluvathingal, J.; Nadendla, S.; Myers, T.; Yan, Y.; Sichtig, H.	US Food and Drug Administration, Center for Devices and Radiological Health	insdc_ingest_user	Automated Ingest from INSDC/NCBI Virus by Loculus	USA	MD		2026-03-03	Monkeypox virus					PRJNA231221	SAMN11077999	VIRAL RNA	WGS	cDNA	ILLUMINA	Illumina MiSeq	439093	264333986	2019-08-30	SRR10027401
SRR10027401	PP_003RQLH	PP_003RQLH.1	Hunt, S.; Shashan, N.; Tallon, L.; Sadzewicz, L.; Vavikolanu, K.; Mehta, A.; Aluvathingal, J.; Nadendla, S.; Myers, T.; Yan, Y.; Sichtig, H.	US Food and Drug Administration, Center for Devices and Radiological Health	insdc_ingest_user	Automated Ingest from INSDC/NCBI Virus by Loculus	USA	MD		2026-03-03	Monkeypox virus					PRJNA231221	SAMN11077999	VIRAL RNA	WGS	cDNA	ILLUMINA	Illumina MiSeq	439093	264333986	2019-08-30	SRR10027401
SRR10027401	PP_003RQMF	PP_003RQMF.1	Hunt, S.; Shashan, N.; Tallon, L.; Sadzewicz, L.; Vavikolanu, K.; Mehta, A.; Aluvathingal, J.; Nadendla, S.; Myers, T.; Yan, Y.; Sichtig, H.	US Food and Drug Administration, Center for Devices and Radiological Health	insdc_ingest_user	Automated Ingest from INSDC/NCBI Virus by Loculus	USA	MD		2026-03-03	Monkeypox virus					PRJNA231221	SAMN11077999	VIRAL RNA	WGS	cDNA	ILLUMINA	Illumina MiSeq	439093	264333986	2019-08-30	SRR10027401
SRR10027401	PP_003RQND	PP_003RQND.1	Hunt, S.; Shashan, N.; Tallon, L.; Sadzewicz, L.; Vavikolanu, K.; Mehta, A.; Aluvathingal, J.; Nadendla, S.; Myers, T.; Yan, Y.; Sichtig, H.	US Food and Drug Administration, Center for Devices and Radiological Health	insdc_ingest_user	Automated Ingest from INSDC/NCBI Virus by Loculus	USA	MD		2026-03-03	Monkeypox virus					PRJNA231221	SAMN11077999	VIRAL RNA	WGS	cDNA	ILLUMINA	Illumina MiSeq	439093	264333986	2019-08-30	SRR10027401
SRR10027401	PP_003RQPB	PP_003RQPB.1	Hunt, S.; Shashan, N.; Tallon, L.; Sadzewicz, L.; Vavikolanu, K.; Mehta, A.; Aluvathingal, J.; Nadendla, S.; Myers, T.; Yan, Y.; Sichtig, H.	US Food and Drug Administration, Center for Devices and Radiological Health	insdc_ingest_user	Automated Ingest from INSDC/NCBI Virus by Loculus	USA	MD		2026-03-03	Monkeypox virus					PRJNA231221	SAMN11077999	VIRAL RNA	WGS	cDNA	ILLUMINA	Illumina MiSeq	439093	264333986	2019-08-30	SRR10027401
SRR10027401	PP_003RQQ9	PP_003RQQ9.1	Hunt, S.; Shashan, N.; Tallon, L.; Sadzewicz, L.; Vavikolanu, K.; Mehta, A.; Aluvathingal, J.; Nadendla, S.; Myers, T.; Yan, Y.; Sichtig, H.	US Food and Drug Administration, Center for Devices and Radiological Health	insdc_ingest_user	Automated Ingest from INSDC/NCBI Virus by Loculus	USA	MD		2026-03-03	Monkeypox virus					PRJNA231221	SAMN11077999	VIRAL RNA	WGS	cDNA	ILLUMINA	Illumina MiSeq	439093	264333986	2019-08-30	SRR10027401
SRR10027401	PP_003RQR7	PP_003RQR7.1	Hunt, S.; Shashan, N.; Tallon, L.; Sadzewicz, L.; Vavikolanu, K.; Mehta, A.; Aluvathingal, J.; Nadendla, S.; Myers, T.; Yan, Y.; Sichtig, H.	US Food and Drug Administration, Center for Devices and Radiological Health	insdc_ingest_user	Automated Ingest from INSDC/NCBI Virus by Loculus	USA	MD		2026-03-03	Monkeypox virus					PRJNA231221	SAMN11077999	VIRAL RNA	WGS	cDNA	ILLUMINA	Illumina MiSeq	439093	264333986	2019-08-30	SRR10027401
SRR10027401	PP_003RQS5	PP_003RQS5.1	Hunt, S.; Shashan, N.; Tallon, L.; Sadzewicz, L.; Vavikolanu, K.; Mehta, A.; Aluvathingal, J.; Nadendla, S.; Myers, T.; Yan, Y.; Sichtig, H.	US Food and Drug Administration, Center for Devices and Radiological Health	insdc_ingest_user	Automated Ingest from INSDC/NCBI Virus by Loculus	USA	MD		2026-03-03	Monkeypox virus					PRJNA231221	SAMN11077999	VIRAL RNA	WGS	cDNA	ILLUMINA	Illumina MiSeq	439093	264333986	2019-08-30	SRR10027401
SRR10027401	PP_003RQT3	PP_003RQT3.1	Hunt, S.; Shashan, N.; Tallon, L.; Sadzewicz, L.; Vavikolanu, K.; Mehta, A.; Aluvathingal, J.; Nadendla, S.; Myers, T.; Yan, Y.; Sichtig, H.	US Food and Drug Administration, Center for Devices and Radiological Health	insdc_ingest_user	Automated Ingest from INSDC/NCBI Virus by Loculus	USA	MD		2026-03-03	Monkeypox virus					PRJNA231221	SAMN11077999	VIRAL RNA	WGS	cDNA	ILLUMINA	Illumina MiSeq	439093	264333986	2019-08-30	SRR10027401
SRR10027401	PP_003RQU1	PP_003RQU1.1	Hunt, S.; Shashan, N.; Tallon, L.; Sadzewicz, L.; Vavikolanu, K.; Mehta, A.; Aluvathingal, J.; Nadendla, S.; Myers, T.; Yan, Y.; Sichtig, H.	US Food and Drug Administration, Center for Devices and Radiological Health	insdc_ingest_user	Automated Ingest from INSDC/NCBI Virus by Loculus	USA	MD		2026-03-03	Monkeypox virus					PRJNA231221	SAMN11077999	VIRAL RNA	WGS	cDNA	ILLUMINA	Illumina MiSeq	439093	264333986	2019-08-30	SRR10027401
SRR10027401	PP_003RQVZ	PP_003RQVZ.1	Hunt, S.; Shashan, N.; Tallon, L.; Sadzewicz, L.; Vavikolanu, K.; Mehta, A.; Aluvathingal, J.; Nadendla, S.; Myers, T.; Yan, Y.; Sichtig, H.	US Food and Drug Administration, Center for Devices and Radiological Health	insdc_ingest_user	Automated Ingest from INSDC/NCBI Virus by Loculus	USA	MD		2026-03-03	Monkeypox virus					PRJNA231221	SAMN11077999	VIRAL RNA	WGS	cDNA	ILLUMINA	Illumina MiSeq	439093	264333986	2019-08-30	SRR10027401
SRR10027401	PP_003RQWX	PP_003RQWX.1	Hunt, S.; Shashan, N.; Tallon, L.; Sadzewicz, L.; Vavikolanu, K.; Mehta, A.; Aluvathingal, J.; Nadendla, S.; Myers, T.; Yan, Y.; Sichtig, H.	US Food and Drug Administration, Center for Devices and Radiological Health	insdc_ingest_user	Automated Ingest from INSDC/NCBI Virus by Loculus	USA	MD		2026-03-03	Monkeypox virus					PRJNA231221	SAMN11077999	VIRAL RNA	WGS	cDNA	ILLUMINA	Illumina MiSeq	439093	264333986	2019-08-30	SRR10027401
SRR10027401	PP_003RQXV	PP_003RQXV.1	Hunt, S.; Shashan, N.; Tallon, L.; Sadzewicz, L.; Vavikolanu, K.; Mehta, A.; Aluvathingal, J.; Nadendla, S.; Myers, T.; Yan, Y.; Sichtig, H.	US Food and Drug Administration, Center for Devices and Radiological Health	insdc_ingest_user	Automated Ingest from INSDC/NCBI Virus by Loculus	USA	MD		2026-03-03	Monkeypox virus					PRJNA231221	SAMN11077999	VIRAL RNA	WGS	cDNA	ILLUMINA	Illumina MiSeq	439093	264333986	2019-08-30	SRR10027401
SRR10027401	PP_003RQYT	PP_003RQYT.1	Hunt, S.; Shashan, N.; Tallon, L.; Sadzewicz, L.; Vavikolanu, K.; Mehta, A.; Aluvathingal, J.; Nadendla, S.; Myers, T.; Yan, Y.; Sichtig, H.	US Food and Drug Administration, Center for Devices and Radiological Health	insdc_ingest_user	Automated Ingest from INSDC/NCBI Virus by Loculus	USA	MD		2026-03-03	Monkeypox virus					PRJNA231221	SAMN11077999	VIRAL RNA	WGS	cDNA	ILLUMINA	Illumina MiSeq	439093	264333986	2019-08-30	SRR10027401
SRR10027401	PP_003RQZR	PP_003RQZR.1	Hunt, S.; Shashan, N.; Tallon, L.; Sadzewicz, L.; Vavikolanu, K.; Mehta, A.; Aluvathingal, J.; Nadendla, S.; Myers, T.; Yan, Y.; Sichtig, H.	US Food and Drug Administration, Center for Devices and Radiological Health	insdc_ingest_user	Automated Ingest from INSDC/NCBI Virus by Loculus	USA	MD		2026-03-03	Monkeypox virus					PRJNA231221	SAMN11077999	VIRAL RNA	WGS	cDNA	ILLUMINA	Illumina MiSeq	439093	264333986	2019-08-30	SRR10027401
SRR10027401	PP_003RR0P	PP_003RR0P.1	Hunt, S.; Shashan, N.; Tallon, L.; Sadzewicz, L.; Vavikolanu, K.; Mehta, A.; Aluvathingal, J.; Nadendla, S.; Myers, T.; Yan, Y.; Sichtig, H.	US Food and Drug Administration, Center for Devices and Radiological Health	insdc_ingest_user	Automated Ingest from INSDC/NCBI Virus by Loculus	USA	MD		2026-03-03	Monkeypox virus					PRJNA231221	SAMN11077999	VIRAL RNA	WGS	cDNA	ILLUMINA	Illumina MiSeq	439093	264333986	2019-08-30	SRR10027401
SRR10027401	PP_003RR1M	PP_003RR1M.1	Hunt, S.; Shashan, N.; Tallon, L.; Sadzewicz, L.; Vavikolanu, K.; Mehta, A.; Aluvathingal, J.; Nadendla, S.; Myers, T.; Yan, Y.; Sichtig, H.	US Food and Drug Administration, Center for Devices and Radiological Health	insdc_ingest_user	Automated Ingest from INSDC/NCBI Virus by Loculus	USA	MD		2026-03-03	Monkeypox virus					PRJNA231221	SAMN11077999	VIRAL RNA	WGS	cDNA	ILLUMINA	Illumina MiSeq	439093	264333986	2019-08-30	SRR10027401
SRR10027401	PP_003RR2K	PP_003RR2K.1	Hunt, S.; Shashan, N.; Tallon, L.; Sadzewicz, L.; Vavikolanu, K.; Mehta, A.; Aluvathingal, J.; Nadendla, S.; Myers, T.; Yan, Y.; Sichtig, H.	US Food and Drug Administration, Center for Devices and Radiological Health	insdc_ingest_user	Automated Ingest from INSDC/NCBI Virus by Loculus	USA	MD		2026-03-03	Monkeypox virus					PRJNA231221	SAMN11077999	VIRAL RNA	WGS	cDNA	ILLUMINA	Illumina MiSeq	439093	264333986	2019-08-30	SRR10027401
SRR10027401	PP_003RR3H	PP_003RR3H.1	Hunt, S.; Shashan, N.; Tallon, L.; Sadzewicz, L.; Vavikolanu, K.; Mehta, A.; Aluvathingal, J.; Nadendla, S.; Myers, T.; Yan, Y.; Sichtig, H.	US Food and Drug Administration, Center for Devices and Radiological Health	insdc_ingest_user	Automated Ingest from INSDC/NCBI Virus by Loculus	USA	MD		2026-03-03	Monkeypox virus					PRJNA231221	SAMN11077999	VIRAL RNA	WGS	cDNA	ILLUMINA	Illumina MiSeq	439093	264333986	2019-08-30	SRR10027401
SRR10027401	PP_003RR4F	PP_003RR4F.1	Hunt, S.; Shashan, N.; Tallon, L.; Sadzewicz, L.; Vavikolanu, K.; Mehta, A.; Aluvathingal, J.; Nadendla, S.; Myers, T.; Yan, Y.; Sichtig, H.	US Food and Drug Administration, Center for Devices and Radiological Health	insdc_ingest_user	Automated Ingest from INSDC/NCBI Virus by Loculus	USA	MD		2026-03-03	Monkeypox virus					PRJNA231221	SAMN11077999	VIRAL RNA	WGS	cDNA	ILLUMINA	Illumina MiSeq	439093	264333986	2019-08-30	SRR10027401
SRR10027401	PP_003RR5D	PP_003RR5D.1	Hunt, S.; Shashan, N.; Tallon, L.; Sadzewicz, L.; Vavikolanu, K.; Mehta, A.; Aluvathingal, J.; Nadendla, S.; Myers, T.; Yan, Y.; Sichtig, H.	US Food and Drug Administration, Center for Devices and Radiological Health	insdc_ingest_user	Automated Ingest from INSDC/NCBI Virus by Loculus	USA	MD		2026-03-03	Monkeypox virus					PRJNA231221	SAMN11077999	VIRAL RNA	WGS	cDNA	ILLUMINA	Illumina MiSeq	439093	264333986	2019-08-30	SRR10027401
SRR10027401	PP_003RR6B	PP_003RR6B.1	Hunt, S.; Shashan, N.; Tallon, L.; Sadzewicz, L.; Vavikolanu, K.; Mehta, A.; Aluvathingal, J.; Nadendla, S.; Myers, T.; Yan, Y.; Sichtig, H.	US Food and Drug Administration, Center for Devices and Radiological Health	insdc_ingest_user	Automated Ingest from INSDC/NCBI Virus by Loculus	USA	MD		2026-03-03	Monkeypox virus					PRJNA231221	SAMN11077999	VIRAL RNA	WGS	cDNA	ILLUMINA	Illumina MiSeq	439093	264333986	2019-08-30	SRR10027401
SRR10027401	PP_003RR79	PP_003RR79.1	Hunt, S.; Shashan, N.; Tallon, L.; Sadzewicz, L.; Vavikolanu, K.; Mehta, A.; Aluvathingal, J.; Nadendla, S.; Myers, T.; Yan, Y.; Sichtig, H.	US Food and Drug Administration, Center for Devices and Radiological Health	insdc_ingest_user	Automated Ingest from INSDC/NCBI Virus by Loculus	USA	MD		2026-03-03	Monkeypox virus					PRJNA231221	SAMN11077999	VIRAL RNA	WGS	cDNA	ILLUMINA	Illumina MiSeq	439093	264333986	2019-08-30	SRR10027401
SRR10027401	PP_003RR87	PP_003RR87.1	Hunt, S.; Shashan, N.; Tallon, L.; Sadzewicz, L.; Vavikolanu, K.; Mehta, A.; Aluvathingal, J.; Nadendla, S.; Myers, T.; Yan, Y.; Sichtig, H.	US Food and Drug Administration, Center for Devices and Radiological Health	insdc_ingest_user	Automated Ingest from INSDC/NCBI Virus by Loculus	USA	MD		2026-03-03	Monkeypox virus					PRJNA231221	SAMN11077999	VIRAL RNA	WGS	cDNA	ILLUMINA	Illumina MiSeq	439093	264333986	2019-08-30	SRR10027401
ERR9784807	PP_003RRXU	PP_003RRXU.1	Pettke, A.; Filen, F.; Asgeirsson, H.; Glans, H.; Widgren, K.; Muradrasoli, S.; Helgesson, S.; Karlberg, M. L.; Walai, N.; Bjerkner, A.; Gourle, H.; Lindsjo, O. K.; Sonden, K.	Public Health Agency of Sweden, Unit for Laboratory Development and Technology Transfer , Folkhalsomyndigheten, 171 82 Solna	insdc_ingest_user	Automated Ingest from INSDC/NCBI Virus by Loculus	Sweden		2022-05-22	2026-03-03	Monkeypox virus					PRJEB53129	SAMEA14455959	METAGENOMIC	WGS	RANDOM	ION_TORRENT	Ion Torrent S5	2135073	171309867	2022-05-27	ERR9784807,ERR9784808
ERR9784808	PP_003RRXU	PP_003RRXU.1	Pettke, A.; Filen, F.; Asgeirsson, H.; Glans, H.; Widgren, K.; Muradrasoli, S.; Helgesson, S.; Karlberg, M. L.; Walai, N.; Bjerkner, A.; Gourle, H.; Lindsjo, O. K.; Sonden, K.	Public Health Agency of Sweden, Unit for Laboratory Development and Technology Transfer , Folkhalsomyndigheten, 171 82 Solna	insdc_ingest_user	Automated Ingest from INSDC/NCBI Virus by Loculus	Sweden		2022-05-22	2026-03-03	Monkeypox virus					PRJEB53129	SAMEA14455959	METAGENOMIC	WGS	RANDOM	OXFORD_NANOPORE	MinION	15021	10518251	2022-05-27	ERR9784807,ERR9784808
SRR30296137	PP_003RSMD	PP_003RSMD.1	Featherston, J.; Grobbelaar, A. A.; Glass, A.; Goedhals, D.; Hoek, K.; Maritz, J.; Govender, K.; Govender, N.; Ismail, A.; le Roux, C.; Marshall, T.; Morobadi, D.; Moodley, M.; Moolla, N.; Mtshali, S.; Msimang, V.; Vardas, E.; Weyer, J.	National Institute of Communicable diseases, Sequencing Core Facility	insdc_ingest_user	Automated Ingest from INSDC/NCBI Virus by Loculus	South Africa	Kwa-Zulu Natal	2024-07-26	2025-09-02	Monkeypox virus					PRJNA1142891	SAMN43257080	GENOMIC	WGS	PCR	ILLUMINA	NextSeq 2000	3298121	916357700	2024-12-01	SRR30296137
ERR15704260	PP_004A1TN	PP_004A1TN.1	Sobral, Daniel; Cordeiro, Rita; Coelho, Luis; Ferreira, Rita; Borges, Vitor; Gomes, Joao Paulo	Instituto Nacional de Saude Doutor Ricardo Jorge (INSA), Portugal	daniel.sobral	Genomics and Bioinformatics Unit @ INSA, Portugal	Portugal		2025-07-24	2025-10-16		Illumina NextSeq 550		dx.doi.org/10.17504/protocols.io.5qpvob1nbl4o/v4		PRJEB53055	SAMEA120372725	METAGENOMIC	WGS	RANDOM	ILLUMINA	NextSeq 550	823042	90464465	2025-10-18	ERR15704260
ERR15704261	PP_004A1UL	PP_004A1UL.1	Sobral, Daniel; Cordeiro, Rita; Coelho, Luis; Ferreira, Rita; Borges, Vitor; Gomes, Joao Paulo	Instituto Nacional de Saude Doutor Ricardo Jorge (INSA), Portugal	daniel.sobral	Genomics and Bioinformatics Unit @ INSA, Portugal	Portugal		2025-08-31	2025-10-16		Illumina NextSeq 550		dx.doi.org/10.17504/protocols.io.5qpvob1nbl4o/v4		PRJEB53055	SAMEA120372726	METAGENOMIC	WGS	RANDOM	ILLUMINA	NextSeq 550	826552	89496996	2025-10-18	ERR15704261
ERR15704262	PP_004A1VJ	PP_004A1VJ.1	Sobral, Daniel; Cordeiro, Rita; Coelho, Luis; Ferreira, Rita; Borges, Vitor; Gomes, Joao Paulo	Instituto Nacional de Saude Doutor Ricardo Jorge (INSA), Portugal	daniel.sobral	Genomics and Bioinformatics Unit @ INSA, Portugal	Portugal		2025-09-01	2025-10-16		Illumina NextSeq 550		dx.doi.org/10.17504/protocols.io.5qpvob1nbl4o/v4		PRJEB53055	SAMEA120372727	METAGENOMIC	WGS	RANDOM	ILLUMINA	NextSeq 550	1274992	133283504	2025-10-18	ERR15704262
ERR15820882	PP_004C5D9	PP_004C5D9.1	Sobral, Daniel; Cordeiro, Rita; Coelho, Luis; Ferreira, Rita; Isidro, Joana; Borges, Vitor; Gomes, Joao Paulo	Instituto Nacional de Saude Doutor Ricardo Jorge (INSA), Portugal	daniel.sobral	Genomics and Bioinformatics Unit @ INSA, Portugal	Portugal		2025-10-10	2025-11-04		Illumina NextSeq 2000		lllumina Viral Surveillance Panel v2 Kit		PRJEB53055	SAMEA120480539	METAGENOMIC	WGS	RANDOM	ILLUMINA	NextSeq 2000	7688684	1101081105	2025-11-04	ERR15820882
ERR16007372	PP_004EB5F	PP_004EB5F.1	Sobral, Daniel; Cordeiro, Rita; Coelho, Luis; Ferreira, Rita; Isidro, Joana; Borges, Vitor; Gomes, Joao Paulo	Instituto Nacional de Saude Doutor Ricardo Jorge (INSA), Portugal	daniel.sobral	Genomics and Bioinformatics Unit @ INSA, Portugal	Portugal		2025-11-06	2025-12-10		Illumina NextSeq 550		dx.doi.org/10.17504/protocols.io.5qpvob1nbl4o/v4		PRJEB53055	SAMEA121983310	METAGENOMIC	WGS	RANDOM	ILLUMINA	NextSeq 2000	710004	92103025	2025-12-10	ERR16007372
ERR16007373	PP_004EB6D	PP_004EB6D.1	Sobral, Daniel; Cordeiro, Rita; Coelho, Luis; Ferreira, Rita; Isidro, Joana; Borges, Vitor; Gomes, Joao Paulo	Instituto Nacional de Saude Doutor Ricardo Jorge (INSA), Portugal	daniel.sobral	Genomics and Bioinformatics Unit @ INSA, Portugal	Portugal		2025-11-07	2025-12-10		Illumina NextSeq 550		dx.doi.org/10.17504/protocols.io.5qpvob1nbl4o/v4		PRJEB53055	SAMEA120802736	METAGENOMIC	WGS	RANDOM	ILLUMINA	NextSeq 2000	565762	74760881	2025-12-10	ERR16007373
ERR16007374	PP_004EB7B	PP_004EB7B.1	Sobral, Daniel; Cordeiro, Rita; Coelho, Luis; Ferreira, Rita; Isidro, Joana; Borges, Vitor; Gomes, Joao Paulo	Instituto Nacional de Saude Doutor Ricardo Jorge (INSA), Portugal	daniel.sobral	Genomics and Bioinformatics Unit @ INSA, Portugal	Portugal		2025-11-10	2025-12-10		Illumina NextSeq 550		dx.doi.org/10.17504/protocols.io.5qpvob1nbl4o/v4		PRJEB53055	SAMEA120802737	METAGENOMIC	WGS	RANDOM	ILLUMINA	NextSeq 2000	710522	94279406	2025-12-10	ERR16007374
ERR16007375	PP_004EB89	PP_004EB89.1	Sobral, Daniel; Cordeiro, Rita; Coelho, Luis; Ferreira, Rita; Isidro, Joana; Borges, Vitor; Gomes, Joao Paulo	Instituto Nacional de Saude Doutor Ricardo Jorge (INSA), Portugal	daniel.sobral	Genomics and Bioinformatics Unit @ INSA, Portugal	Portugal		2025-11-11	2025-12-10		Illumina NextSeq 550		dx.doi.org/10.17504/protocols.io.5qpvob1nbl4o/v4		PRJEB53055	SAMEA120802738	METAGENOMIC	WGS	RANDOM	ILLUMINA	NextSeq 2000	744414	98064535	2025-12-10	ERR16007375
ERR16007376	PP_004EB97	PP_004EB97.1	Sobral, Daniel; Cordeiro, Rita; Coelho, Luis; Ferreira, Rita; Isidro, Joana; Borges, Vitor; Gomes, Joao Paulo	Instituto Nacional de Saude Doutor Ricardo Jorge (INSA), Portugal	daniel.sobral	Genomics and Bioinformatics Unit @ INSA, Portugal	Portugal		2025-11-04	2025-12-10		Illumina NextSeq 550		dx.doi.org/10.17504/protocols.io.5qpvob1nbl4o/v4		PRJEB53055	SAMEA120802739	METAGENOMIC	WGS	RANDOM	ILLUMINA	NextSeq 2000	748314	97632141	2025-12-10	ERR16007376
ERR16007377	PP_004EBA5	PP_004EBA5.1	Sobral, Daniel; Cordeiro, Rita; Coelho, Luis; Ferreira, Rita; Isidro, Joana; Borges, Vitor; Gomes, Joao Paulo	Instituto Nacional de Saude Doutor Ricardo Jorge (INSA), Portugal	daniel.sobral	Genomics and Bioinformatics Unit @ INSA, Portugal	Portugal		2025-10-23	2025-12-10		Illumina NextSeq 550		dx.doi.org/10.17504/protocols.io.5qpvob1nbl4o/v4		PRJEB53055	SAMEA120802740	METAGENOMIC	WGS	RANDOM	ILLUMINA	NextSeq 2000	690614	90952887	2025-12-10	ERR16007377
ERR16007378	PP_004EBB3	PP_004EBB3.1	Sobral, Daniel; Cordeiro, Rita; Coelho, Luis; Ferreira, Rita; Isidro, Joana; Borges, Vitor; Gomes, Joao Paulo	Instituto Nacional de Saude Doutor Ricardo Jorge (INSA), Portugal	daniel.sobral	Genomics and Bioinformatics Unit @ INSA, Portugal	Portugal		2025-10-30	2025-12-10		Illumina NextSeq 550		dx.doi.org/10.17504/protocols.io.5qpvob1nbl4o/v4		PRJEB53055	SAMEA120802741	METAGENOMIC	WGS	RANDOM	ILLUMINA	NextSeq 2000	717470	92664886	2025-12-10	ERR16007378
ERR16007379	PP_004EBC1	PP_004EBC1.1	Sobral, Daniel; Cordeiro, Rita; Coelho, Luis; Ferreira, Rita; Isidro, Joana; Borges, Vitor; Gomes, Joao Paulo	Instituto Nacional de Saude Doutor Ricardo Jorge (INSA), Portugal	daniel.sobral	Genomics and Bioinformatics Unit @ INSA, Portugal	Portugal		2025-10-29	2025-12-10		Illumina NextSeq 550		dx.doi.org/10.17504/protocols.io.5qpvob1nbl4o/v4		PRJEB53055	SAMEA120802742	METAGENOMIC	WGS	RANDOM	ILLUMINA	NextSeq 2000	769972	100984108	2025-12-10	ERR16007379
ERR16007380	PP_004EBDZ	PP_004EBDZ.1	Sobral, Daniel; Cordeiro, Rita; Coelho, Luis; Ferreira, Rita; Isidro, Joana; Borges, Vitor; Gomes, Joao Paulo	Instituto Nacional de Saude Doutor Ricardo Jorge (INSA), Portugal	daniel.sobral	Genomics and Bioinformatics Unit @ INSA, Portugal	Portugal		2025-11-01	2025-12-10		Illumina NextSeq 550		dx.doi.org/10.17504/protocols.io.5qpvob1nbl4o/v4		PRJEB53055	SAMEA120802743	METAGENOMIC	WGS	RANDOM	ILLUMINA	NextSeq 2000	642214	83754605	2025-12-10	ERR16007380
ERR16007381	PP_004EBEX	PP_004EBEX.1	Sobral, Daniel; Cordeiro, Rita; Coelho, Luis; Ferreira, Rita; Isidro, Joana; Borges, Vitor; Gomes, Joao Paulo	Instituto Nacional de Saude Doutor Ricardo Jorge (INSA), Portugal	daniel.sobral	Genomics and Bioinformatics Unit @ INSA, Portugal	Portugal		2025-10-28	2025-12-10		Illumina NextSeq 550		dx.doi.org/10.17504/protocols.io.5qpvob1nbl4o/v4		PRJEB53055	SAMEA120802744	METAGENOMIC	WGS	RANDOM	ILLUMINA	NextSeq 2000	642088	84618433	2025-12-10	ERR16007381
ERR16007382	PP_004EBFV	PP_004EBFV.1	Sobral, Daniel; Cordeiro, Rita; Coelho, Luis; Ferreira, Rita; Isidro, Joana; Borges, Vitor; Gomes, Joao Paulo	Instituto Nacional de Saude Doutor Ricardo Jorge (INSA), Portugal	daniel.sobral	Genomics and Bioinformatics Unit @ INSA, Portugal	Portugal		2025-10-28	2025-12-10		Illumina NextSeq 550		dx.doi.org/10.17504/protocols.io.5qpvob1nbl4o/v4		PRJEB53055	SAMEA120802745	METAGENOMIC	WGS	RANDOM	ILLUMINA	NextSeq 2000	895814	115878750	2025-12-10	ERR16007382
ERR16007383	PP_004EBGT	PP_004EBGT.1	Sobral, Daniel; Cordeiro, Rita; Coelho, Luis; Ferreira, Rita; Isidro, Joana; Borges, Vitor; Gomes, Joao Paulo	Instituto Nacional de Saude Doutor Ricardo Jorge (INSA), Portugal	daniel.sobral	Genomics and Bioinformatics Unit @ INSA, Portugal	Portugal		2025-10-25	2025-12-10		Illumina NextSeq 550		dx.doi.org/10.17504/protocols.io.5qpvob1nbl4o/v4		PRJEB53055	SAMEA120802746	METAGENOMIC	WGS	RANDOM	ILLUMINA	NextSeq 2000	604162	80600473	2025-12-10	ERR16007383
ERR16007384	PP_004EBHQ	PP_004EBHQ.1	Sobral, Daniel; Cordeiro, Rita; Coelho, Luis; Ferreira, Rita; Isidro, Joana; Borges, Vitor; Gomes, Joao Paulo	Instituto Nacional de Saude Doutor Ricardo Jorge (INSA), Portugal	daniel.sobral	Genomics and Bioinformatics Unit @ INSA, Portugal	Portugal		2025-10-21	2025-12-10		Illumina NextSeq 550		dx.doi.org/10.17504/protocols.io.5qpvob1nbl4o/v4		PRJEB53055	SAMEA120802747	METAGENOMIC	WGS	RANDOM	ILLUMINA	NextSeq 2000	776496	97825122	2025-12-10	ERR16007384
ERR16007385	PP_004EBJN	PP_004EBJN.1	Sobral, Daniel; Cordeiro, Rita; Coelho, Luis; Ferreira, Rita; Isidro, Joana; Borges, Vitor; Gomes, Joao Paulo	Instituto Nacional de Saude Doutor Ricardo Jorge (INSA), Portugal	daniel.sobral	Genomics and Bioinformatics Unit @ INSA, Portugal	Portugal		2025-10-22	2025-12-10		Illumina NextSeq 550		dx.doi.org/10.17504/protocols.io.5qpvob1nbl4o/v4		PRJEB53055	SAMEA120802748	METAGENOMIC	WGS	RANDOM	ILLUMINA	NextSeq 2000	690378	91910771	2025-12-10	ERR16007385
ERR16007386	PP_004EBKL	PP_004EBKL.1	Sobral, Daniel; Cordeiro, Rita; Coelho, Luis; Ferreira, Rita; Isidro, Joana; Borges, Vitor; Gomes, Joao Paulo	Instituto Nacional de Saude Doutor Ricardo Jorge (INSA), Portugal	daniel.sobral	Genomics and Bioinformatics Unit @ INSA, Portugal	Portugal		2025-10-15	2025-12-10		Illumina NextSeq 550		dx.doi.org/10.17504/protocols.io.5qpvob1nbl4o/v4		PRJEB53055	SAMEA120802749	METAGENOMIC	WGS	RANDOM	ILLUMINA	NextSeq 2000	633852	84152600	2025-12-10	ERR16007386
ERR16007387	PP_004EBLJ	PP_004EBLJ.1	Sobral, Daniel; Cordeiro, Rita; Coelho, Luis; Ferreira, Rita; Isidro, Joana; Borges, Vitor; Gomes, Joao Paulo	Instituto Nacional de Saude Doutor Ricardo Jorge (INSA), Portugal	daniel.sobral	Genomics and Bioinformatics Unit @ INSA, Portugal	Portugal		2025-10-14	2025-12-10		Illumina NextSeq 550		dx.doi.org/10.17504/protocols.io.5qpvob1nbl4o/v4		PRJEB53055	SAMEA120802750	METAGENOMIC	WGS	RANDOM	ILLUMINA	NextSeq 2000	604538	80690407	2025-12-10	ERR16007387
ERR16007388	PP_004EBMG	PP_004EBMG.1	Sobral, Daniel; Cordeiro, Rita; Coelho, Luis; Ferreira, Rita; Isidro, Joana; Borges, Vitor; Gomes, Joao Paulo	Instituto Nacional de Saude Doutor Ricardo Jorge (INSA), Portugal	daniel.sobral	Genomics and Bioinformatics Unit @ INSA, Portugal	Portugal		2025-10-10	2025-12-10		Illumina NextSeq 550		dx.doi.org/10.17504/protocols.io.5qpvob1nbl4o/v4		PRJEB53055	SAMEA120802751	METAGENOMIC	WGS	RANDOM	ILLUMINA	NextSeq 2000	781566	103122158	2025-12-10	ERR16007388
ERR16007389	PP_004EBNE	PP_004EBNE.1	Sobral, Daniel; Cordeiro, Rita; Coelho, Luis; Ferreira, Rita; Isidro, Joana; Borges, Vitor; Gomes, Joao Paulo	Instituto Nacional de Saude Doutor Ricardo Jorge (INSA), Portugal	daniel.sobral	Genomics and Bioinformatics Unit @ INSA, Portugal	Portugal		2025-10-08	2025-12-10		Illumina NextSeq 550		dx.doi.org/10.17504/protocols.io.5qpvob1nbl4o/v4		PRJEB53055	SAMEA120802752	METAGENOMIC	WGS	RANDOM	ILLUMINA	NextSeq 2000	867604	112617725	2025-12-10	ERR16007389
ERR16007390	PP_004EBPC	PP_004EBPC.1	Sobral, Daniel; Cordeiro, Rita; Coelho, Luis; Ferreira, Rita; Isidro, Joana; Borges, Vitor; Gomes, Joao Paulo	Instituto Nacional de Saude Doutor Ricardo Jorge (INSA), Portugal	daniel.sobral	Genomics and Bioinformatics Unit @ INSA, Portugal	Portugal		2025-09-29	2025-12-10		Illumina NextSeq 550		dx.doi.org/10.17504/protocols.io.5qpvob1nbl4o/v4		PRJEB53055	SAMEA120802753	METAGENOMIC	WGS	RANDOM	ILLUMINA	NextSeq 2000	732614	95777522	2025-12-10	ERR16007390
ERR16007391	PP_004EBQA	PP_004EBQA.1	Sobral, Daniel; Cordeiro, Rita; Coelho, Luis; Ferreira, Rita; Isidro, Joana; Borges, Vitor; Gomes, Joao Paulo	Instituto Nacional de Saude Doutor Ricardo Jorge (INSA), Portugal	daniel.sobral	Genomics and Bioinformatics Unit @ INSA, Portugal	Portugal		2025-10-01	2025-12-10		Illumina NextSeq 550		dx.doi.org/10.17504/protocols.io.5qpvob1nbl4o/v4		PRJEB53055	SAMEA120802754	METAGENOMIC	WGS	RANDOM	ILLUMINA	NextSeq 2000	893286	116128591	2025-12-10	ERR16007391
ERR16007392	PP_004EBR8	PP_004EBR8.1	Sobral, Daniel; Cordeiro, Rita; Coelho, Luis; Ferreira, Rita; Isidro, Joana; Borges, Vitor; Gomes, Joao Paulo	Instituto Nacional de Saude Doutor Ricardo Jorge (INSA), Portugal	daniel.sobral	Genomics and Bioinformatics Unit @ INSA, Portugal	Portugal		2025-08-21	2025-12-10		Illumina NextSeq 550		dx.doi.org/10.17504/protocols.io.5qpvob1nbl4o/v4		PRJEB53055	SAMEA120802755	METAGENOMIC	WGS	RANDOM	ILLUMINA	NextSeq 2000	731520	96036272	2025-12-10	ERR16007392
ERR16007393	PP_004EBS6	PP_004EBS6.1	Sobral, Daniel; Cordeiro, Rita; Coelho, Luis; Ferreira, Rita; Isidro, Joana; Borges, Vitor; Gomes, Joao Paulo	Instituto Nacional de Saude Doutor Ricardo Jorge (INSA), Portugal	daniel.sobral	Genomics and Bioinformatics Unit @ INSA, Portugal	Portugal		2025-08-22	2025-12-10		Illumina NextSeq 550		dx.doi.org/10.17504/protocols.io.5qpvob1nbl4o/v4		PRJEB53055	SAMEA120802756	METAGENOMIC	WGS	RANDOM	ILLUMINA	NextSeq 2000	808752	105459741	2025-12-10	ERR16007393
ERR16007394	PP_004EBT4	PP_004EBT4.1	Sobral, Daniel; Cordeiro, Rita; Coelho, Luis; Ferreira, Rita; Isidro, Joana; Borges, Vitor; Gomes, Joao Paulo	Instituto Nacional de Saude Doutor Ricardo Jorge (INSA), Portugal	daniel.sobral	Genomics and Bioinformatics Unit @ INSA, Portugal	Portugal		2025-08-31	2025-12-10		Illumina NextSeq 550		dx.doi.org/10.17504/protocols.io.5qpvob1nbl4o/v4		PRJEB53055	SAMEA120802757	METAGENOMIC	WGS	RANDOM	ILLUMINA	NextSeq 2000	816582	103927882	2025-12-10	ERR16007394
ERR16007395	PP_004EBU2	PP_004EBU2.1	Sobral, Daniel; Cordeiro, Rita; Coelho, Luis; Ferreira, Rita; Isidro, Joana; Borges, Vitor; Gomes, Joao Paulo	Instituto Nacional de Saude Doutor Ricardo Jorge (INSA), Portugal	daniel.sobral	Genomics and Bioinformatics Unit @ INSA, Portugal	Portugal		2025-07-24	2025-12-10		Illumina NextSeq 550		dx.doi.org/10.17504/protocols.io.5qpvob1nbl4o/v4		PRJEB53055	SAMEA120802758	METAGENOMIC	WGS	RANDOM	ILLUMINA	NextSeq 2000	815884	105336276	2025-12-10	ERR16007395
SRR36735570	PP_004HFXK	PP_004HFXK.1	Gigante, C.; Oh, B.; Zhao, H.; Batra, D.; Hetrick, E.; Howard, D.; Kovar, L.; Seabolt, M.; Morrison, S.; Desch, M.; Knipe, K.; Weigand, M.; Mcgrath, D.; Burgin, A.; Burroughs, M.; Lee, J.; Wilkins, K.; Mccollum, A.; Hutson, C.; Davidson, W.; Rao, A.; White, S.; Li, Y.	CDC, DHCPP-PRB	insdc_ingest_user	Automated Ingest from INSDC/NCBI Virus by Loculus	USA	TX	2022-06	2026-01-19	Monkeypox virus					PRJNA849962	SAMN54526898	METAGENOMIC	WGS	RANDOM	ILLUMINA	Illumina NovaSeq 6000	327800	99687616	2026-01-09	SRR36735570
SRR36735557	PP_004HFYH	PP_004HFYH.1	Gigante, C.; Oh, B.; Zhao, H.; Batra, D.; Hetrick, E.; Howard, D.; Kovar, L.; Seabolt, M.; Morrison, S.; Desch, M.; Knipe, K.; Weigand, M.; Mcgrath, D.; Burgin, A.; Burroughs, M.; Lee, J.; Wilkins, K.; Mccollum, A.; Hutson, C.; Davidson, W.; Rao, A.; White, S.; Li, Y.	CDC, DHCPP-PRB	insdc_ingest_user	Automated Ingest from INSDC/NCBI Virus by Loculus	USA	TX	2022-07	2026-01-19	Monkeypox virus					PRJNA849962	SAMN54526906	METAGENOMIC	WGS	RANDOM	ILLUMINA	Illumina NovaSeq 6000	675457	190532445	2026-01-09	SRR36735557
SRR36735575	PP_004HFZF	PP_004HFZF.1	Gigante, C.; Oh, B.; Zhao, H.; Batra, D.; Hetrick, E.; Howard, D.; Kovar, L.; Seabolt, M.; Morrison, S.; Desch, M.; Knipe, K.; Weigand, M.; Mcgrath, D.; Burgin, A.; Burroughs, M.; Lee, J.; Wilkins, K.; Mccollum, A.; Hutson, C.; Davidson, W.; Rao, A.; White, S.; Li, Y.	CDC, DHCPP-PRB	insdc_ingest_user	Automated Ingest from INSDC/NCBI Virus by Loculus	USA	TX	2022-07	2026-01-19	Monkeypox virus					PRJNA849962	SAMN54526923	METAGENOMIC	WGS	RANDOM	ILLUMINA	Illumina NovaSeq 6000	886308	257163408	2026-01-09	SRR36735575
SRR36735574	PP_004HG0D	PP_004HG0D.1	Gigante, C.; Oh, B.; Zhao, H.; Batra, D.; Hetrick, E.; Howard, D.; Kovar, L.; Seabolt, M.; Morrison, S.; Desch, M.; Knipe, K.; Weigand, M.; Mcgrath, D.; Burgin, A.; Burroughs, M.; Lee, J.; Wilkins, K.; Mccollum, A.; Hutson, C.; Davidson, W.; Rao, A.; White, S.; Li, Y.	CDC, DHCPP-PRB	insdc_ingest_user	Automated Ingest from INSDC/NCBI Virus by Loculus	USA	TX	2022-07	2026-01-19	Monkeypox virus					PRJNA849962	SAMN54526922	METAGENOMIC	WGS	RANDOM	ILLUMINA	Illumina NovaSeq 6000	163099	44372197	2026-01-09	SRR36735574
SRR36735572	PP_004HG1B	PP_004HG1B.1	Gigante, C.; Oh, B.; Zhao, H.; Batra, D.; Hetrick, E.; Howard, D.; Kovar, L.; Seabolt, M.; Morrison, S.; Desch, M.; Knipe, K.; Weigand, M.; Mcgrath, D.; Burgin, A.; Burroughs, M.; Lee, J.; Wilkins, K.; Mccollum, A.; Hutson, C.; Davidson, W.; Rao, A.; White, S.; Li, Y.	CDC, DHCPP-PRB	insdc_ingest_user	Automated Ingest from INSDC/NCBI Virus by Loculus	USA	TX	2022-07	2026-01-19	Monkeypox virus					PRJNA849962	SAMN54526920	METAGENOMIC	WGS	RANDOM	ILLUMINA	Illumina NovaSeq 6000	139270	41635222	2026-01-09	SRR36735572
SRR36735573	PP_004HG29	PP_004HG29.1	Gigante, C.; Oh, B.; Zhao, H.; Batra, D.; Hetrick, E.; Howard, D.; Kovar, L.; Seabolt, M.; Morrison, S.; Desch, M.; Knipe, K.; Weigand, M.; Mcgrath, D.; Burgin, A.; Burroughs, M.; Lee, J.; Wilkins, K.; Mccollum, A.; Hutson, C.; Davidson, W.; Rao, A.; White, S.; Li, Y.	CDC, DHCPP-PRB	insdc_ingest_user	Automated Ingest from INSDC/NCBI Virus by Loculus	USA	TX	2022-07	2026-01-19	Monkeypox virus					PRJNA849962	SAMN54526921	METAGENOMIC	WGS	RANDOM	ILLUMINA	Illumina NovaSeq 6000	193620	58003293	2026-01-09	SRR36735573
SRR36735571	PP_004HG37	PP_004HG37.1	Gigante, C.; Oh, B.; Zhao, H.; Batra, D.; Hetrick, E.; Howard, D.; Kovar, L.; Seabolt, M.; Morrison, S.; Desch, M.; Knipe, K.; Weigand, M.; Mcgrath, D.; Burgin, A.; Burroughs, M.; Lee, J.; Wilkins, K.; Mccollum, A.; Hutson, C.; Davidson, W.; Rao, A.; White, S.; Li, Y.	CDC, DHCPP-PRB	insdc_ingest_user	Automated Ingest from INSDC/NCBI Virus by Loculus	USA	TX	2022-09	2026-01-19	Monkeypox virus					PRJNA849962	SAMN54526919	METAGENOMIC	WGS	RANDOM	ILLUMINA	Illumina NovaSeq 6000	292879	73805895	2026-01-09	SRR36735571
SRR36735562	PP_004HG45	PP_004HG45.1	Gigante, C.; Oh, B.; Zhao, H.; Batra, D.; Hetrick, E.; Howard, D.; Kovar, L.; Seabolt, M.; Morrison, S.; Desch, M.; Knipe, K.; Weigand, M.; Mcgrath, D.; Burgin, A.; Burroughs, M.; Lee, J.; Wilkins, K.; Mccollum, A.; Hutson, C.; Davidson, W.; Rao, A.; White, S.; Li, Y.	CDC, DHCPP-PRB	insdc_ingest_user	Automated Ingest from INSDC/NCBI Virus by Loculus	USA	TX	2022-09	2026-01-19	Monkeypox virus					PRJNA849962	SAMN54526916	METAGENOMIC	WGS	RANDOM	ILLUMINA	Illumina NovaSeq 6000	899812	270353284	2026-01-09	SRR36735562
SRR36735564	PP_004HG53	PP_004HG53.1	Gigante, C.; Oh, B.; Zhao, H.; Batra, D.; Hetrick, E.; Howard, D.; Kovar, L.; Seabolt, M.; Morrison, S.; Desch, M.; Knipe, K.; Weigand, M.; Mcgrath, D.; Burgin, A.; Burroughs, M.; Lee, J.; Wilkins, K.; Mccollum, A.; Hutson, C.; Davidson, W.; Rao, A.; White, S.; Li, Y.	CDC, DHCPP-PRB	insdc_ingest_user	Automated Ingest from INSDC/NCBI Virus by Loculus	USA	TX	2022-09	2026-01-19	Monkeypox virus					PRJNA849962	SAMN54526918	METAGENOMIC	WGS	RANDOM	ILLUMINA	Illumina NovaSeq 6000	136525	39357014	2026-01-09	SRR36735564
SRR36735563	PP_004HG61	PP_004HG61.1	Gigante, C.; Oh, B.; Zhao, H.; Batra, D.; Hetrick, E.; Howard, D.; Kovar, L.; Seabolt, M.; Morrison, S.; Desch, M.; Knipe, K.; Weigand, M.; Mcgrath, D.; Burgin, A.; Burroughs, M.; Lee, J.; Wilkins, K.; Mccollum, A.; Hutson, C.; Davidson, W.; Rao, A.; White, S.; Li, Y.	CDC, DHCPP-PRB	insdc_ingest_user	Automated Ingest from INSDC/NCBI Virus by Loculus	USA	TX	2022-09	2026-01-19	Monkeypox virus					PRJNA849962	SAMN54526917	METAGENOMIC	WGS	RANDOM	ILLUMINA	Illumina NovaSeq 6000	109188	27804937	2026-01-09	SRR36735563
SRR36735560	PP_004HG7Z	PP_004HG7Z.1	Gigante, C.; Oh, B.; Zhao, H.; Batra, D.; Hetrick, E.; Howard, D.; Kovar, L.; Seabolt, M.; Morrison, S.; Desch, M.; Knipe, K.; Weigand, M.; Mcgrath, D.; Burgin, A.; Burroughs, M.; Lee, J.; Wilkins, K.; Mccollum, A.; Hutson, C.; Davidson, W.; Rao, A.; White, S.; Li, Y.	CDC, DHCPP-PRB	insdc_ingest_user	Automated Ingest from INSDC/NCBI Virus by Loculus	USA	TX	2022-09	2026-01-19	Monkeypox virus					PRJNA849962	SAMN54526914	METAGENOMIC	WGS	RANDOM	ILLUMINA	Illumina NovaSeq 6000	136149	40696928	2026-01-09	SRR36735560
SRR36735569	PP_004HG8X	PP_004HG8X.1	Gigante, C.; Oh, B.; Zhao, H.; Batra, D.; Hetrick, E.; Howard, D.; Kovar, L.; Seabolt, M.; Morrison, S.; Desch, M.; Knipe, K.; Weigand, M.; Mcgrath, D.; Burgin, A.; Burroughs, M.; Lee, J.; Wilkins, K.; Mccollum, A.; Hutson, C.; Davidson, W.; Rao, A.; White, S.; Li, Y.	CDC, DHCPP-PRB	insdc_ingest_user	Automated Ingest from INSDC/NCBI Virus by Loculus	USA	TX	2022-06	2026-01-19	Monkeypox virus					PRJNA849962	SAMN54526897	METAGENOMIC	WGS	RANDOM	ILLUMINA	Illumina NovaSeq 6000	127531	35621096	2026-01-09	SRR36735569
SRR36735561	PP_004HG9V	PP_004HG9V.1	Gigante, C.; Oh, B.; Zhao, H.; Batra, D.; Hetrick, E.; Howard, D.; Kovar, L.; Seabolt, M.; Morrison, S.; Desch, M.; Knipe, K.; Weigand, M.; Mcgrath, D.; Burgin, A.; Burroughs, M.; Lee, J.; Wilkins, K.; Mccollum, A.; Hutson, C.; Davidson, W.; Rao, A.; White, S.; Li, Y.	CDC, DHCPP-PRB	insdc_ingest_user	Automated Ingest from INSDC/NCBI Virus by Loculus	USA	TX	2022-09	2026-01-19	Monkeypox virus					PRJNA849962	SAMN54526915	METAGENOMIC	WGS	RANDOM	ILLUMINA	Illumina NovaSeq 6000	29537	8831609	2026-01-09	SRR36735561
SRR36734466	PP_004HGAT	PP_004HGAT.1	Gigante, C.; Oh, B.; Zhao, H.; Batra, D.; Hetrick, E.; Howard, D.; Kovar, L.; Seabolt, M.; Morrison, S.; Desch, M.; Knipe, K.; Weigand, M.; Mcgrath, D.; Burgin, A.; Burroughs, M.; Lee, J.; Wilkins, K.; Mccollum, A.; Hutson, C.; Davidson, W.; Rao, A.; White, S.; Li, Y.	CDC, DHCPP-PRB	insdc_ingest_user	Automated Ingest from INSDC/NCBI Virus by Loculus	USA	TX	2022-10	2026-01-19	Monkeypox virus					PRJNA849962	SAMN54526913	METAGENOMIC	WGS	RANDOM	ILLUMINA	Illumina NovaSeq 6000	23151	6844835	2026-01-09	SRR36734466
SRR36734465	PP_004HGBR	PP_004HGBR.1	Gigante, C.; Oh, B.; Zhao, H.; Batra, D.; Hetrick, E.; Howard, D.; Kovar, L.; Seabolt, M.; Morrison, S.; Desch, M.; Knipe, K.; Weigand, M.; Mcgrath, D.; Burgin, A.; Burroughs, M.; Lee, J.; Wilkins, K.; Mccollum, A.; Hutson, C.; Davidson, W.; Rao, A.; White, S.; Li, Y.	CDC, DHCPP-PRB	insdc_ingest_user	Automated Ingest from INSDC/NCBI Virus by Loculus	USA	TX	2022-11	2026-01-19	Monkeypox virus					PRJNA849962	SAMN54526912	METAGENOMIC	WGS	RANDOM	ILLUMINA	Illumina NovaSeq 6000	29141	8148799	2026-01-09	SRR36734465
SRR36734464	PP_004HGCP	PP_004HGCP.1	Gigante, C.; Oh, B.; Zhao, H.; Batra, D.; Hetrick, E.; Howard, D.; Kovar, L.; Seabolt, M.; Morrison, S.; Desch, M.; Knipe, K.; Weigand, M.; Mcgrath, D.; Burgin, A.; Burroughs, M.; Lee, J.; Wilkins, K.; Mccollum, A.; Hutson, C.; Davidson, W.; Rao, A.; White, S.; Li, Y.	CDC, DHCPP-PRB	insdc_ingest_user	Automated Ingest from INSDC/NCBI Virus by Loculus	USA	TX	2022-11	2026-01-19	Monkeypox virus					PRJNA849962	SAMN54526911	METAGENOMIC	WGS	RANDOM	ILLUMINA	Illumina NovaSeq 6000	41451	8821591	2026-01-09	SRR36734464
SRR36734463	PP_004HGDM	PP_004HGDM.1	Gigante, C.; Oh, B.; Zhao, H.; Batra, D.; Hetrick, E.; Howard, D.; Kovar, L.; Seabolt, M.; Morrison, S.; Desch, M.; Knipe, K.; Weigand, M.; Mcgrath, D.; Burgin, A.; Burroughs, M.; Lee, J.; Wilkins, K.; Mccollum, A.; Hutson, C.; Davidson, W.; Rao, A.; White, S.; Li, Y.	CDC, DHCPP-PRB	insdc_ingest_user	Automated Ingest from INSDC/NCBI Virus by Loculus	USA	TX	2022-11	2026-01-19	Monkeypox virus					PRJNA849962	SAMN54526910	METAGENOMIC	WGS	RANDOM	ILLUMINA	Illumina NovaSeq 6000	26850	7497169	2026-01-09	SRR36734463
SRR36734462	PP_004HGEK	PP_004HGEK.1	Gigante, C.; Oh, B.; Zhao, H.; Batra, D.; Hetrick, E.; Howard, D.; Kovar, L.; Seabolt, M.; Morrison, S.; Desch, M.; Knipe, K.; Weigand, M.; Mcgrath, D.; Burgin, A.; Burroughs, M.; Lee, J.; Wilkins, K.; Mccollum, A.; Hutson, C.; Davidson, W.; Rao, A.; White, S.; Li, Y.	CDC, DHCPP-PRB	insdc_ingest_user	Automated Ingest from INSDC/NCBI Virus by Loculus	USA	TX	2022-12	2026-01-19	Monkeypox virus					PRJNA849962	SAMN54526909	METAGENOMIC	WGS	RANDOM	ILLUMINA	Illumina NovaSeq 6000	138156	38466411	2026-01-09	SRR36734462
SRR36735553	PP_004HGFH	PP_004HGFH.1	Gigante, C.; Oh, B.; Zhao, H.; Batra, D.; Hetrick, E.; Howard, D.; Kovar, L.; Seabolt, M.; Morrison, S.; Desch, M.; Knipe, K.; Weigand, M.; Mcgrath, D.; Burgin, A.; Burroughs, M.; Lee, J.; Wilkins, K.; Mccollum, A.; Hutson, C.; Davidson, W.; Rao, A.; White, S.; Li, Y.	CDC, DHCPP-PRB	insdc_ingest_user	Automated Ingest from INSDC/NCBI Virus by Loculus	USA	TX	2022-08	2026-01-19	Monkeypox virus					PRJNA849962	SAMN54526892	METAGENOMIC	WGS	RANDOM	ILLUMINA	Illumina NovaSeq 6000	1854751	1107373685	2026-01-09	SRR36735553
SRR36735552	PP_004HGGF	PP_004HGGF.1	Gigante, C.; Oh, B.; Zhao, H.; Batra, D.; Hetrick, E.; Howard, D.; Kovar, L.; Seabolt, M.; Morrison, S.; Desch, M.; Knipe, K.; Weigand, M.; Mcgrath, D.; Burgin, A.; Burroughs, M.; Lee, J.; Wilkins, K.; Mccollum, A.; Hutson, C.; Davidson, W.; Rao, A.; White, S.; Li, Y.	CDC, DHCPP-PRB	insdc_ingest_user	Automated Ingest from INSDC/NCBI Virus by Loculus	USA	TX	2022-11	2026-01-19	Monkeypox virus					PRJNA849962	SAMN54526891	METAGENOMIC	WGS	RANDOM	ILLUMINA	Illumina NovaSeq 6000	17466	1768403	2026-01-09	SRR36735552
SRR36735551	PP_004HGHC	PP_004HGHC.1	Gigante, C.; Oh, B.; Zhao, H.; Batra, D.; Hetrick, E.; Howard, D.; Kovar, L.; Seabolt, M.; Morrison, S.; Desch, M.; Knipe, K.; Weigand, M.; Mcgrath, D.; Burgin, A.; Burroughs, M.; Lee, J.; Wilkins, K.; Mccollum, A.; Hutson, C.; Davidson, W.; Rao, A.; White, S.; Li, Y.	CDC, DHCPP-PRB	insdc_ingest_user	Automated Ingest from INSDC/NCBI Virus by Loculus	USA	TX	2022-11	2026-01-19	Monkeypox virus					PRJNA849962	SAMN54526890	METAGENOMIC	WGS	RANDOM	ILLUMINA	Illumina NovaSeq 6000	40218	4072932	2026-01-09	SRR36735551
SRR36735554	PP_004HGJA	PP_004HGJA.1	Gigante, C.; Oh, B.; Zhao, H.; Batra, D.; Hetrick, E.; Howard, D.; Kovar, L.; Seabolt, M.; Morrison, S.; Desch, M.; Knipe, K.; Weigand, M.; Mcgrath, D.; Burgin, A.; Burroughs, M.; Lee, J.; Wilkins, K.; Mccollum, A.; Hutson, C.; Davidson, W.; Rao, A.; White, S.; Li, Y.	CDC, DHCPP-PRB	insdc_ingest_user	Automated Ingest from INSDC/NCBI Virus by Loculus	USA	TX	2022-12	2026-01-19	Monkeypox virus					PRJNA849962	SAMN54526893	METAGENOMIC	WGS	RANDOM	ILLUMINA	Illumina NovaSeq 6000	1196037	310770102	2026-01-09	SRR36735554
SRR36735568	PP_004HGK8	PP_004HGK8.1	Gigante, C.; Oh, B.; Zhao, H.; Batra, D.; Hetrick, E.; Howard, D.; Kovar, L.; Seabolt, M.; Morrison, S.; Desch, M.; Knipe, K.; Weigand, M.; Mcgrath, D.; Burgin, A.; Burroughs, M.; Lee, J.; Wilkins, K.; Mccollum, A.; Hutson, C.; Davidson, W.; Rao, A.; White, S.; Li, Y.	CDC, DHCPP-PRB	insdc_ingest_user	Automated Ingest from INSDC/NCBI Virus by Loculus	USA	TX	2022-06	2026-01-19	Monkeypox virus					PRJNA849962	SAMN54526896	METAGENOMIC	WGS	RANDOM	ILLUMINA	Illumina NovaSeq 6000	640630	181093162	2026-01-09	SRR36735568
SRR36735550	PP_004HGL6	PP_004HGL6.1	Gigante, C.; Myers, R.; Deng, J.; Tayebi, Z.; Batra, D.; Howard, D.; Kovar, L.; Seabolt, M.; Morrison, S.; Weigand, M.; Sheth, M.; Burgin, A.; Wilkins, K.; Tuttle, A.; Hutson, C.; Davidson, W.; Minhaj, F.; Blythe, D.	CDC, DHCPP-PRB	insdc_ingest_user	Automated Ingest from INSDC/NCBI Virus by Loculus	USA	MD	2024-12	2026-01-19	Monkeypox virus					PRJNA849962	SAMN54526889	METAGENOMIC	WGS	RANDOM	ILLUMINA	Illumina NovaSeq 6000	59458	17006065	2026-01-09	SRR36735550
SRR36735547	PP_004HGM4	PP_004HGM4.1	Gigante, C.; Thomas, L.; Deng, J.; Tayebi, Z.; Batra, D.; Howard, D.; Kovar, L.; Seabolt, M.; Morrison, S.; Weigand, M.; Sheth, M.; Burgin, A.; Wilkins, K.; Tuttle, A.; Hutson, C.; Davidson, W.; Minhaj, F.; Dunn, J.	CDC, DHCPP-PRB	insdc_ingest_user	Automated Ingest from INSDC/NCBI Virus by Loculus	USA	TN	2025-05	2026-01-19	Monkeypox virus					PRJNA849962	SAMN54526901	METAGENOMIC	WGS	RANDOM	ILLUMINA	Illumina NovaSeq 6000	171773	32644272	2026-01-09	SRR36735547
SRR36735549	PP_004HGN2	PP_004HGN2.1	Gigante, C.; Ostadkar, R.; Deng, J.; Tayebi, Z.; Batra, D.; Howard, D.; Kovar, L.; Seabolt, M.; Morrison, S.; Weigand, M.; Sheth, M.; Burgin, A.; Wilkins, K.; Tuttle, A.; Hutson, C.; Davidson, W.; Minhaj, F.; Wang, X.	CDC, DHCPP-PRB	insdc_ingest_user	Automated Ingest from INSDC/NCBI Virus by Loculus	USA	MN	2025-06	2026-01-19	Monkeypox virus					PRJNA849962	SAMN54526903	METAGENOMIC	WGS	RANDOM	ILLUMINA	Illumina NovaSeq 6000	766386	158596717	2026-01-09	SRR36735549
SRR36735546	PP_004HGP0	PP_004HGP0.1	Gigante, C.; Oh, B.; Deng, J.; Tayebi, Z.; Batra, D.; Hetrick, E.; Howard, D.; Kovar, L.; Seabolt, M.; Morrison, S.; Desch, M.; Knipe, K.; Weigand, M.; Mcgrath, D.; Burgin, A.; Burroughs, M.; Lee, J.; Wilkins, K.; Mccollum, A.; Hutson, C.; Davidson, W.; Rao, A.; White, S.	CDC, DHCPP-PRB	insdc_ingest_user	Automated Ingest from INSDC/NCBI Virus by Loculus	USA	TX	2025-06	2026-01-19	Monkeypox virus					PRJNA849962	SAMN54526900	METAGENOMIC	WGS	RANDOM	ILLUMINA	Illumina NovaSeq 6000	197407	53938420	2026-01-09	SRR36735546
SRR36735545	PP_004HGQY	PP_004HGQY.1	Gigante, C.; Crain, J.; Deng, J.; Tayebi, Z.; Batra, D.; Howard, D.; Kovar, L.; Seabolt, M.; Morrison, S.; Weigand, M.; Sheth, M.; Burgin, A.; Wilkins, K.; Tuttle, A.; Hutson, C.; Davidson, W.; Minhaj, F.; Griffin-Thomas, L.	CDC, DHCPP-PRB	insdc_ingest_user	Automated Ingest from INSDC/NCBI Virus by Loculus	USA	VA	2025-03	2026-01-19	Monkeypox virus					PRJNA849962	SAMN54526899	METAGENOMIC	WGS	RANDOM	ILLUMINA	Illumina NovaSeq 6000	4004736	694940113	2026-01-09	SRR36735545
SRR36735548	PP_004HGRW	PP_004HGRW.1	Gigante, C.; Xia, D.; Deng, J.; Tayebi, Z.; Batra, D.; Howard, D.; Kovar, L.; Seabolt, M.; Morrison, S.; Weigand, M.; Sheth, M.; Burgin, A.; Wilkins, K.; Tuttle, A.; Hutson, C.; Davidson, W.; Minhaj, F.; Plipat, N.	CDC, DHCPP-PRB	insdc_ingest_user	Automated Ingest from INSDC/NCBI Virus by Loculus	USA	PA	2025-06	2026-01-19	Monkeypox virus					PRJNA849962	SAMN54526902	METAGENOMIC	WGS	RANDOM	ILLUMINA	Illumina NovaSeq 6000	383945	50053962	2026-01-09	SRR36735548
SRR36735566	PP_004HGSU	PP_004HGSU.1	Gigante, C.; Oh, B.; Zhao, H.; Batra, D.; Hetrick, E.; Howard, D.; Kovar, L.; Seabolt, M.; Morrison, S.; Desch, M.; Knipe, K.; Weigand, M.; Mcgrath, D.; Burgin, A.; Burroughs, M.; Lee, J.; Wilkins, K.; Mccollum, A.; Hutson, C.; Davidson, W.; Rao, A.; White, S.; Li, Y.	CDC, DHCPP-PRB	insdc_ingest_user	Automated Ingest from INSDC/NCBI Virus by Loculus	USA	TX	2022-07	2026-01-19	Monkeypox virus					PRJNA849962	SAMN54526894	METAGENOMIC	WGS	RANDOM	ILLUMINA	Illumina NovaSeq 6000	40171	9328888	2026-01-09	SRR36735566
SRR36735567	PP_004HGTS	PP_004HGTS.1	Gigante, C.; Oh, B.; Zhao, H.; Batra, D.; Hetrick, E.; Howard, D.; Kovar, L.; Seabolt, M.; Morrison, S.; Desch, M.; Knipe, K.; Weigand, M.; Mcgrath, D.; Burgin, A.; Burroughs, M.; Lee, J.; Wilkins, K.; Mccollum, A.; Hutson, C.; Davidson, W.; Rao, A.; White, S.; Li, Y.	CDC, DHCPP-PRB	insdc_ingest_user	Automated Ingest from INSDC/NCBI Virus by Loculus	USA	TX	2022-07	2026-01-19	Monkeypox virus					PRJNA849962	SAMN54526895	METAGENOMIC	WGS	RANDOM	ILLUMINA	Illumina NovaSeq 6000	80249	18834172	2026-01-09	SRR36735567
SRR36735555	PP_004HGUQ	PP_004HGUQ.1	Gigante, C.; Oh, B.; Zhao, H.; Batra, D.; Hetrick, E.; Howard, D.; Kovar, L.; Seabolt, M.; Morrison, S.; Desch, M.; Knipe, K.; Weigand, M.; Mcgrath, D.; Burgin, A.; Burroughs, M.; Lee, J.; Wilkins, K.; Mccollum, A.; Hutson, C.; Davidson, W.; Rao, A.; White, S.; Li, Y.	CDC, DHCPP-PRB	insdc_ingest_user	Automated Ingest from INSDC/NCBI Virus by Loculus	USA	TX	2022-06	2026-01-19	Monkeypox virus					PRJNA849962	SAMN54526904	METAGENOMIC	WGS	RANDOM	ILLUMINA	Illumina NovaSeq 6000	231478	59964626	2026-01-09	SRR36735555
SRR36735559	PP_004HGVN	PP_004HGVN.1	Gigante, C.; Oh, B.; Zhao, H.; Batra, D.; Hetrick, E.; Howard, D.; Kovar, L.; Seabolt, M.; Morrison, S.; Desch, M.; Knipe, K.; Weigand, M.; Mcgrath, D.; Burgin, A.; Burroughs, M.; Lee, J.; Wilkins, K.; Mccollum, A.; Hutson, C.; Davidson, W.; Rao, A.; White, S.; Li, Y.	CDC, DHCPP-PRB	insdc_ingest_user	Automated Ingest from INSDC/NCBI Virus by Loculus	USA	TX	2022-07	2026-01-19	Monkeypox virus					PRJNA849962	SAMN54526908	METAGENOMIC	WGS	RANDOM	ILLUMINA	Illumina NovaSeq 6000	84418	24120283	2026-01-09	SRR36735559
SRR36735558	PP_004HGWL	PP_004HGWL.1	Gigante, C.; Oh, B.; Zhao, H.; Batra, D.; Hetrick, E.; Howard, D.; Kovar, L.; Seabolt, M.; Morrison, S.; Desch, M.; Knipe, K.; Weigand, M.; Mcgrath, D.; Burgin, A.; Burroughs, M.; Lee, J.; Wilkins, K.; Mccollum, A.; Hutson, C.; Davidson, W.; Rao, A.; White, S.; Li, Y.	CDC, DHCPP-PRB	insdc_ingest_user	Automated Ingest from INSDC/NCBI Virus by Loculus	USA	TX	2022-07	2026-01-19	Monkeypox virus					PRJNA849962	SAMN54526907	METAGENOMIC	WGS	RANDOM	ILLUMINA	Illumina NovaSeq 6000	2692945	773827797	2026-01-09	SRR36735558
SRR36735556	PP_004HGXJ	PP_004HGXJ.1	Gigante, C.; Oh, B.; Zhao, H.; Batra, D.; Hetrick, E.; Howard, D.; Kovar, L.; Seabolt, M.; Morrison, S.; Desch, M.; Knipe, K.; Weigand, M.; Mcgrath, D.; Burgin, A.; Burroughs, M.; Lee, J.; Wilkins, K.; Mccollum, A.; Hutson, C.; Davidson, W.; Rao, A.; White, S.; Li, Y.	CDC, DHCPP-PRB	insdc_ingest_user	Automated Ingest from INSDC/NCBI Virus by Loculus	USA	TX	2022-07	2026-01-19	Monkeypox virus					PRJNA849962	SAMN54526905	METAGENOMIC	WGS	RANDOM	ILLUMINA	Illumina NovaSeq 6000	1221962	356297611	2026-01-09	SRR36735556
ERR16121698	PP_004HJUN	PP_004HJUN.2	Sobral, Daniel; Cordeiro, Rita; Coelho, Luis; Ferreira, Rita; Isidro, Joana; Borges, Vitor; Gomes, Joao Paulo	Instituto Nacional de Saude Doutor Ricardo Jorge (INSA), Portugal	daniel.sobral	Genomics and Bioinformatics Unit @ INSA, Portugal	Portugal		2025-11-13	2026-01-23		Illumina NextSeq 550		dx.doi.org/10.17504/protocols.io.5qpvob1nbl4o/v4		PRJEB53055	SAMEA120964565	METAGENOMIC	WGS	RANDOM	ILLUMINA	NextSeq 550	1071772	112773838	2026-01-20	ERR16121698
ERR16121699	PP_004HJVL	PP_004HJVL.2	Sobral, Daniel; Cordeiro, Rita; Coelho, Luis; Ferreira, Rita; Isidro, Joana; Borges, Vitor; Gomes, Joao Paulo	Instituto Nacional de Saude Doutor Ricardo Jorge (INSA), Portugal	daniel.sobral	Genomics and Bioinformatics Unit @ INSA, Portugal	Portugal		2025-11-14	2026-01-23		Illumina NextSeq 550		dx.doi.org/10.17504/protocols.io.5qpvob1nbl4o/v4		PRJEB53055	SAMEA120964566	METAGENOMIC	WGS	RANDOM	ILLUMINA	NextSeq 550	1088226	114222021	2026-01-20	ERR16121699
ERR16121700	PP_004HJWJ	PP_004HJWJ.2	Sobral, Daniel; Cordeiro, Rita; Coelho, Luis; Ferreira, Rita; Isidro, Joana; Borges, Vitor; Gomes, Joao Paulo	Instituto Nacional de Saude Doutor Ricardo Jorge (INSA), Portugal	daniel.sobral	Genomics and Bioinformatics Unit @ INSA, Portugal	Portugal		2025-11-19	2026-01-23		Illumina NextSeq 550		dx.doi.org/10.17504/protocols.io.5qpvob1nbl4o/v4		PRJEB53055	SAMEA120964567	METAGENOMIC	WGS	RANDOM	ILLUMINA	NextSeq 550	1224006	127980742	2026-01-20	ERR16121700
ERR16121701	PP_004HJXG	PP_004HJXG.2	Sobral, Daniel; Cordeiro, Rita; Coelho, Luis; Ferreira, Rita; Isidro, Joana; Borges, Vitor; Gomes, Joao Paulo	Instituto Nacional de Saude Doutor Ricardo Jorge (INSA), Portugal	daniel.sobral	Genomics and Bioinformatics Unit @ INSA, Portugal	Portugal		2025-11-20	2026-01-23		Illumina NextSeq 550		dx.doi.org/10.17504/protocols.io.5qpvob1nbl4o/v4		PRJEB53055	SAMEA120964568	METAGENOMIC	WGS	RANDOM	ILLUMINA	NextSeq 550	1152982	120159544	2026-01-20	ERR16121701
ERR16121702	PP_004HJYE	PP_004HJYE.2	Sobral, Daniel; Cordeiro, Rita; Coelho, Luis; Ferreira, Rita; Isidro, Joana; Borges, Vitor; Gomes, Joao Paulo	Instituto Nacional de Saude Doutor Ricardo Jorge (INSA), Portugal	daniel.sobral	Genomics and Bioinformatics Unit @ INSA, Portugal	Portugal		2025-12-02	2026-01-23		Illumina NextSeq 550		dx.doi.org/10.17504/protocols.io.5qpvob1nbl4o/v4		PRJEB53055	SAMEA120964569	METAGENOMIC	WGS	RANDOM	ILLUMINA	NextSeq 550	1033848	107791259	2026-01-20	ERR16121702
ERR16121703	PP_004HJZC	PP_004HJZC.2	Sobral, Daniel; Cordeiro, Rita; Coelho, Luis; Ferreira, Rita; Isidro, Joana; Borges, Vitor; Gomes, Joao Paulo	Instituto Nacional de Saude Doutor Ricardo Jorge (INSA), Portugal	daniel.sobral	Genomics and Bioinformatics Unit @ INSA, Portugal	Portugal		2025-12-02	2026-01-23		Illumina NextSeq 550		dx.doi.org/10.17504/protocols.io.5qpvob1nbl4o/v4		PRJEB53055	SAMEA120964570	METAGENOMIC	WGS	RANDOM	ILLUMINA	NextSeq 550	1074700	112089096	2026-01-20	ERR16121703
ERR16121704	PP_004HK0A	PP_004HK0A.2	Sobral, Daniel; Cordeiro, Rita; Coelho, Luis; Ferreira, Rita; Isidro, Joana; Borges, Vitor; Gomes, Joao Paulo	Instituto Nacional de Saude Doutor Ricardo Jorge (INSA), Portugal	daniel.sobral	Genomics and Bioinformatics Unit @ INSA, Portugal	Portugal		2025-11-28	2026-01-23		Illumina NextSeq 550		dx.doi.org/10.17504/protocols.io.5qpvob1nbl4o/v4		PRJEB53055	SAMEA120964571	METAGENOMIC	WGS	RANDOM	ILLUMINA	NextSeq 550	859106	93649086	2026-01-20	ERR16121704
ERR16121705	PP_004HK18	PP_004HK18.2	Sobral, Daniel; Cordeiro, Rita; Coelho, Luis; Ferreira, Rita; Isidro, Joana; Borges, Vitor; Gomes, Joao Paulo	Instituto Nacional de Saude Doutor Ricardo Jorge (INSA), Portugal	daniel.sobral	Genomics and Bioinformatics Unit @ INSA, Portugal	Portugal		2025-12-02	2026-01-23		Illumina NextSeq 550		dx.doi.org/10.17504/protocols.io.5qpvob1nbl4o/v4		PRJEB53055	SAMEA120964572	METAGENOMIC	WGS	RANDOM	ILLUMINA	NextSeq 550	877752	95548075	2026-01-20	ERR16121705
ERR16121706	PP_004HK26	PP_004HK26.2	Sobral, Daniel; Cordeiro, Rita; Coelho, Luis; Ferreira, Rita; Isidro, Joana; Borges, Vitor; Gomes, Joao Paulo	Instituto Nacional de Saude Doutor Ricardo Jorge (INSA), Portugal	daniel.sobral	Genomics and Bioinformatics Unit @ INSA, Portugal	Portugal		2025-12-09	2026-01-23		Illumina NextSeq 550		dx.doi.org/10.17504/protocols.io.5qpvob1nbl4o/v4		PRJEB53055	SAMEA120964573	METAGENOMIC	WGS	RANDOM	ILLUMINA	NextSeq 550	1023262	110519680	2026-01-20	ERR16121706
ERR16121707	PP_004HK34	PP_004HK34.2	Sobral, Daniel; Cordeiro, Rita; Coelho, Luis; Ferreira, Rita; Isidro, Joana; Borges, Vitor; Gomes, Joao Paulo	Instituto Nacional de Saude Doutor Ricardo Jorge (INSA), Portugal	daniel.sobral	Genomics and Bioinformatics Unit @ INSA, Portugal	Portugal		2025-12-10	2026-01-23		Illumina NextSeq 550		dx.doi.org/10.17504/protocols.io.5qpvob1nbl4o/v4		PRJEB53055	SAMEA120964574	METAGENOMIC	WGS	RANDOM	ILLUMINA	NextSeq 550	1073440	113888619	2026-01-20	ERR16121707
ERR16121708	PP_004HK42	PP_004HK42.2	Sobral, Daniel; Cordeiro, Rita; Coelho, Luis; Ferreira, Rita; Isidro, Joana; Borges, Vitor; Gomes, Joao Paulo	Instituto Nacional de Saude Doutor Ricardo Jorge (INSA), Portugal	daniel.sobral	Genomics and Bioinformatics Unit @ INSA, Portugal	Portugal		2025-12-09	2026-01-23		Illumina NextSeq 550		dx.doi.org/10.17504/protocols.io.5qpvob1nbl4o/v4		PRJEB53055	SAMEA120964575	METAGENOMIC	WGS	RANDOM	ILLUMINA	NextSeq 550	979932	103710161	2026-01-20	ERR16121708
ERR16121709	PP_004HK50	PP_004HK50.2	Sobral, Daniel; Cordeiro, Rita; Coelho, Luis; Ferreira, Rita; Isidro, Joana; Borges, Vitor; Gomes, Joao Paulo	Instituto Nacional de Saude Doutor Ricardo Jorge (INSA), Portugal	daniel.sobral	Genomics and Bioinformatics Unit @ INSA, Portugal	Portugal		2025-12-10	2026-01-23		Illumina NextSeq 550		dx.doi.org/10.17504/protocols.io.5qpvob1nbl4o/v4		PRJEB53055	SAMEA120964576	METAGENOMIC	WGS	RANDOM	ILLUMINA	NextSeq 550	1021132	110264919	2026-01-20	ERR16121709
ERR16121710	PP_004HK6Y	PP_004HK6Y.2	Sobral, Daniel; Cordeiro, Rita; Coelho, Luis; Ferreira, Rita; Isidro, Joana; Borges, Vitor; Gomes, Joao Paulo	Instituto Nacional de Saude Doutor Ricardo Jorge (INSA), Portugal	daniel.sobral	Genomics and Bioinformatics Unit @ INSA, Portugal	Portugal		2025-12-10	2026-01-23		Illumina NextSeq 550		dx.doi.org/10.17504/protocols.io.5qpvob1nbl4o/v4		PRJEB53055	SAMEA120964577	METAGENOMIC	WGS	RANDOM	ILLUMINA	NextSeq 550	1045998	112995518	2026-01-20	ERR16121710
ERR16121711	PP_004HK7W	PP_004HK7W.2	Sobral, Daniel; Cordeiro, Rita; Coelho, Luis; Ferreira, Rita; Isidro, Joana; Borges, Vitor; Gomes, Joao Paulo	Instituto Nacional de Saude Doutor Ricardo Jorge (INSA), Portugal	daniel.sobral	Genomics and Bioinformatics Unit @ INSA, Portugal	Portugal		2025-12-12	2026-01-23		Illumina NextSeq 550		dx.doi.org/10.17504/protocols.io.5qpvob1nbl4o/v4		PRJEB53055	SAMEA120964578	METAGENOMIC	WGS	RANDOM	ILLUMINA	NextSeq 550	998806	107992050	2026-01-20	ERR16121711
ERR16121712	PP_004HK8U	PP_004HK8U.2	Sobral, Daniel; Cordeiro, Rita; Coelho, Luis; Ferreira, Rita; Isidro, Joana; Borges, Vitor; Gomes, Joao Paulo	Instituto Nacional de Saude Doutor Ricardo Jorge (INSA), Portugal	daniel.sobral	Genomics and Bioinformatics Unit @ INSA, Portugal	Portugal		2025-12-16	2026-01-23		Illumina NextSeq 550		dx.doi.org/10.17504/protocols.io.5qpvob1nbl4o/v4		PRJEB53055	SAMEA120964579	METAGENOMIC	WGS	RANDOM	ILLUMINA	NextSeq 550	865188	93253379	2026-01-20	ERR16121712
ERR16121713	PP_004HK9S	PP_004HK9S.2	Sobral, Daniel; Cordeiro, Rita; Coelho, Luis; Ferreira, Rita; Isidro, Joana; Borges, Vitor; Gomes, Joao Paulo	Instituto Nacional de Saude Doutor Ricardo Jorge (INSA), Portugal	daniel.sobral	Genomics and Bioinformatics Unit @ INSA, Portugal	Portugal		2025-12-16	2026-01-23		Illumina NextSeq 550		dx.doi.org/10.17504/protocols.io.5qpvob1nbl4o/v4		PRJEB53055	SAMEA120964580	METAGENOMIC	WGS	RANDOM	ILLUMINA	NextSeq 550	909602	97860350	2026-01-20	ERR16121713
ERR16121714	PP_004HKAQ	PP_004HKAQ.2	Sobral, Daniel; Cordeiro, Rita; Coelho, Luis; Ferreira, Rita; Isidro, Joana; Borges, Vitor; Gomes, Joao Paulo	Instituto Nacional de Saude Doutor Ricardo Jorge (INSA), Portugal	daniel.sobral	Genomics and Bioinformatics Unit @ INSA, Portugal	Portugal		2025-12-16	2026-01-23		Illumina NextSeq 550		dx.doi.org/10.17504/protocols.io.5qpvob1nbl4o/v4		PRJEB53055	SAMEA120964581	METAGENOMIC	WGS	RANDOM	ILLUMINA	NextSeq 550	917994	99009945	2026-01-20	ERR16121714
ERR16121715	PP_004HKBN	PP_004HKBN.2	Sobral, Daniel; Cordeiro, Rita; Coelho, Luis; Ferreira, Rita; Isidro, Joana; Borges, Vitor; Gomes, Joao Paulo	Instituto Nacional de Saude Doutor Ricardo Jorge (INSA), Portugal	daniel.sobral	Genomics and Bioinformatics Unit @ INSA, Portugal	Portugal		2025-12-17	2026-01-23		Illumina NextSeq 550		dx.doi.org/10.17504/protocols.io.5qpvob1nbl4o/v4		PRJEB53055	SAMEA120964582	METAGENOMIC	WGS	RANDOM	ILLUMINA	NextSeq 550	996224	107094833	2026-01-20	ERR16121715
ERR16121716	PP_004HKCL	PP_004HKCL.2	Sobral, Daniel; Cordeiro, Rita; Coelho, Luis; Ferreira, Rita; Isidro, Joana; Borges, Vitor; Gomes, Joao Paulo	Instituto Nacional de Saude Doutor Ricardo Jorge (INSA), Portugal	daniel.sobral	Genomics and Bioinformatics Unit @ INSA, Portugal	Portugal		2025-12-17	2026-01-23		Illumina NextSeq 550		dx.doi.org/10.17504/protocols.io.5qpvob1nbl4o/v4		PRJEB53055	SAMEA120964583	METAGENOMIC	WGS	RANDOM	ILLUMINA	NextSeq 550	988042	105994922	2026-01-20	ERR16121716
ERR16121717	PP_004HKDJ	PP_004HKDJ.2	Sobral, Daniel; Cordeiro, Rita; Coelho, Luis; Ferreira, Rita; Isidro, Joana; Borges, Vitor; Gomes, Joao Paulo	Instituto Nacional de Saude Doutor Ricardo Jorge (INSA), Portugal	daniel.sobral	Genomics and Bioinformatics Unit @ INSA, Portugal	Portugal		2025-12-17	2026-01-23		Illumina NextSeq 550		dx.doi.org/10.17504/protocols.io.5qpvob1nbl4o/v4		PRJEB53055	SAMEA120964584	METAGENOMIC	WGS	RANDOM	ILLUMINA	NextSeq 550	791110	85575876	2026-01-20	ERR16121717
ERR16121718	PP_004HKEG	PP_004HKEG.2	Sobral, Daniel; Cordeiro, Rita; Coelho, Luis; Ferreira, Rita; Isidro, Joana; Borges, Vitor; Gomes, Joao Paulo	Instituto Nacional de Saude Doutor Ricardo Jorge (INSA), Portugal	daniel.sobral	Genomics and Bioinformatics Unit @ INSA, Portugal	Portugal		2025-12-18	2026-01-23		Illumina NextSeq 550		dx.doi.org/10.17504/protocols.io.5qpvob1nbl4o/v4		PRJEB53055	SAMEA120964585	METAGENOMIC	WGS	RANDOM	ILLUMINA	NextSeq 550	990540	106090601	2026-01-20	ERR16121718
ERR16121719	PP_004HKFE	PP_004HKFE.2	Sobral, Daniel; Cordeiro, Rita; Coelho, Luis; Ferreira, Rita; Isidro, Joana; Borges, Vitor; Gomes, Joao Paulo	Instituto Nacional de Saude Doutor Ricardo Jorge (INSA), Portugal	daniel.sobral	Genomics and Bioinformatics Unit @ INSA, Portugal	Portugal		2025-12-22	2026-01-23		Illumina NextSeq 550		dx.doi.org/10.17504/protocols.io.5qpvob1nbl4o/v4		PRJEB53055	SAMEA120964586	METAGENOMIC	WGS	RANDOM	ILLUMINA	NextSeq 550	1156316	123592059	2026-01-20	ERR16121719
ERR16121720	PP_004HKGC	PP_004HKGC.2	Sobral, Daniel; Cordeiro, Rita; Coelho, Luis; Ferreira, Rita; Isidro, Joana; Borges, Vitor; Gomes, Joao Paulo	Instituto Nacional de Saude Doutor Ricardo Jorge (INSA), Portugal	daniel.sobral	Genomics and Bioinformatics Unit @ INSA, Portugal	Portugal		2025-12-23	2026-01-23		Illumina NextSeq 550		dx.doi.org/10.17504/protocols.io.5qpvob1nbl4o/v4		PRJEB53055	SAMEA120964587	METAGENOMIC	WGS	RANDOM	ILLUMINA	NextSeq 550	886098	95271938	2026-01-20	ERR16121720
ERR16654718	PP_004JCZG	PP_004JCZG.1	Sobral, Daniel; Cordeiro, Rita; Coelho, Luis; Ferreira, Rita; Isidro, Joana; Borges, Vitor; Gomes, Joao Paulo	Instituto Nacional de Saude Doutor Ricardo Jorge (INSA), Portugal	daniel.sobral	Genomics and Bioinformatics Unit @ INSA, Portugal	Portugal		2025-12-30	2026-02-04		Illumina NextSeq 550		dx.doi.org/10.17504/protocols.io.5qpvob1nbl4o/v4		PRJEB53055	SAMEA121263252	METAGENOMIC	WGS	RANDOM	ILLUMINA	NextSeq 550	745004	83099281	2026-02-04	ERR16654718
ERR16654719	PP_004JD0E	PP_004JD0E.1	Sobral, Daniel; Cordeiro, Rita; Coelho, Luis; Ferreira, Rita; Isidro, Joana; Borges, Vitor; Gomes, Joao Paulo	Instituto Nacional de Saude Doutor Ricardo Jorge (INSA), Portugal	daniel.sobral	Genomics and Bioinformatics Unit @ INSA, Portugal	Portugal		2025-12-30	2026-02-04		Illumina NextSeq 550		dx.doi.org/10.17504/protocols.io.5qpvob1nbl4o/v4		PRJEB53055	SAMEA121263253	METAGENOMIC	WGS	RANDOM	ILLUMINA	NextSeq 550	579338	64692465	2026-02-04	ERR16654719
ERR16654720	PP_004JD1C	PP_004JD1C.1	Sobral, Daniel; Cordeiro, Rita; Coelho, Luis; Ferreira, Rita; Isidro, Joana; Borges, Vitor; Gomes, Joao Paulo	Instituto Nacional de Saude Doutor Ricardo Jorge (INSA), Portugal	daniel.sobral	Genomics and Bioinformatics Unit @ INSA, Portugal	Portugal		2025-12-30	2026-02-04		Illumina NextSeq 550		dx.doi.org/10.17504/protocols.io.5qpvob1nbl4o/v4		PRJEB53055	SAMEA121263254	METAGENOMIC	WGS	RANDOM	ILLUMINA	NextSeq 550	665604	74626441	2026-02-04	ERR16654720
ERR16654721	PP_004JD2A	PP_004JD2A.1	Sobral, Daniel; Cordeiro, Rita; Coelho, Luis; Ferreira, Rita; Isidro, Joana; Borges, Vitor; Gomes, Joao Paulo	Instituto Nacional de Saude Doutor Ricardo Jorge (INSA), Portugal	daniel.sobral	Genomics and Bioinformatics Unit @ INSA, Portugal	Portugal		2025-12-29	2026-02-04		Illumina NextSeq 550		dx.doi.org/10.17504/protocols.io.5qpvob1nbl4o/v4		PRJEB53055	SAMEA121263255	METAGENOMIC	WGS	RANDOM	ILLUMINA	NextSeq 550	568294	63459463	2026-02-04	ERR16654721
ERR16654722	PP_004JD38	PP_004JD38.1	Sobral, Daniel; Cordeiro, Rita; Coelho, Luis; Ferreira, Rita; Isidro, Joana; Borges, Vitor; Gomes, Joao Paulo	Instituto Nacional de Saude Doutor Ricardo Jorge (INSA), Portugal	daniel.sobral	Genomics and Bioinformatics Unit @ INSA, Portugal	Portugal		2026-01-06	2026-02-04		Illumina NextSeq 550		dx.doi.org/10.17504/protocols.io.5qpvob1nbl4o/v4		PRJEB53055	SAMEA121263256	METAGENOMIC	WGS	RANDOM	ILLUMINA	NextSeq 550	706534	79259937	2026-02-04	ERR16654722
ERR16654723	PP_004JD46	PP_004JD46.1	Sobral, Daniel; Cordeiro, Rita; Coelho, Luis; Ferreira, Rita; Isidro, Joana; Borges, Vitor; Gomes, Joao Paulo	Instituto Nacional de Saude Doutor Ricardo Jorge (INSA), Portugal	daniel.sobral	Genomics and Bioinformatics Unit @ INSA, Portugal	Portugal		2026-01-06	2026-02-04		Illumina NextSeq 550		dx.doi.org/10.17504/protocols.io.5qpvob1nbl4o/v4		PRJEB53055	SAMEA121263257	METAGENOMIC	WGS	RANDOM	ILLUMINA	NextSeq 550	592700	66440036	2026-02-04	ERR16654723
ERR16654724	PP_004JD54	PP_004JD54.1	Sobral, Daniel; Cordeiro, Rita; Coelho, Luis; Ferreira, Rita; Isidro, Joana; Borges, Vitor; Gomes, Joao Paulo	Instituto Nacional de Saude Doutor Ricardo Jorge (INSA), Portugal	daniel.sobral	Genomics and Bioinformatics Unit @ INSA, Portugal	Portugal		2025-12-20	2026-02-04		Illumina NextSeq 550		dx.doi.org/10.17504/protocols.io.5qpvob1nbl4o/v4		PRJEB53055	SAMEA121263258	METAGENOMIC	WGS	RANDOM	ILLUMINA	NextSeq 550	605390	67797580	2026-02-04	ERR16654724
ERR16654725	PP_004JD62	PP_004JD62.1	Sobral, Daniel; Cordeiro, Rita; Coelho, Luis; Ferreira, Rita; Isidro, Joana; Borges, Vitor; Gomes, Joao Paulo	Instituto Nacional de Saude Doutor Ricardo Jorge (INSA), Portugal	daniel.sobral	Genomics and Bioinformatics Unit @ INSA, Portugal	Portugal		2025-11-28	2026-02-04		Illumina NextSeq 550		dx.doi.org/10.17504/protocols.io.5qpvob1nbl4o/v4		PRJEB53055	SAMEA121263259	METAGENOMIC	WGS	RANDOM	ILLUMINA	NextSeq 550	607742	68326978	2026-02-04	ERR16654725
ERR16654726	PP_004JD70	PP_004JD70.1	Sobral, Daniel; Cordeiro, Rita; Coelho, Luis; Ferreira, Rita; Isidro, Joana; Borges, Vitor; Gomes, Joao Paulo	Instituto Nacional de Saude Doutor Ricardo Jorge (INSA), Portugal	daniel.sobral	Genomics and Bioinformatics Unit @ INSA, Portugal	Portugal		2026-01-12	2026-02-04		Illumina NextSeq 550		dx.doi.org/10.17504/protocols.io.5qpvob1nbl4o/v4		PRJEB53055	SAMEA121263260	METAGENOMIC	WGS	RANDOM	ILLUMINA	NextSeq 550	644020	72052539	2026-02-04	ERR16654726
ERR16654727	PP_004JD8Y	PP_004JD8Y.1	Sobral, Daniel; Cordeiro, Rita; Coelho, Luis; Ferreira, Rita; Isidro, Joana; Borges, Vitor; Gomes, Joao Paulo	Instituto Nacional de Saude Doutor Ricardo Jorge (INSA), Portugal	daniel.sobral	Genomics and Bioinformatics Unit @ INSA, Portugal	Portugal		2026-01-13	2026-02-04		Illumina NextSeq 550		dx.doi.org/10.17504/protocols.io.5qpvob1nbl4o/v4		PRJEB53055	SAMEA121263261	METAGENOMIC	WGS	RANDOM	ILLUMINA	NextSeq 550	755146	84310063	2026-02-04	ERR16654727
ERR16654728	PP_004JD9W	PP_004JD9W.1	Sobral, Daniel; Cordeiro, Rita; Coelho, Luis; Ferreira, Rita; Isidro, Joana; Borges, Vitor; Gomes, Joao Paulo	Instituto Nacional de Saude Doutor Ricardo Jorge (INSA), Portugal	daniel.sobral	Genomics and Bioinformatics Unit @ INSA, Portugal	Portugal		2026-01-12	2026-02-04		Illumina NextSeq 550		dx.doi.org/10.17504/protocols.io.5qpvob1nbl4o/v4		PRJEB53055	SAMEA121263262	METAGENOMIC	WGS	RANDOM	ILLUMINA	NextSeq 550	724312	80490158	2026-02-04	ERR16654728
ERR16654729	PP_004JDAU	PP_004JDAU.1	Sobral, Daniel; Cordeiro, Rita; Coelho, Luis; Ferreira, Rita; Isidro, Joana; Borges, Vitor; Gomes, Joao Paulo	Instituto Nacional de Saude Doutor Ricardo Jorge (INSA), Portugal	daniel.sobral	Genomics and Bioinformatics Unit @ INSA, Portugal	Portugal		2026-01-14	2026-02-04		Illumina NextSeq 550		dx.doi.org/10.17504/protocols.io.5qpvob1nbl4o/v4		PRJEB53055	SAMEA121263246	METAGENOMIC	WGS	RANDOM	ILLUMINA	NextSeq 550	713124	79610623	2026-02-04	ERR16654729
ERR16654730	PP_004JDBS	PP_004JDBS.1	Sobral, Daniel; Cordeiro, Rita; Coelho, Luis; Ferreira, Rita; Isidro, Joana; Borges, Vitor; Gomes, Joao Paulo	Instituto Nacional de Saude Doutor Ricardo Jorge (INSA), Portugal	daniel.sobral	Genomics and Bioinformatics Unit @ INSA, Portugal	Portugal		2026-01-15	2026-02-04		Illumina NextSeq 550		dx.doi.org/10.17504/protocols.io.5qpvob1nbl4o/v4		PRJEB53055	SAMEA121263247	METAGENOMIC	WGS	RANDOM	ILLUMINA	NextSeq 550	631894	70634931	2026-02-04	ERR16654730
ERR16654731	PP_004JDCQ	PP_004JDCQ.1	Sobral, Daniel; Cordeiro, Rita; Coelho, Luis; Ferreira, Rita; Isidro, Joana; Borges, Vitor; Gomes, Joao Paulo	Instituto Nacional de Saude Doutor Ricardo Jorge (INSA), Portugal	daniel.sobral	Genomics and Bioinformatics Unit @ INSA, Portugal	Portugal		2026-01-15	2026-02-04		Illumina NextSeq 550		dx.doi.org/10.17504/protocols.io.5qpvob1nbl4o/v4		PRJEB53055	SAMEA121263248	METAGENOMIC	WGS	RANDOM	ILLUMINA	NextSeq 550	668908	74133287	2026-02-04	ERR16654731
ERR16654732	PP_004JDDN	PP_004JDDN.1	Sobral, Daniel; Cordeiro, Rita; Coelho, Luis; Ferreira, Rita; Isidro, Joana; Borges, Vitor; Gomes, Joao Paulo	Instituto Nacional de Saude Doutor Ricardo Jorge (INSA), Portugal	daniel.sobral	Genomics and Bioinformatics Unit @ INSA, Portugal	Portugal		2026-01-17	2026-02-04		Illumina NextSeq 550		dx.doi.org/10.17504/protocols.io.5qpvob1nbl4o/v4		PRJEB53055	SAMEA121263249	METAGENOMIC	WGS	RANDOM	ILLUMINA	NextSeq 550	775050	86858332	2026-02-04	ERR16654732
ERR16654733	PP_004JDEL	PP_004JDEL.1	Sobral, Daniel; Cordeiro, Rita; Coelho, Luis; Ferreira, Rita; Isidro, Joana; Borges, Vitor; Gomes, Joao Paulo	Instituto Nacional de Saude Doutor Ricardo Jorge (INSA), Portugal	daniel.sobral	Genomics and Bioinformatics Unit @ INSA, Portugal	Portugal		2026-01-21	2026-02-04		Illumina NextSeq 550		dx.doi.org/10.17504/protocols.io.5qpvob1nbl4o/v4		PRJEB53055	SAMEA121263250	METAGENOMIC	WGS	RANDOM	ILLUMINA	NextSeq 550	774118	86697932	2026-02-04	ERR16654733
ERR16654734	PP_004JDFJ	PP_004JDFJ.1	Sobral, Daniel; Cordeiro, Rita; Coelho, Luis; Ferreira, Rita; Isidro, Joana; Borges, Vitor; Gomes, Joao Paulo	Instituto Nacional de Saude Doutor Ricardo Jorge (INSA), Portugal	daniel.sobral	Genomics and Bioinformatics Unit @ INSA, Portugal	Portugal		2026-01-20	2026-02-04		Illumina NextSeq 550		dx.doi.org/10.17504/protocols.io.5qpvob1nbl4o/v4		PRJEB53055	SAMEA121263251	METAGENOMIC	WGS	RANDOM	ILLUMINA	NextSeq 550	596590	67197280	2026-02-04	ERR16654734
ERR16730032	PP_004KJUJ	PP_004KJUJ.1	Sobral, Daniel; Cordeiro, Rita; Coelho, Luis; Ferreira, Rita; Isidro, Joana; Borges, Vitor; Gomes, Joao Paulo	Instituto Nacional de Saude Doutor Ricardo Jorge (INSA), Portugal	daniel.sobral	Genomics and Bioinformatics Unit @ INSA, Portugal	Portugal		2026-02-04	2026-02-24		lllumina MiSeq		lllumina Viral Surveillance Panel v2 Kit		PRJEB53055	SAMEA121781187	METAGENOMIC	WGS	other	ILLUMINA	NextSeq 550	1660271	231356280	2026-02-25	ERR16730032
ERR16730033	PP_004KJVG	PP_004KJVG.1	Sobral, Daniel; Cordeiro, Rita; Coelho, Luis; Ferreira, Rita; Isidro, Joana; Borges, Vitor; Gomes, Joao Paulo	Instituto Nacional de Saude Doutor Ricardo Jorge (INSA), Portugal	daniel.sobral	Genomics and Bioinformatics Unit @ INSA, Portugal	Portugal		2026-01-27	2026-02-24		lllumina MiSeq		lllumina Viral Surveillance Panel v2 Kit		PRJEB53055	SAMEA121781188	METAGENOMIC	WGS	other	ILLUMINA	NextSeq 550	1852488	244360549	2026-02-25	ERR16730033
ERR16740593	PP_004KYC3	PP_004KYC3.1	Sobral, Daniel; Cordeiro, Rita; Coelho, Luis; Ferreira, Rita; Isidro, Joana; Borges, Vitor; Gomes, Joao Paulo	Instituto Nacional de Saude Doutor Ricardo Jorge (INSA), Portugal	daniel.sobral	Genomics and Bioinformatics Unit @ INSA, Portugal	Portugal		2025-12-17	2026-02-25		Illumina NextSeq 550		dx.doi.org/10.17504/protocols.io.5qpvob1nbl4o/v4		PRJEB53055	SAMEA121780933	METAGENOMIC	WGS	PCR	ILLUMINA	NextSeq 550	1013414	110968686	2026-02-25	ERR16740593
ERR16740594	PP_004KYD1	PP_004KYD1.1	Sobral, Daniel; Cordeiro, Rita; Coelho, Luis; Ferreira, Rita; Isidro, Joana; Borges, Vitor; Gomes, Joao Paulo	Instituto Nacional de Saude Doutor Ricardo Jorge (INSA), Portugal	daniel.sobral	Genomics and Bioinformatics Unit @ INSA, Portugal	Portugal		2025-11-08	2026-02-25		Illumina NextSeq 550		dx.doi.org/10.17504/protocols.io.5qpvob1nbl4o/v4		PRJEB53055	SAMEA121780934	METAGENOMIC	WGS	PCR	ILLUMINA	NextSeq 550	937278	102665502	2026-02-25	ERR16740594
ERR16740595	PP_004KYEZ	PP_004KYEZ.1	Sobral, Daniel; Cordeiro, Rita; Coelho, Luis; Ferreira, Rita; Isidro, Joana; Borges, Vitor; Gomes, Joao Paulo	Instituto Nacional de Saude Doutor Ricardo Jorge (INSA), Portugal	daniel.sobral	Genomics and Bioinformatics Unit @ INSA, Portugal	Portugal		2026-01-22	2026-02-25		Illumina NextSeq 550		dx.doi.org/10.17504/protocols.io.5qpvob1nbl4o/v4		PRJEB53055	SAMEA121780935	METAGENOMIC	WGS	PCR	ILLUMINA	NextSeq 550	888196	97838011	2026-02-25	ERR16740595
ERR16740596	PP_004KYFX	PP_004KYFX.1	Sobral, Daniel; Cordeiro, Rita; Coelho, Luis; Ferreira, Rita; Isidro, Joana; Borges, Vitor; Gomes, Joao Paulo	Instituto Nacional de Saude Doutor Ricardo Jorge (INSA), Portugal	daniel.sobral	Genomics and Bioinformatics Unit @ INSA, Portugal	Portugal		2026-01-22	2026-02-25		Illumina NextSeq 550		dx.doi.org/10.17504/protocols.io.5qpvob1nbl4o/v4		PRJEB53055	SAMEA121780936	METAGENOMIC	WGS	PCR	ILLUMINA	NextSeq 550	926640	102055789	2026-02-25	ERR16740596
ERR16740597	PP_004KYGV	PP_004KYGV.1	Sobral, Daniel; Cordeiro, Rita; Coelho, Luis; Ferreira, Rita; Isidro, Joana; Borges, Vitor; Gomes, Joao Paulo	Instituto Nacional de Saude Doutor Ricardo Jorge (INSA), Portugal	daniel.sobral	Genomics and Bioinformatics Unit @ INSA, Portugal	Portugal		2026-01-23	2026-02-25		Illumina NextSeq 550		dx.doi.org/10.17504/protocols.io.5qpvob1nbl4o/v4		PRJEB53055	SAMEA121780937	METAGENOMIC	WGS	PCR	ILLUMINA	NextSeq 550	972158	107273962	2026-02-25	ERR16740597
ERR16740598	PP_004KYHS	PP_004KYHS.1	Sobral, Daniel; Cordeiro, Rita; Coelho, Luis; Ferreira, Rita; Isidro, Joana; Borges, Vitor; Gomes, Joao Paulo	Instituto Nacional de Saude Doutor Ricardo Jorge (INSA), Portugal	daniel.sobral	Genomics and Bioinformatics Unit @ INSA, Portugal	Portugal		2026-01-23	2026-02-25		Illumina NextSeq 550		dx.doi.org/10.17504/protocols.io.5qpvob1nbl4o/v4		PRJEB53055	SAMEA121780938	METAGENOMIC	WGS	PCR	ILLUMINA	NextSeq 550	1038882	113894660	2026-02-25	ERR16740598
ERR16740599	PP_004KYJQ	PP_004KYJQ.1	Sobral, Daniel; Cordeiro, Rita; Coelho, Luis; Ferreira, Rita; Isidro, Joana; Borges, Vitor; Gomes, Joao Paulo	Instituto Nacional de Saude Doutor Ricardo Jorge (INSA), Portugal	daniel.sobral	Genomics and Bioinformatics Unit @ INSA, Portugal	Portugal		2026-01-22	2026-02-25		Illumina NextSeq 550		dx.doi.org/10.17504/protocols.io.5qpvob1nbl4o/v4		PRJEB53055	SAMEA121780939	METAGENOMIC	WGS	PCR	ILLUMINA	NextSeq 550	1018988	111719487	2026-02-25	ERR16740599
ERR16740600	PP_004KYKN	PP_004KYKN.1	Sobral, Daniel; Cordeiro, Rita; Coelho, Luis; Ferreira, Rita; Isidro, Joana; Borges, Vitor; Gomes, Joao Paulo	Instituto Nacional de Saude Doutor Ricardo Jorge (INSA), Portugal	daniel.sobral	Genomics and Bioinformatics Unit @ INSA, Portugal	Portugal		2026-01-24	2026-02-25		Illumina NextSeq 550		dx.doi.org/10.17504/protocols.io.5qpvob1nbl4o/v4		PRJEB53055	SAMEA121780940	METAGENOMIC	WGS	PCR	ILLUMINA	NextSeq 550	1108438	121422447	2026-02-25	ERR16740600
ERR16740601	PP_004KYLL	PP_004KYLL.1	Sobral, Daniel; Cordeiro, Rita; Coelho, Luis; Ferreira, Rita; Isidro, Joana; Borges, Vitor; Gomes, Joao Paulo	Instituto Nacional de Saude Doutor Ricardo Jorge (INSA), Portugal	daniel.sobral	Genomics and Bioinformatics Unit @ INSA, Portugal	Portugal		2026-01-20	2026-02-25		Illumina NextSeq 550		dx.doi.org/10.17504/protocols.io.5qpvob1nbl4o/v4		PRJEB53055	SAMEA121780941	METAGENOMIC	WGS	PCR	ILLUMINA	NextSeq 550	802094	88197294	2026-02-25	ERR16740601
ERR16740602	PP_004KYMJ	PP_004KYMJ.1	Sobral, Daniel; Cordeiro, Rita; Coelho, Luis; Ferreira, Rita; Isidro, Joana; Borges, Vitor; Gomes, Joao Paulo	Instituto Nacional de Saude Doutor Ricardo Jorge (INSA), Portugal	daniel.sobral	Genomics and Bioinformatics Unit @ INSA, Portugal	Portugal		2026-01-13	2026-02-25		Illumina NextSeq 550		dx.doi.org/10.17504/protocols.io.5qpvob1nbl4o/v4		PRJEB53055	SAMEA121780942	METAGENOMIC	WGS	PCR	ILLUMINA	NextSeq 550	818274	90287803	2026-02-25	ERR16740602
ERR16740603	PP_004KYNG	PP_004KYNG.1	Sobral, Daniel; Cordeiro, Rita; Coelho, Luis; Ferreira, Rita; Isidro, Joana; Borges, Vitor; Gomes, Joao Paulo	Instituto Nacional de Saude Doutor Ricardo Jorge (INSA), Portugal	daniel.sobral	Genomics and Bioinformatics Unit @ INSA, Portugal	Portugal		2026-01-16	2026-02-25		Illumina NextSeq 550		dx.doi.org/10.17504/protocols.io.5qpvob1nbl4o/v4		PRJEB53055	SAMEA121780943	METAGENOMIC	WGS	PCR	ILLUMINA	NextSeq 550	952990	105273084	2026-02-25	ERR16740603
ERR16740604	PP_004KYPE	PP_004KYPE.1	Sobral, Daniel; Cordeiro, Rita; Coelho, Luis; Ferreira, Rita; Isidro, Joana; Borges, Vitor; Gomes, Joao Paulo	Instituto Nacional de Saude Doutor Ricardo Jorge (INSA), Portugal	daniel.sobral	Genomics and Bioinformatics Unit @ INSA, Portugal	Portugal		2026-01-29	2026-02-25		Illumina NextSeq 550		dx.doi.org/10.17504/protocols.io.5qpvob1nbl4o/v4		PRJEB53055	SAMEA121780944	METAGENOMIC	WGS	PCR	ILLUMINA	NextSeq 550	812182	89689859	2026-02-25	ERR16740604
ERR16740605	PP_004KYQC	PP_004KYQC.1	Sobral, Daniel; Cordeiro, Rita; Coelho, Luis; Ferreira, Rita; Isidro, Joana; Borges, Vitor; Gomes, Joao Paulo	Instituto Nacional de Saude Doutor Ricardo Jorge (INSA), Portugal	daniel.sobral	Genomics and Bioinformatics Unit @ INSA, Portugal	Portugal		2026-02-04	2026-02-25		Illumina NextSeq 550		dx.doi.org/10.17504/protocols.io.5qpvob1nbl4o/v4		PRJEB53055	SAMEA121780945	METAGENOMIC	WGS	PCR	ILLUMINA	NextSeq 550	919708	101559275	2026-02-25	ERR16740605
ERR16740606	PP_004KYRA	PP_004KYRA.1	Sobral, Daniel; Cordeiro, Rita; Coelho, Luis; Ferreira, Rita; Isidro, Joana; Borges, Vitor; Gomes, Joao Paulo	Instituto Nacional de Saude Doutor Ricardo Jorge (INSA), Portugal	daniel.sobral	Genomics and Bioinformatics Unit @ INSA, Portugal	Portugal		2026-02-05	2026-02-25		Illumina NextSeq 550		dx.doi.org/10.17504/protocols.io.5qpvob1nbl4o/v4		PRJEB53055	SAMEA121780946	METAGENOMIC	WGS	PCR	ILLUMINA	NextSeq 550	938194	103465851	2026-02-25	ERR16740606
ERR16740607	PP_004KYS8	PP_004KYS8.1	Sobral, Daniel; Cordeiro, Rita; Coelho, Luis; Ferreira, Rita; Isidro, Joana; Borges, Vitor; Gomes, Joao Paulo	Instituto Nacional de Saude Doutor Ricardo Jorge (INSA), Portugal	daniel.sobral	Genomics and Bioinformatics Unit @ INSA, Portugal	Portugal		2026-02-04	2026-02-25		Illumina NextSeq 550		dx.doi.org/10.17504/protocols.io.5qpvob1nbl4o/v4		PRJEB53055	SAMEA121780947	METAGENOMIC	WGS	PCR	ILLUMINA	NextSeq 550	697876	77094793	2026-02-25	ERR16740607
ERR16740608	PP_004KYT6	PP_004KYT6.1	Sobral, Daniel; Cordeiro, Rita; Coelho, Luis; Ferreira, Rita; Isidro, Joana; Borges, Vitor; Gomes, Joao Paulo	Instituto Nacional de Saude Doutor Ricardo Jorge (INSA), Portugal	daniel.sobral	Genomics and Bioinformatics Unit @ INSA, Portugal	Portugal		2026-02-04	2026-02-25		Illumina NextSeq 550		dx.doi.org/10.17504/protocols.io.5qpvob1nbl4o/v4		PRJEB53055	SAMEA121780948	METAGENOMIC	WGS	PCR	ILLUMINA	NextSeq 550	1099800	120751803	2026-02-25	ERR16740608
ERR16740609	PP_004KYU4	PP_004KYU4.1	Sobral, Daniel; Cordeiro, Rita; Coelho, Luis; Ferreira, Rita; Isidro, Joana; Borges, Vitor; Gomes, Joao Paulo	Instituto Nacional de Saude Doutor Ricardo Jorge (INSA), Portugal	daniel.sobral	Genomics and Bioinformatics Unit @ INSA, Portugal	Portugal		2026-02-04	2026-02-25		Illumina NextSeq 550		dx.doi.org/10.17504/protocols.io.5qpvob1nbl4o/v4		PRJEB53055	SAMEA121780949	METAGENOMIC	WGS	PCR	ILLUMINA	NextSeq 550	1089656	118885662	2026-02-25	ERR16740609
SRR37484510	PP_006PWER	PP_006PWER.1	Featherston, J.; Grobbelaar, A. A.; Govender, K.; Govender, N.; Ismail, A.; Moodley, M.; Moolla, N.; Mtshali, S.; Msimang, V.; Weyer, J.	National Institute of Communicable diseases, Sequencing Core Facility	insdc_ingest_user	Automated Ingest from INSDC/NCBI Virus by Loculus	South Africa	KwaZulu Natal	2025-12-04	2026-03-19	Monkeypox virus					PRJNA1432508	SAMN56344225	GENOMIC	WGS	PCR	ILLUMINA	NextSeq 2000	6903781	2044461830	2026-03-08	SRR37484510
SRR37484509	PP_006PWFP	PP_006PWFP.1	Featherston, J.; Grobbelaar, A. A.; Govender, K.; Govender, N.; Ismail, A.; Moodley, M.; Moolla, N.; Mtshali, S.; Msimang, V.; Weyer, J.	National Institute of Communicable diseases, Sequencing Core Facility	insdc_ingest_user	Automated Ingest from INSDC/NCBI Virus by Loculus	South Africa	KwaZulu Natal	2026-01-07	2026-03-19	Monkeypox virus					PRJNA1432508	SAMN56344226	GENOMIC	WGS	PCR	ILLUMINA	NextSeq 2000	3564349	1044888543	2026-03-08	SRR37484509
SRR37484508	PP_006PWGM	PP_006PWGM.1	Featherston, J.; Grobbelaar, A. A.; Govender, K.; Govender, N.; Ismail, A.; Moodley, M.; Moolla, N.; Mtshali, S.; Msimang, V.; Weyer, J.	National Institute of Communicable diseases, Sequencing Core Facility	insdc_ingest_user	Automated Ingest from INSDC/NCBI Virus by Loculus	South Africa	Western Cape	2026-01-15	2026-03-19	Monkeypox virus					PRJNA1432508	SAMN56344227	GENOMIC	WGS	PCR	ILLUMINA	NextSeq 2000	16544217	4702242412	2026-03-08	SRR37484508
SRR38038162	PP_006TY25	PP_006TY25.1	Camara, J.; Petersen, N. P.; Koundouno, F. R.; Annibaldis, G.; Kourouma, K.; Soropogui, B.; Ryter, S.; Millimono, S. L.; Conde, M. II; Nelson, E. V.; van Gelder, C.; Le, M.; Kolie, E.; Millimouno, T. E.; Tolno, F. M.; Kamano, F. M.; Keita, M. B.; Bongono, S. A.; Tolno, F.; Traore, O.; Conde, S.; Camara, A.; Lemey, P.; Guenther, S.; Duraffour, S.; Boumbaly, S.	Bernhard Nocht Institute for Tropical Medicine, Virology	insdc_ingest_user	Automated Ingest from INSDC/NCBI Virus by Loculus	Guinea	Macenta	2024-08-30	2026-04-14	Monkeypox virus					PRJNA1451746	SAMN57197949	METAGENOMIC	WGS	RANDOM	OXFORD_NANOPORE	MinION	53301	22565500	2026-04-15	SRR38038162
SRR38038161	PP_006TY33	PP_006TY33.1	Camara, J.; Petersen, N. P.; Koundouno, F. R.; Annibaldis, G.; Kourouma, K.; Soropogui, B.; Ryter, S.; Millimono, S. L.; Conde, M. II; Nelson, E. V.; van Gelder, C.; Le, M.; Kolie, E.; Millimouno, T. E.; Tolno, F. M.; Kamano, F. M.; Keita, M. B.; Bongono, S. A.; Tolno, F.; Traore, O.; Conde, S.; Camara, A.; Lemey, P.; Guenther, S.; Duraffour, S.; Boumbaly, S.	Bernhard Nocht Institute for Tropical Medicine, Virology	insdc_ingest_user	Automated Ingest from INSDC/NCBI Virus by Loculus	Guinea	Macenta	2024-12-04	2026-04-14	Monkeypox virus					PRJNA1451746	SAMN57197950	METAGENOMIC	WGS	RANDOM	OXFORD_NANOPORE	MinION	26195	10595182	2026-04-15	SRR38038161
SRR38038153	PP_006TY5Z	PP_006TY5Z.1	Camara, J.; Petersen, N. P.; Koundouno, F. R.; Annibaldis, G.; Kourouma, K.; Soropogui, B.; Ryter, S.; Millimono, S. L.; Conde, M. II; Nelson, E. V.; van Gelder, C.; Le, M.; Kolie, E.; Millimouno, T. E.; Tolno, F. M.; Kamano, F. M.; Keita, M. B.; Bongono, S. A.; Tolno, F.; Traore, O.; Conde, S.; Camara, A.; Lemey, P.; Guenther, S.; Duraffour, S.; Boumbaly, S.; Petersen, N.	Bernhard Nocht Institute for Tropical Medicine, Virology	insdc_ingest_user	Automated Ingest from INSDC/NCBI Virus by Loculus	Guinea	Conakry	2025-06-03	2026-04-14	Monkeypox virus					PRJNA1451746	SAMN57197954	METAGENOMIC	WGS	RANDOM	OXFORD_NANOPORE	MinION	138724	50186157	2026-04-15	SRR38038153
SRR38038152	PP_006TY6X	PP_006TY6X.1	Camara, J.; Petersen, N. P.; Koundouno, F. R.; Annibaldis, G.; Kourouma, K.; Soropogui, B.; Ryter, S.; Millimono, S. L.; Conde, M. II; Nelson, E. V.; van Gelder, C.; Le, M.; Kolie, E.; Millimouno, T. E.; Tolno, F. M.; Kamano, F. M.; Keita, M. B.; Bongono, S. A.; Tolno, F.; Traore, O.; Conde, S.; Camara, A.; Lemey, P.; Guenther, S.; Duraffour, S.; Boumbaly, S.; Petersen, N.	Bernhard Nocht Institute for Tropical Medicine, Virology	insdc_ingest_user	Automated Ingest from INSDC/NCBI Virus by Loculus	Guinea	Kindia	2025-06-14	2026-04-14	Monkeypox virus					PRJNA1451746	SAMN57197955	METAGENOMIC	WGS	RANDOM	OXFORD_NANOPORE	MinION	13305	4978464	2026-04-15	SRR38038152
SRR38038151	PP_006TY7V	PP_006TY7V.1	Camara, J.; Petersen, N. P.; Koundouno, F. R.; Annibaldis, G.; Kourouma, K.; Soropogui, B.; Ryter, S.; Millimono, S. L.; Conde, M. II; Nelson, E. V.; van Gelder, C.; Le, M.; Kolie, E.; Millimouno, T. E.; Tolno, F. M.; Kamano, F. M.; Keita, M. B.; Bongono, S. A.; Tolno, F.; Traore, O.; Conde, S.; Camara, A.; Lemey, P.; Guenther, S.; Duraffour, S.; Boumbaly, S.; Petersen, N.	Bernhard Nocht Institute for Tropical Medicine, Virology	insdc_ingest_user	Automated Ingest from INSDC/NCBI Virus by Loculus	Guinea	Conakry	2025-06-14	2026-04-14	Monkeypox virus					PRJNA1451746	SAMN57197956	METAGENOMIC	WGS	RANDOM	OXFORD_NANOPORE	MinION	30193	12064415	2026-04-15	SRR38038151
SRR38038150	PP_006TY8T	PP_006TY8T.1	Camara, J.; Petersen, N. P.; Koundouno, F. R.; Annibaldis, G.; Kourouma, K.; Soropogui, B.; Ryter, S.; Millimono, S. L.; Conde, M. II; Nelson, E. V.; van Gelder, C.; Le, M.; Kolie, E.; Millimouno, T. E.; Tolno, F. M.; Kamano, F. M.; Keita, M. B.; Bongono, S. A.; Tolno, F.; Traore, O.; Conde, S.; Camara, A.; Lemey, P.; Guenther, S.; Duraffour, S.; Boumbaly, S.; Petersen, N.	Bernhard Nocht Institute for Tropical Medicine, Virology	insdc_ingest_user	Automated Ingest from INSDC/NCBI Virus by Loculus	Guinea	Conakry	2025-06-16	2026-04-14	Monkeypox virus					PRJNA1451746	SAMN57197957	METAGENOMIC	WGS	RANDOM	OXFORD_NANOPORE	MinION	23475	9472656	2026-04-15	SRR38038150
ERR17091463	PP_006UZ06	PP_006UZ06.1	Sobral, Daniel; Cordeiro, Rita; Coelho, Luis; Ferreira, Rita; Isidro, Joana; Borges, Vitor; Gomes, Joao Paulo	Instituto Nacional de Saude Doutor Ricardo Jorge (INSA), Portugal	daniel.sobral	Genomics and Bioinformatics Unit @ INSA, Portugal	Portugal		2026-02-11	2026-04-28		Illumina NextSeq 550		dx.doi.org/10.17504/protocols.io.5qpvob1nbl4o/v4		PRJEB53055	SAMEA122249322	METAGENOMIC	WGS	PCR	ILLUMINA	NextSeq 550	488004	54702524	2026-05-02	ERR17091463
ERR17091464	PP_006UZ14	PP_006UZ14.1	Sobral, Daniel; Cordeiro, Rita; Coelho, Luis; Ferreira, Rita; Isidro, Joana; Borges, Vitor; Gomes, Joao Paulo	Instituto Nacional de Saude Doutor Ricardo Jorge (INSA), Portugal	daniel.sobral	Genomics and Bioinformatics Unit @ INSA, Portugal	Portugal		2026-02-16	2026-04-28		Illumina NextSeq 550		dx.doi.org/10.17504/protocols.io.5qpvob1nbl4o/v4		PRJEB53055	SAMEA122249323	METAGENOMIC	WGS	PCR	ILLUMINA	NextSeq 550	617000	69844845	2026-05-02	ERR17091464
ERR17091465	PP_006UZ22	PP_006UZ22.1	Sobral, Daniel; Cordeiro, Rita; Coelho, Luis; Ferreira, Rita; Isidro, Joana; Borges, Vitor; Gomes, Joao Paulo	Instituto Nacional de Saude Doutor Ricardo Jorge (INSA), Portugal	daniel.sobral	Genomics and Bioinformatics Unit @ INSA, Portugal	Portugal		2026-02-21	2026-04-28		Illumina NextSeq 550		dx.doi.org/10.17504/protocols.io.5qpvob1nbl4o/v4		PRJEB53055	SAMEA122249324	METAGENOMIC	WGS	PCR	ILLUMINA	NextSeq 550	528926	59685970	2026-05-02	ERR17091465
ERR17091466	PP_006UZ30	PP_006UZ30.1	Sobral, Daniel; Cordeiro, Rita; Coelho, Luis; Ferreira, Rita; Isidro, Joana; Borges, Vitor; Gomes, Joao Paulo	Instituto Nacional de Saude Doutor Ricardo Jorge (INSA), Portugal	daniel.sobral	Genomics and Bioinformatics Unit @ INSA, Portugal	Portugal		2026-02-25	2026-04-28		Illumina NextSeq 550		dx.doi.org/10.17504/protocols.io.5qpvob1nbl4o/v4		PRJEB53055	SAMEA122249325	METAGENOMIC	WGS	PCR	ILLUMINA	NextSeq 550	397112	45213349	2026-05-02	ERR17091466
ERR17091467	PP_006UZ4Y	PP_006UZ4Y.1	Sobral, Daniel; Cordeiro, Rita; Coelho, Luis; Ferreira, Rita; Isidro, Joana; Borges, Vitor; Gomes, Joao Paulo	Instituto Nacional de Saude Doutor Ricardo Jorge (INSA), Portugal	daniel.sobral	Genomics and Bioinformatics Unit @ INSA, Portugal	Portugal		2026-03-06	2026-04-28		Illumina NextSeq 550		dx.doi.org/10.17504/protocols.io.5qpvob1nbl4o/v4		PRJEB53055	SAMEA122249326	METAGENOMIC	WGS	PCR	ILLUMINA	NextSeq 550	506230	57636571	2026-05-02	ERR17091467
ERR17091468	PP_006UZ5W	PP_006UZ5W.1	Sobral, Daniel; Cordeiro, Rita; Coelho, Luis; Ferreira, Rita; Isidro, Joana; Borges, Vitor; Gomes, Joao Paulo	Instituto Nacional de Saude Doutor Ricardo Jorge (INSA), Portugal	daniel.sobral	Genomics and Bioinformatics Unit @ INSA, Portugal	Portugal		2026-03-09	2026-04-28		Illumina NextSeq 550		dx.doi.org/10.17504/protocols.io.5qpvob1nbl4o/v4		PRJEB53055	SAMEA122249327	METAGENOMIC	WGS	PCR	ILLUMINA	NextSeq 550	428744	48903834	2026-05-02	ERR17091468
ERR17091469	PP_006UZ6U	PP_006UZ6U.1	Sobral, Daniel; Cordeiro, Rita; Coelho, Luis; Ferreira, Rita; Isidro, Joana; Borges, Vitor; Gomes, Joao Paulo	Instituto Nacional de Saude Doutor Ricardo Jorge (INSA), Portugal	daniel.sobral	Genomics and Bioinformatics Unit @ INSA, Portugal	Portugal		2026-03-10	2026-04-28		Illumina NextSeq 550		dx.doi.org/10.17504/protocols.io.5qpvob1nbl4o/v4		PRJEB53055	SAMEA122249328	METAGENOMIC	WGS	PCR	ILLUMINA	NextSeq 550	435558	49756815	2026-05-02	ERR17091469
ERR17091470	PP_006UZ7S	PP_006UZ7S.1	Sobral, Daniel; Cordeiro, Rita; Coelho, Luis; Ferreira, Rita; Isidro, Joana; Borges, Vitor; Gomes, Joao Paulo	Instituto Nacional de Saude Doutor Ricardo Jorge (INSA), Portugal	daniel.sobral	Genomics and Bioinformatics Unit @ INSA, Portugal	Portugal		2026-03-04	2026-04-28		Illumina NextSeq 550		dx.doi.org/10.17504/protocols.io.5qpvob1nbl4o/v4		PRJEB53055	SAMEA122249329	METAGENOMIC	WGS	PCR	ILLUMINA	NextSeq 550	474918	53784414	2026-05-02	ERR17091470
ERR17091471	PP_006UZ8Q	PP_006UZ8Q.1	Sobral, Daniel; Cordeiro, Rita; Coelho, Luis; Ferreira, Rita; Isidro, Joana; Borges, Vitor; Gomes, Joao Paulo	Instituto Nacional de Saude Doutor Ricardo Jorge (INSA), Portugal	daniel.sobral	Genomics and Bioinformatics Unit @ INSA, Portugal	Portugal		2026-03-09	2026-04-28		Illumina NextSeq 551		dx.doi.org/10.17504/protocols.io.5qpvob1nbl4o/v5		PRJEB53055	SAMEA122249330	METAGENOMIC	WGS	PCR	ILLUMINA	NextSeq 550	371460	42049069	2026-05-02	ERR17091471
ERR17091472	PP_006UZ9N	PP_006UZ9N.1	Sobral, Daniel; Cordeiro, Rita; Coelho, Luis; Ferreira, Rita; Isidro, Joana; Borges, Vitor; Gomes, Joao Paulo	Instituto Nacional de Saude Doutor Ricardo Jorge (INSA), Portugal	daniel.sobral	Genomics and Bioinformatics Unit @ INSA, Portugal	Portugal		2026-04-02	2026-04-28		Illumina NextSeq 552		dx.doi.org/10.17504/protocols.io.5qpvob1nbl4o/v6		PRJEB53055	SAMEA122249331	METAGENOMIC	WGS	PCR	ILLUMINA	NextSeq 550	496688	56748927	2026-05-02	ERR17091472
ERR17156134	PP_006UZZ7	PP_006UZZ7.1	Sobral, Daniel; Cordeiro, Rita; Coelho, Luis; Ferreira, Rita; Isidro, Joana; Borges, Vitor; Gomes, Joao Paulo	Instituto Nacional de Saude Doutor Ricardo Jorge (INSA), Portugal	daniel.sobral	Genomics and Bioinformatics Unit @ INSA, Portugal	Portugal		2026-03-30	2026-04-30		Illumina NextSeq 550		dx.doi.org/10.17504/protocols.io.5qpvob1nbl4o/v5		PRJEB53055	SAMEA122301483	METAGENOMIC	WGS	PCR	ILLUMINA	NextSeq 550	516166	58624764	2026-05-05	ERR17156134
ERR17156135	PP_006V003	PP_006V003.1	Sobral, Daniel; Cordeiro, Rita; Coelho, Luis; Ferreira, Rita; Isidro, Joana; Borges, Vitor; Gomes, Joao Paulo	Instituto Nacional de Saude Doutor Ricardo Jorge (INSA), Portugal	daniel.sobral	Genomics and Bioinformatics Unit @ INSA, Portugal	Portugal		2026-04-08	2026-04-30		Illumina NextSeq 550		dx.doi.org/10.17504/protocols.io.5qpvob1nbl4o/v6		PRJEB53055	SAMEA122301484	METAGENOMIC	WGS	PCR	ILLUMINA	NextSeq 550	606944	69315924	2026-05-05	ERR17156135
SRR38318774	PP_006VEA3	PP_006VEA3.1	Gigante, C.; Baumgartner, J.; Hughes, C.; Deng, J.; Tuttle, A.; Tayebi, Z.; Minhaj, F.; Wilkins, K.; Davidson, W.; Hughes, S.; Hutson, C.	CDC, DHCPP-PRB	insdc_ingest_user	Automated Ingest from INSDC/NCBI Virus by Loculus	USA	NY	2026-03	2026-05-07	Monkeypox virus					PRJNA849962	SAMN57546165	METAGENOMIC	WGS	RANDOM	ILLUMINA	NextSeq 1000	2557827	534006643	2026-05-02	SRR38318774
SRR38318776	PP_006VEB1	PP_006VEB1.1	Gigante, C.; Mann, E.; Gagne, L.; Doucette, M.; Brown, C.; Hughes, C.; Deng, J.; Tayebi, Z.; Wilkins, K.; Davidson, W.; Tharpe, I.; Pillai, S.; Madoff, L.; Fortes, E.; Sabina, B.; Epie, N.; Bhattacharyya, S.; Hutson, C.	CDC, DHCPP-PRB	insdc_ingest_user	Automated Ingest from INSDC/NCBI Virus by Loculus	USA	MA	2026-02	2026-05-07	Monkeypox virus					PRJNA849962	SAMN57546163	METAGENOMIC	WGS	RANDOM	ILLUMINA	NextSeq 1000	1184286	215009182	2026-05-02	SRR38318776
SRR38318775	PP_006VECZ	PP_006VECZ.1	Gigante, C.; Turabelidze, G.; Bos, J.; Hughes, C.; Deng, J.; Tuttle, A.; Tayebi, Z.; Minhaj, F.; Wilkins, K.; Davidson, W.; Koffarnus, N.; Berkley, A.; Hutson, C.	CDC, DHCPP-PRB	insdc_ingest_user	Automated Ingest from INSDC/NCBI Virus by Loculus	USA	MO	2026-02	2026-05-07	Monkeypox virus					PRJNA849962	SAMN57546167	METAGENOMIC	WGS	RANDOM	ILLUMINA	NextSeq 1000	304083	50459939	2026-05-02	SRR38318775
SRR38318625	PP_006VEDX	PP_006VEDX.1	Gigante, C.; Turabelidze, G.; Bos, J.; Hughes, C.; Deng, J.; Tuttle, A.; Tayebi, Z.; Minhaj, F.; Wilkins, K.; Davidson, W.; Koffarnus, N.; Berkley, A.; Hutson, C.	CDC, DHCPP-PRB	insdc_ingest_user	Automated Ingest from INSDC/NCBI Virus by Loculus	USA	MO	2026-02	2026-05-07	Monkeypox virus					PRJNA849962	SAMN57546164	METAGENOMIC	WGS	RANDOM	ILLUMINA	NextSeq 1000	130926	24602063	2026-05-02	SRR38318625
SRR38318698	PP_006VEEV	PP_006VEEV.1	Gigante, C.; Hughes, C.; Deng, J.; Tuttle, A.; Tayebi, Z.; Minhaj, F.; Wilkins, K.; Davidson, W.; Hutson, C.	CDC, DHCPP-PRB	insdc_ingest_user	Automated Ingest from INSDC/NCBI Virus by Loculus	USA	IL	2025-10	2026-05-07	Monkeypox virus					PRJNA849962	SAMN57546166	METAGENOMIC	WGS	RANDOM	ILLUMINA	NextSeq 1000	137932	26733593	2026-05-02	SRR38318698
SRR34716563	PP_006WLL8	PP_006WLL8.1	Chung, Y.-S.; Yi, H.; Choi, M.-M.; Kim, J.-W.; Jung, S.; Lee, M.; Lee, S. E.; Sim, G.; Lee, J. H.; Shin, H.; Choi, C.-H.	Korea Disease Control and Prevention Agency, Division of High-risk Pathogens	insdc_ingest_user	Automated Ingest from INSDC/NCBI Virus by Loculus	South Korea		2023-04-21	2026-05-14	Orthopoxvirus monkeypox					PRJNA935252	SAMN48140148	GENOMIC	Targeted-Capture	Hybrid Selection	ILLUMINA	Illumina MiSeq	457233	50269411	2025-08-03	SRR34716563
SRR34716562	PP_006WLM6	PP_006WLM6.1	Chung, Y.-S.; Yi, H.; Choi, M.-M.; Kim, J.-W.; Jung, S.; Lee, M.; Lee, S. E.; Sim, G.; Lee, J. H.; Shin, H.; Choi, C.-H.	Korea Disease Control and Prevention Agency, Division of High-risk Pathogens	insdc_ingest_user	Automated Ingest from INSDC/NCBI Virus by Loculus	South Korea		2023-04-22	2026-05-14	Orthopoxvirus monkeypox					PRJNA935252	SAMN48140149	GENOMIC	Targeted-Capture	Hybrid Selection	ILLUMINA	Illumina MiSeq	375428	25114092	2025-08-04	SRR34716562
SRR34716541	PP_006WLN4	PP_006WLN4.1	Chung, Y.-S.; Yi, H.; Choi, M.-M.; Kim, J.-W.; Jung, S.; Lee, M.; Lee, S. E.; Sim, G.; Lee, J. H.; Shin, H.; Choi, C.-H.	Korea Disease Control and Prevention Agency, Division of High-risk Pathogens	insdc_ingest_user	Automated Ingest from INSDC/NCBI Virus by Loculus	South Korea		2023-04-26	2026-05-14	Orthopoxvirus monkeypox					PRJNA935252	SAMN48140150	GENOMIC	Targeted-Capture	Hybrid Selection	ILLUMINA	Illumina MiSeq	460832	102750037	2025-08-04	SRR34716541
SRR34716530	PP_006WLP2	PP_006WLP2.1	Chung, Y.-S.; Yi, H.; Choi, M.-M.; Kim, J.-W.; Jung, S.; Lee, M.; Lee, S. E.; Sim, G.; Lee, J. H.; Shin, H.; Choi, C.-H.	Korea Disease Control and Prevention Agency, Division of High-risk Pathogens	insdc_ingest_user	Automated Ingest from INSDC/NCBI Virus by Loculus	South Korea		2023-04-26	2026-05-14	Orthopoxvirus monkeypox					PRJNA935252	SAMN48140151	GENOMIC	Targeted-Capture	Hybrid Selection	ILLUMINA	Illumina MiSeq	455950	48413105	2025-08-03	SRR34716530
SRR34716519	PP_006WLQ0	PP_006WLQ0.1	Chung, Y.-S.; Yi, H.; Choi, M.-M.; Kim, J.-W.; Jung, S.; Lee, M.; Lee, S. E.; Sim, G.; Lee, J. H.; Shin, H.; Choi, C.-H.	Korea Disease Control and Prevention Agency, Division of High-risk Pathogens	insdc_ingest_user	Automated Ingest from INSDC/NCBI Virus by Loculus	South Korea		2023-04-26	2026-05-14	Orthopoxvirus monkeypox					PRJNA935252	SAMN48140152	GENOMIC	Targeted-Capture	Hybrid Selection	ILLUMINA	Illumina MiSeq	459645	109424211	2025-08-04	SRR34716519
SRR34716508	PP_006WLRY	PP_006WLRY.1	Chung, Y.-S.; Yi, H.; Choi, M.-M.; Kim, J.-W.; Jung, S.; Lee, M.; Lee, S. E.; Sim, G.; Lee, J. H.; Shin, H.; Choi, C.-H.	Korea Disease Control and Prevention Agency, Division of High-risk Pathogens	insdc_ingest_user	Automated Ingest from INSDC/NCBI Virus by Loculus	South Korea		2023-04-26	2026-05-14	Orthopoxvirus monkeypox					PRJNA935252	SAMN48140153	GENOMIC	Targeted-Capture	Hybrid Selection	ILLUMINA	Illumina MiSeq	450930	103164583	2025-08-04	SRR34716508
SRR34716497	PP_006WLSW	PP_006WLSW.1	Chung, Y.-S.; Yi, H.; Choi, M.-M.; Kim, J.-W.; Jung, S.; Lee, M.; Lee, S. E.; Sim, G.; Lee, J. H.; Shin, H.; Choi, C.-H.	Korea Disease Control and Prevention Agency, Division of High-risk Pathogens	insdc_ingest_user	Automated Ingest from INSDC/NCBI Virus by Loculus	South Korea		2023-04-27	2026-05-14	Orthopoxvirus monkeypox					PRJNA935252	SAMN48140154	GENOMIC	Targeted-Capture	Hybrid Selection	ILLUMINA	Illumina MiSeq	52068	10481956	2025-08-04	SRR34716497
SRR34716486	PP_006WLTU	PP_006WLTU.1	Chung, Y.-S.; Yi, H.; Choi, M.-M.; Kim, J.-W.; Jung, S.; Lee, M.; Lee, S. E.; Sim, G.; Lee, J. H.; Shin, H.; Choi, C.-H.	Korea Disease Control and Prevention Agency, Division of High-risk Pathogens	insdc_ingest_user	Automated Ingest from INSDC/NCBI Virus by Loculus	South Korea		2023-04-27	2026-05-14	Orthopoxvirus monkeypox					PRJNA935252	SAMN48140155	GENOMIC	Targeted-Capture	Hybrid Selection	ILLUMINA	Illumina MiSeq	435807	45336845	2025-08-03	SRR34716486
SRR34716475	PP_006WLUS	PP_006WLUS.1	Chung, Y.-S.; Yi, H.; Choi, M.-M.; Kim, J.-W.; Jung, S.; Lee, M.; Lee, S. E.; Sim, G.; Lee, J. H.; Shin, H.; Choi, C.-H.	Korea Disease Control and Prevention Agency, Division of High-risk Pathogens	insdc_ingest_user	Automated Ingest from INSDC/NCBI Virus by Loculus	South Korea		2023-04-27	2026-05-14	Orthopoxvirus monkeypox					PRJNA935252	SAMN48140156	GENOMIC	Targeted-Capture	Hybrid Selection	ILLUMINA	Illumina MiSeq	315459	71934194	2025-08-04	SRR34716475
SRR34716464	PP_006WLVQ	PP_006WLVQ.1	Chung, Y.-S.; Yi, H.; Choi, M.-M.; Kim, J.-W.; Jung, S.; Lee, M.; Lee, S. E.; Sim, G.; Lee, J. H.; Shin, H.; Choi, C.-H.	Korea Disease Control and Prevention Agency, Division of High-risk Pathogens	insdc_ingest_user	Automated Ingest from INSDC/NCBI Virus by Loculus	South Korea		2023-04-28	2026-05-14	Orthopoxvirus monkeypox					PRJNA935252	SAMN48140157	GENOMIC	Targeted-Capture	Hybrid Selection	ILLUMINA	Illumina MiSeq	363810	25182741	2025-08-04	SRR34716464
SRR34716561	PP_006WLWN	PP_006WLWN.1	Chung, Y.-S.; Yi, H.; Choi, M.-M.; Kim, J.-W.; Jung, S.; Lee, M.; Lee, S. E.; Sim, G.; Lee, J. H.; Shin, H.; Choi, C.-H.	Korea Disease Control and Prevention Agency, Division of High-risk Pathogens	insdc_ingest_user	Automated Ingest from INSDC/NCBI Virus by Loculus	South Korea		2023-04-29	2026-05-14	Orthopoxvirus monkeypox					PRJNA935252	SAMN48140158	GENOMIC	Targeted-Capture	Hybrid Selection	ILLUMINA	Illumina MiSeq	445918	100750122	2025-08-04	SRR34716561
SRR34716550	PP_006WLXL	PP_006WLXL.1	Chung, Y.-S.; Yi, H.; Choi, M.-M.; Kim, J.-W.; Jung, S.; Lee, M.; Lee, S. E.; Sim, G.; Lee, J. H.; Shin, H.; Choi, C.-H.	Korea Disease Control and Prevention Agency, Division of High-risk Pathogens	insdc_ingest_user	Automated Ingest from INSDC/NCBI Virus by Loculus	South Korea		2023-04-30	2026-05-14	Orthopoxvirus monkeypox					PRJNA935252	SAMN48140159	GENOMIC	Targeted-Capture	Hybrid Selection	ILLUMINA	Illumina MiSeq	415937	96940253	2025-08-04	SRR34716550
SRR34716549	PP_006WLYJ	PP_006WLYJ.1	Chung, Y.-S.; Yi, H.; Choi, M.-M.; Kim, J.-W.; Jung, S.; Lee, M.; Lee, S. E.; Sim, G.; Lee, J. H.; Shin, H.; Choi, C.-H.	Korea Disease Control and Prevention Agency, Division of High-risk Pathogens	insdc_ingest_user	Automated Ingest from INSDC/NCBI Virus by Loculus	South Korea		2023-04-30	2026-05-14	Orthopoxvirus monkeypox					PRJNA935252	SAMN48140160	GENOMIC	Targeted-Capture	Hybrid Selection	ILLUMINA	Illumina MiSeq	445355	102945779	2025-08-04	SRR34716549
SRR34716548	PP_006WLZG	PP_006WLZG.1	Chung, Y.-S.; Yi, H.; Choi, M.-M.; Kim, J.-W.; Jung, S.; Lee, M.; Lee, S. E.; Sim, G.; Lee, J. H.; Shin, H.; Choi, C.-H.	Korea Disease Control and Prevention Agency, Division of High-risk Pathogens	insdc_ingest_user	Automated Ingest from INSDC/NCBI Virus by Loculus	South Korea		2023-04-30	2026-05-14	Orthopoxvirus monkeypox					PRJNA935252	SAMN48140161	GENOMIC	Targeted-Capture	Hybrid Selection	ILLUMINA	Illumina MiSeq	374019	25001721	2025-08-04	SRR34716548
SRR34716547	PP_006WM0E	PP_006WM0E.1	Chung, Y.-S.; Yi, H.; Choi, M.-M.; Kim, J.-W.; Jung, S.; Lee, M.; Lee, S. E.; Sim, G.; Lee, J. H.; Shin, H.; Choi, C.-H.	Korea Disease Control and Prevention Agency, Division of High-risk Pathogens	insdc_ingest_user	Automated Ingest from INSDC/NCBI Virus by Loculus	South Korea		2023-05-01	2026-05-14	Orthopoxvirus monkeypox					PRJNA935252	SAMN48140162	GENOMIC	Targeted-Capture	Hybrid Selection	ILLUMINA	Illumina MiSeq	392238	28837676	2025-08-04	SRR34716547
SRR34716546	PP_006WM1C	PP_006WM1C.1	Chung, Y.-S.; Yi, H.; Choi, M.-M.; Kim, J.-W.; Jung, S.; Lee, M.; Lee, S. E.; Sim, G.; Lee, J. H.; Shin, H.; Choi, C.-H.	Korea Disease Control and Prevention Agency, Division of High-risk Pathogens	insdc_ingest_user	Automated Ingest from INSDC/NCBI Virus by Loculus	South Korea		2023-05-02	2026-05-14	Orthopoxvirus monkeypox					PRJNA935252	SAMN48140163	GENOMIC	Targeted-Capture	Hybrid Selection	ILLUMINA	Illumina MiSeq	455566	48894444	2025-08-03	SRR34716546
SRR34716545	PP_006WM2A	PP_006WM2A.1	Chung, Y.-S.; Yi, H.; Choi, M.-M.; Kim, J.-W.; Jung, S.; Lee, M.; Lee, S. E.; Sim, G.; Lee, J. H.; Shin, H.; Choi, C.-H.	Korea Disease Control and Prevention Agency, Division of High-risk Pathogens	insdc_ingest_user	Automated Ingest from INSDC/NCBI Virus by Loculus	South Korea		2023-05-02	2026-05-14	Orthopoxvirus monkeypox					PRJNA935252	SAMN48140164	GENOMIC	Targeted-Capture	Hybrid Selection	ILLUMINA	Illumina MiSeq	458102	50588762	2025-08-03	SRR34716545
SRR34716544	PP_006WM38	PP_006WM38.1	Chung, Y.-S.; Yi, H.; Choi, M.-M.; Kim, J.-W.; Jung, S.; Lee, M.; Lee, S. E.; Sim, G.; Lee, J. H.; Shin, H.; Choi, C.-H.	Korea Disease Control and Prevention Agency, Division of High-risk Pathogens	insdc_ingest_user	Automated Ingest from INSDC/NCBI Virus by Loculus	South Korea		2023-05-02	2026-05-14	Orthopoxvirus monkeypox					PRJNA935252	SAMN48140165	GENOMIC	Targeted-Capture	Hybrid Selection	ILLUMINA	Illumina MiSeq	199997	42292864	2025-08-04	SRR34716544
SRR34716543	PP_006WM46	PP_006WM46.1	Chung, Y.-S.; Yi, H.; Choi, M.-M.; Kim, J.-W.; Jung, S.; Lee, M.; Lee, S. E.; Sim, G.; Lee, J. H.; Shin, H.; Choi, C.-H.	Korea Disease Control and Prevention Agency, Division of High-risk Pathogens	insdc_ingest_user	Automated Ingest from INSDC/NCBI Virus by Loculus	South Korea		2023-05-03	2026-05-14	Orthopoxvirus monkeypox					PRJNA935252	SAMN48140167	GENOMIC	Targeted-Capture	Hybrid Selection	ILLUMINA	Illumina MiSeq	454564	48932231	2025-08-03	SRR34716543
SRR34716542	PP_006WM54	PP_006WM54.1	Chung, Y.-S.; Yi, H.; Choi, M.-M.; Kim, J.-W.; Jung, S.; Lee, M.; Lee, S. E.; Sim, G.; Lee, J. H.; Shin, H.; Choi, C.-H.	Korea Disease Control and Prevention Agency, Division of High-risk Pathogens	insdc_ingest_user	Automated Ingest from INSDC/NCBI Virus by Loculus	South Korea		2023-05-04	2026-05-14	Orthopoxvirus monkeypox					PRJNA935252	SAMN48140168	GENOMIC	Targeted-Capture	Hybrid Selection	ILLUMINA	Illumina MiSeq	451303	102888742	2025-08-04	SRR34716542
SRR34716540	PP_006WM62	PP_006WM62.1	Chung, Y.-S.; Yi, H.; Choi, M.-M.; Kim, J.-W.; Jung, S.; Lee, M.; Lee, S. E.; Sim, G.; Lee, J. H.; Shin, H.; Choi, C.-H.	Korea Disease Control and Prevention Agency, Division of High-risk Pathogens	insdc_ingest_user	Automated Ingest from INSDC/NCBI Virus by Loculus	South Korea		2023-05-04	2026-05-14	Orthopoxvirus monkeypox					PRJNA935252	SAMN48140169	GENOMIC	Targeted-Capture	Hybrid Selection	ILLUMINA	Illumina MiSeq	339449	66679553	2025-08-04	SRR34716540
SRR34716539	PP_006WM70	PP_006WM70.1	Chung, Y.-S.; Yi, H.; Choi, M.-M.; Kim, J.-W.; Jung, S.; Lee, M.; Lee, S. E.; Sim, G.; Lee, J. H.; Shin, H.; Choi, C.-H.	Korea Disease Control and Prevention Agency, Division of High-risk Pathogens	insdc_ingest_user	Automated Ingest from INSDC/NCBI Virus by Loculus	South Korea		2023-05-03	2026-05-14	Orthopoxvirus monkeypox					PRJNA935252	SAMN48140170	GENOMIC	Targeted-Capture	Hybrid Selection	ILLUMINA	Illumina MiSeq	475008	105031677	2025-08-04	SRR34716539
SRR34716538	PP_006WM8Y	PP_006WM8Y.1	Chung, Y.-S.; Yi, H.; Choi, M.-M.; Kim, J.-W.; Jung, S.; Lee, M.; Lee, S. E.; Sim, G.; Lee, J. H.; Shin, H.; Choi, C.-H.	Korea Disease Control and Prevention Agency, Division of High-risk Pathogens	insdc_ingest_user	Automated Ingest from INSDC/NCBI Virus by Loculus	South Korea		2023-05-04	2026-05-14	Orthopoxvirus monkeypox					PRJNA935252	SAMN48140171	GENOMIC	Targeted-Capture	Hybrid Selection	ILLUMINA	Illumina MiSeq	473004	105888004	2025-08-04	SRR34716538
SRR34716537	PP_006WM9W	PP_006WM9W.1	Chung, Y.-S.; Yi, H.; Choi, M.-M.; Kim, J.-W.; Jung, S.; Lee, M.; Lee, S. E.; Sim, G.; Lee, J. H.; Shin, H.; Choi, C.-H.	Korea Disease Control and Prevention Agency, Division of High-risk Pathogens	insdc_ingest_user	Automated Ingest from INSDC/NCBI Virus by Loculus	South Korea		2023-05-04	2026-05-14	Orthopoxvirus monkeypox					PRJNA935252	SAMN48140172	GENOMIC	Targeted-Capture	Hybrid Selection	ILLUMINA	Illumina MiSeq	455641	48106574	2025-08-03	SRR34716537
SRR34716536	PP_006WMAU	PP_006WMAU.1	Chung, Y.-S.; Yi, H.; Choi, M.-M.; Kim, J.-W.; Jung, S.; Lee, M.; Lee, S. E.; Sim, G.; Lee, J. H.; Shin, H.; Choi, C.-H.	Korea Disease Control and Prevention Agency, Division of High-risk Pathogens	insdc_ingest_user	Automated Ingest from INSDC/NCBI Virus by Loculus	South Korea		2023-05-05	2026-05-14	Orthopoxvirus monkeypox					PRJNA935252	SAMN48140173	GENOMIC	Targeted-Capture	Hybrid Selection	ILLUMINA	Illumina MiSeq	477567	119412790	2025-08-04	SRR34716536
SRR34716535	PP_006WMBS	PP_006WMBS.1	Chung, Y.-S.; Yi, H.; Choi, M.-M.; Kim, J.-W.; Jung, S.; Lee, M.; Lee, S. E.; Sim, G.; Lee, J. H.; Shin, H.; Choi, C.-H.	Korea Disease Control and Prevention Agency, Division of High-risk Pathogens	insdc_ingest_user	Automated Ingest from INSDC/NCBI Virus by Loculus	South Korea		2023-05-08	2026-05-14	Orthopoxvirus monkeypox					PRJNA935252	SAMN48140174	GENOMIC	Targeted-Capture	Hybrid Selection	ILLUMINA	Illumina MiSeq	454467	49023246	2025-08-03	SRR34716535
SRR34716534	PP_006WMCQ	PP_006WMCQ.1	Chung, Y.-S.; Yi, H.; Choi, M.-M.; Kim, J.-W.; Jung, S.; Lee, M.; Lee, S. E.; Sim, G.; Lee, J. H.; Shin, H.; Choi, C.-H.	Korea Disease Control and Prevention Agency, Division of High-risk Pathogens	insdc_ingest_user	Automated Ingest from INSDC/NCBI Virus by Loculus	South Korea		2023-05-08	2026-05-14	Orthopoxvirus monkeypox					PRJNA935252	SAMN48140175	GENOMIC	Targeted-Capture	Hybrid Selection	ILLUMINA	Illumina MiSeq	451955	100087083	2025-08-04	SRR34716534
SRR34716533	PP_006WMDN	PP_006WMDN.1	Chung, Y.-S.; Yi, H.; Choi, M.-M.; Kim, J.-W.; Jung, S.; Lee, M.; Lee, S. E.; Sim, G.; Lee, J. H.; Shin, H.; Choi, C.-H.	Korea Disease Control and Prevention Agency, Division of High-risk Pathogens	insdc_ingest_user	Automated Ingest from INSDC/NCBI Virus by Loculus	South Korea		2023-05-08	2026-05-14	Orthopoxvirus monkeypox					PRJNA935252	SAMN48140176	GENOMIC	Targeted-Capture	Hybrid Selection	ILLUMINA	Illumina MiSeq	445347	97745919	2025-08-04	SRR34716533
SRR34716532	PP_006WMEL	PP_006WMEL.1	Chung, Y.-S.; Yi, H.; Choi, M.-M.; Kim, J.-W.; Jung, S.; Lee, M.; Lee, S. E.; Sim, G.; Lee, J. H.; Shin, H.; Choi, C.-H.	Korea Disease Control and Prevention Agency, Division of High-risk Pathogens	insdc_ingest_user	Automated Ingest from INSDC/NCBI Virus by Loculus	South Korea		2023-05-08	2026-05-14	Orthopoxvirus monkeypox					PRJNA935252	SAMN48140177	GENOMIC	Targeted-Capture	Hybrid Selection	ILLUMINA	Illumina MiSeq	379290	38602336	2025-08-03	SRR34716532
SRR34716531	PP_006WMFJ	PP_006WMFJ.1	Chung, Y.-S.; Yi, H.; Choi, M.-M.; Kim, J.-W.; Jung, S.; Lee, M.; Lee, S. E.; Sim, G.; Lee, J. H.; Shin, H.; Choi, C.-H.	Korea Disease Control and Prevention Agency, Division of High-risk Pathogens	insdc_ingest_user	Automated Ingest from INSDC/NCBI Virus by Loculus	South Korea		2023-05-09	2026-05-14	Orthopoxvirus monkeypox					PRJNA935252	SAMN48140178	GENOMIC	Targeted-Capture	Hybrid Selection	ILLUMINA	Illumina MiSeq	444181	45633587	2025-08-03	SRR34716531
SRR34716529	PP_006WMGG	PP_006WMGG.1	Chung, Y.-S.; Yi, H.; Choi, M.-M.; Kim, J.-W.; Jung, S.; Lee, M.; Lee, S. E.; Sim, G.; Lee, J. H.; Shin, H.; Choi, C.-H.	Korea Disease Control and Prevention Agency, Division of High-risk Pathogens	insdc_ingest_user	Automated Ingest from INSDC/NCBI Virus by Loculus	South Korea		2023-05-09	2026-05-14	Orthopoxvirus monkeypox					PRJNA935252	SAMN48140179	GENOMIC	Targeted-Capture	Hybrid Selection	ILLUMINA	Illumina MiSeq	455991	102170008	2025-08-04	SRR34716529
SRR34716528	PP_006WMHD	PP_006WMHD.1	Chung, Y.-S.; Yi, H.; Choi, M.-M.; Kim, J.-W.; Jung, S.; Lee, M.; Lee, S. E.; Sim, G.; Lee, J. H.; Shin, H.; Choi, C.-H.	Korea Disease Control and Prevention Agency, Division of High-risk Pathogens	insdc_ingest_user	Automated Ingest from INSDC/NCBI Virus by Loculus	South Korea		2023-05-09	2026-05-14	Orthopoxvirus monkeypox					PRJNA935252	SAMN48140180	GENOMIC	Targeted-Capture	Hybrid Selection	ILLUMINA	Illumina MiSeq	457547	99490106	2025-08-04	SRR34716528
SRR34716527	PP_006WMJB	PP_006WMJB.1	Chung, Y.-S.; Yi, H.; Choi, M.-M.; Kim, J.-W.; Jung, S.; Lee, M.; Lee, S. E.; Sim, G.; Lee, J. H.; Shin, H.; Choi, C.-H.	Korea Disease Control and Prevention Agency, Division of High-risk Pathogens	insdc_ingest_user	Automated Ingest from INSDC/NCBI Virus by Loculus	South Korea		2023-05-10	2026-05-14	Orthopoxvirus monkeypox					PRJNA935252	SAMN48140181	GENOMIC	Targeted-Capture	Hybrid Selection	ILLUMINA	Illumina MiSeq	457641	50298025	2025-08-03	SRR34716527
SRR34716526	PP_006WMK9	PP_006WMK9.1	Chung, Y.-S.; Yi, H.; Choi, M.-M.; Kim, J.-W.; Jung, S.; Lee, M.; Lee, S. E.; Sim, G.; Lee, J. H.; Shin, H.; Choi, C.-H.	Korea Disease Control and Prevention Agency, Division of High-risk Pathogens	insdc_ingest_user	Automated Ingest from INSDC/NCBI Virus by Loculus	South Korea		2023-05-12	2026-05-14	Orthopoxvirus monkeypox					PRJNA935252	SAMN48140182	GENOMIC	Targeted-Capture	Hybrid Selection	ILLUMINA	Illumina MiSeq	455015	48809593	2025-08-03	SRR34716526
SRR34716525	PP_006WML7	PP_006WML7.1	Chung, Y.-S.; Yi, H.; Choi, M.-M.; Kim, J.-W.; Jung, S.; Lee, M.; Lee, S. E.; Sim, G.; Lee, J. H.; Shin, H.; Choi, C.-H.	Korea Disease Control and Prevention Agency, Division of High-risk Pathogens	insdc_ingest_user	Automated Ingest from INSDC/NCBI Virus by Loculus	South Korea		2023-05-12	2026-05-14	Orthopoxvirus monkeypox					PRJNA935252	SAMN48140183	GENOMIC	Targeted-Capture	Hybrid Selection	ILLUMINA	Illumina MiSeq	362778	25305236	2025-08-04	SRR34716525
SRR34716524	PP_006WMM5	PP_006WMM5.1	Chung, Y.-S.; Yi, H.; Choi, M.-M.; Kim, J.-W.; Jung, S.; Lee, M.; Lee, S. E.; Sim, G.; Lee, J. H.; Shin, H.; Choi, C.-H.	Korea Disease Control and Prevention Agency, Division of High-risk Pathogens	insdc_ingest_user	Automated Ingest from INSDC/NCBI Virus by Loculus	South Korea		2023-05-12	2026-05-14	Orthopoxvirus monkeypox					PRJNA935252	SAMN48140184	GENOMIC	Targeted-Capture	Hybrid Selection	ILLUMINA	Illumina MiSeq	449214	49172840	2025-08-03	SRR34716524
SRR34716523	PP_006WMN3	PP_006WMN3.1	Chung, Y.-S.; Yi, H.; Choi, M.-M.; Kim, J.-W.; Jung, S.; Lee, M.; Lee, S. E.; Sim, G.; Lee, J. H.; Shin, H.; Choi, C.-H.	Korea Disease Control and Prevention Agency, Division of High-risk Pathogens	insdc_ingest_user	Automated Ingest from INSDC/NCBI Virus by Loculus	South Korea		2023-05-13	2026-05-14	Orthopoxvirus monkeypox					PRJNA935252	SAMN48140185	GENOMIC	Targeted-Capture	Hybrid Selection	ILLUMINA	Illumina MiSeq	373623	25048905	2025-08-04	SRR34716523
SRR34716522	PP_006WMP1	PP_006WMP1.1	Chung, Y.-S.; Yi, H.; Choi, M.-M.; Kim, J.-W.; Jung, S.; Lee, M.; Lee, S. E.; Sim, G.; Lee, J. H.; Shin, H.; Choi, C.-H.	Korea Disease Control and Prevention Agency, Division of High-risk Pathogens	insdc_ingest_user	Automated Ingest from INSDC/NCBI Virus by Loculus	South Korea		2023-05-16	2026-05-14	Orthopoxvirus monkeypox					PRJNA935252	SAMN48140186	GENOMIC	Targeted-Capture	Hybrid Selection	ILLUMINA	Illumina MiSeq	472558	104288548	2025-08-04	SRR34716522
SRR34716521	PP_006WMQZ	PP_006WMQZ.1	Chung, Y.-S.; Yi, H.; Choi, M.-M.; Kim, J.-W.; Jung, S.; Lee, M.; Lee, S. E.; Sim, G.; Lee, J. H.; Shin, H.; Choi, C.-H.	Korea Disease Control and Prevention Agency, Division of High-risk Pathogens	insdc_ingest_user	Automated Ingest from INSDC/NCBI Virus by Loculus	South Korea		2023-05-17	2026-05-14	Orthopoxvirus monkeypox					PRJNA935252	SAMN48140187	GENOMIC	Targeted-Capture	Hybrid Selection	ILLUMINA	Illumina MiSeq	375729	76026044	2025-08-04	SRR34716521
SRR34716520	PP_006WMRX	PP_006WMRX.1	Chung, Y.-S.; Yi, H.; Choi, M.-M.; Kim, J.-W.; Jung, S.; Lee, M.; Lee, S. E.; Sim, G.; Lee, J. H.; Shin, H.; Choi, C.-H.	Korea Disease Control and Prevention Agency, Division of High-risk Pathogens	insdc_ingest_user	Automated Ingest from INSDC/NCBI Virus by Loculus	South Korea		2023-05-17	2026-05-14	Orthopoxvirus monkeypox					PRJNA935252	SAMN48140188	GENOMIC	Targeted-Capture	Hybrid Selection	ILLUMINA	Illumina MiSeq	471249	103924145	2025-08-04	SRR34716520
SRR34716518	PP_006WMSV	PP_006WMSV.1	Chung, Y.-S.; Yi, H.; Choi, M.-M.; Kim, J.-W.; Jung, S.; Lee, M.; Lee, S. E.; Sim, G.; Lee, J. H.; Shin, H.; Choi, C.-H.	Korea Disease Control and Prevention Agency, Division of High-risk Pathogens	insdc_ingest_user	Automated Ingest from INSDC/NCBI Virus by Loculus	South Korea		2023-05-17	2026-05-14	Orthopoxvirus monkeypox					PRJNA935252	SAMN48140189	GENOMIC	Targeted-Capture	Hybrid Selection	ILLUMINA	Illumina MiSeq	369744	81273233	2025-08-04	SRR34716518
SRR34716517	PP_006WMTT	PP_006WMTT.1	Chung, Y.-S.; Yi, H.; Choi, M.-M.; Kim, J.-W.; Jung, S.; Lee, M.; Lee, S. E.; Sim, G.; Lee, J. H.; Shin, H.; Choi, C.-H.	Korea Disease Control and Prevention Agency, Division of High-risk Pathogens	insdc_ingest_user	Automated Ingest from INSDC/NCBI Virus by Loculus	South Korea		2023-05-18	2026-05-14	Orthopoxvirus monkeypox					PRJNA935252	SAMN48140190	GENOMIC	Targeted-Capture	Hybrid Selection	ILLUMINA	Illumina MiSeq	442882	95478928	2025-08-04	SRR34716517
SRR34716516	PP_006WMUR	PP_006WMUR.1	Chung, Y.-S.; Yi, H.; Choi, M.-M.; Kim, J.-W.; Jung, S.; Lee, M.; Lee, S. E.; Sim, G.; Lee, J. H.; Shin, H.; Choi, C.-H.	Korea Disease Control and Prevention Agency, Division of High-risk Pathogens	insdc_ingest_user	Automated Ingest from INSDC/NCBI Virus by Loculus	South Korea		2023-05-20	2026-05-14	Orthopoxvirus monkeypox					PRJNA935252	SAMN48140191	GENOMIC	Targeted-Capture	Hybrid Selection	ILLUMINA	Illumina MiSeq	218995	47194731	2025-08-04	SRR34716516
SRR34716515	PP_006WMVP	PP_006WMVP.1	Chung, Y.-S.; Yi, H.; Choi, M.-M.; Kim, J.-W.; Jung, S.; Lee, M.; Lee, S. E.; Sim, G.; Lee, J. H.; Shin, H.; Choi, C.-H.	Korea Disease Control and Prevention Agency, Division of High-risk Pathogens	insdc_ingest_user	Automated Ingest from INSDC/NCBI Virus by Loculus	South Korea		2023-05-22	2026-05-14	Orthopoxvirus monkeypox					PRJNA935252	SAMN48140192	GENOMIC	Targeted-Capture	Hybrid Selection	ILLUMINA	Illumina MiSeq	346911	81463521	2025-08-04	SRR34716515
SRR34716514	PP_006WMWM	PP_006WMWM.1	Chung, Y.-S.; Yi, H.; Choi, M.-M.; Kim, J.-W.; Jung, S.; Lee, M.; Lee, S. E.; Sim, G.; Lee, J. H.; Shin, H.; Choi, C.-H.	Korea Disease Control and Prevention Agency, Division of High-risk Pathogens	insdc_ingest_user	Automated Ingest from INSDC/NCBI Virus by Loculus	South Korea		2023-05-22	2026-05-14	Orthopoxvirus monkeypox					PRJNA935252	SAMN48140193	GENOMIC	Targeted-Capture	Hybrid Selection	ILLUMINA	Illumina MiSeq	479389	115601448	2025-08-04	SRR34716514
SRR34716513	PP_006WMXK	PP_006WMXK.1	Chung, Y.-S.; Yi, H.; Choi, M.-M.; Kim, J.-W.; Jung, S.; Lee, M.; Lee, S. E.; Sim, G.; Lee, J. H.; Shin, H.; Choi, C.-H.	Korea Disease Control and Prevention Agency, Division of High-risk Pathogens	insdc_ingest_user	Automated Ingest from INSDC/NCBI Virus by Loculus	South Korea		2023-05-22	2026-05-14	Orthopoxvirus monkeypox					PRJNA935252	SAMN48140194	GENOMIC	Targeted-Capture	Hybrid Selection	ILLUMINA	Illumina MiSeq	138760	33062881	2025-08-04	SRR34716513
SRR34716512	PP_006WMYH	PP_006WMYH.1	Chung, Y.-S.; Yi, H.; Choi, M.-M.; Kim, J.-W.; Jung, S.; Lee, M.; Lee, S. E.; Sim, G.; Lee, J. H.; Shin, H.; Choi, C.-H.	Korea Disease Control and Prevention Agency, Division of High-risk Pathogens	insdc_ingest_user	Automated Ingest from INSDC/NCBI Virus by Loculus	South Korea		2023-05-23	2026-05-14	Orthopoxvirus monkeypox					PRJNA935252	SAMN48140195	GENOMIC	Targeted-Capture	Hybrid Selection	ILLUMINA	Illumina MiSeq	413311	97695219	2025-08-04	SRR34716512
SRR34716511	PP_006WMZF	PP_006WMZF.1	Chung, Y.-S.; Yi, H.; Choi, M.-M.; Kim, J.-W.; Jung, S.; Lee, M.; Lee, S. E.; Sim, G.; Lee, J. H.; Shin, H.; Choi, C.-H.	Korea Disease Control and Prevention Agency, Division of High-risk Pathogens	insdc_ingest_user	Automated Ingest from INSDC/NCBI Virus by Loculus	South Korea		2023-05-24	2026-05-14	Orthopoxvirus monkeypox					PRJNA935252	SAMN48140196	GENOMIC	Targeted-Capture	Hybrid Selection	ILLUMINA	Illumina MiSeq	477227	115513940	2025-08-04	SRR34716511
SRR34716510	PP_006WN0D	PP_006WN0D.1	Chung, Y.-S.; Yi, H.; Choi, M.-M.; Kim, J.-W.; Jung, S.; Lee, M.; Lee, S. E.; Sim, G.; Lee, J. H.; Shin, H.; Choi, C.-H.	Korea Disease Control and Prevention Agency, Division of High-risk Pathogens	insdc_ingest_user	Automated Ingest from INSDC/NCBI Virus by Loculus	South Korea		2023-05-24	2026-05-14	Orthopoxvirus monkeypox					PRJNA935252	SAMN48140197	GENOMIC	Targeted-Capture	Hybrid Selection	ILLUMINA	Illumina MiSeq	479578	116402299	2025-08-04	SRR34716510
SRR34716509	PP_006WN1B	PP_006WN1B.1	Chung, Y.-S.; Yi, H.; Choi, M.-M.; Kim, J.-W.; Jung, S.; Lee, M.; Lee, S. E.; Sim, G.; Lee, J. H.; Shin, H.; Choi, C.-H.	Korea Disease Control and Prevention Agency, Division of High-risk Pathogens	insdc_ingest_user	Automated Ingest from INSDC/NCBI Virus by Loculus	South Korea		2023-05-25	2026-05-14	Orthopoxvirus monkeypox					PRJNA935252	SAMN48140198	GENOMIC	Targeted-Capture	Hybrid Selection	ILLUMINA	Illumina MiSeq	389164	96002597	2025-08-04	SRR34716509
SRR34716507	PP_006WN29	PP_006WN29.1	Chung, Y.-S.; Yi, H.; Choi, M.-M.; Kim, J.-W.; Jung, S.; Lee, M.; Lee, S. E.; Sim, G.; Lee, J. H.; Shin, H.; Choi, C.-H.	Korea Disease Control and Prevention Agency, Division of High-risk Pathogens	insdc_ingest_user	Automated Ingest from INSDC/NCBI Virus by Loculus	South Korea		2023-05-25	2026-05-14	Orthopoxvirus monkeypox					PRJNA935252	SAMN48140199	GENOMIC	Targeted-Capture	Hybrid Selection	ILLUMINA	Illumina MiSeq	356162	87330041	2025-08-04	SRR34716507
SRR34716506	PP_006WN37	PP_006WN37.1	Chung, Y.-S.; Yi, H.; Choi, M.-M.; Kim, J.-W.; Jung, S.; Lee, M.; Lee, S. E.; Sim, G.; Lee, J. H.; Shin, H.; Choi, C.-H.	Korea Disease Control and Prevention Agency, Division of High-risk Pathogens	insdc_ingest_user	Automated Ingest from INSDC/NCBI Virus by Loculus	South Korea		2023-05-27	2026-05-14	Orthopoxvirus monkeypox					PRJNA935252	SAMN48140200	GENOMIC	Targeted-Capture	Hybrid Selection	ILLUMINA	Illumina MiSeq	474794	115721460	2025-08-04	SRR34716506
SRR34716505	PP_006WN45	PP_006WN45.1	Chung, Y.-S.; Yi, H.; Choi, M.-M.; Kim, J.-W.; Jung, S.; Lee, M.; Lee, S. E.; Sim, G.; Lee, J. H.; Shin, H.; Choi, C.-H.	Korea Disease Control and Prevention Agency, Division of High-risk Pathogens	insdc_ingest_user	Automated Ingest from INSDC/NCBI Virus by Loculus	South Korea		2023-06-01	2026-05-14	Orthopoxvirus monkeypox					PRJNA935252	SAMN48140201	GENOMIC	Targeted-Capture	Hybrid Selection	ILLUMINA	Illumina MiSeq	418968	45402640	2025-08-03	SRR34716505
SRR34716502	PP_006WN53	PP_006WN53.1	Chung, Y.-S.; Yi, H.; Choi, M.-M.; Kim, J.-W.; Jung, S.; Lee, M.; Lee, S. E.; Sim, G.; Lee, J. H.; Shin, H.; Choi, C.-H.	Korea Disease Control and Prevention Agency, Division of High-risk Pathogens	insdc_ingest_user	Automated Ingest from INSDC/NCBI Virus by Loculus	South Korea		2023-06-07	2026-05-14	Orthopoxvirus monkeypox					PRJNA935252	SAMN48140204	GENOMIC	Targeted-Capture	Hybrid Selection	ILLUMINA	Illumina MiSeq	485614	116101205	2025-08-04	SRR34716502
SRR34716501	PP_006WN61	PP_006WN61.1	Chung, Y.-S.; Yi, H.; Choi, M.-M.; Kim, J.-W.; Jung, S.; Lee, M.; Lee, S. E.; Sim, G.; Lee, J. H.; Shin, H.; Choi, C.-H.	Korea Disease Control and Prevention Agency, Division of High-risk Pathogens	insdc_ingest_user	Automated Ingest from INSDC/NCBI Virus by Loculus	South Korea		2023-06-09	2026-05-14	Orthopoxvirus monkeypox					PRJNA935252	SAMN48140205	GENOMIC	Targeted-Capture	Hybrid Selection	ILLUMINA	Illumina MiSeq	436951	105569788	2025-08-04	SRR34716501
SRR34716500	PP_006WN7Z	PP_006WN7Z.1	Chung, Y.-S.; Yi, H.; Choi, M.-M.; Kim, J.-W.; Jung, S.; Lee, M.; Lee, S. E.; Sim, G.; Lee, J. H.; Shin, H.; Choi, C.-H.	Korea Disease Control and Prevention Agency, Division of High-risk Pathogens	insdc_ingest_user	Automated Ingest from INSDC/NCBI Virus by Loculus	South Korea		2023-06-12	2026-05-14	Orthopoxvirus monkeypox					PRJNA935252	SAMN48140206	GENOMIC	Targeted-Capture	Hybrid Selection	ILLUMINA	Illumina MiSeq	457046	49161694	2025-08-03	SRR34716500
SRR34716499	PP_006WN8X	PP_006WN8X.1	Chung, Y.-S.; Yi, H.; Choi, M.-M.; Kim, J.-W.; Jung, S.; Lee, M.; Lee, S. E.; Sim, G.; Lee, J. H.; Shin, H.; Choi, C.-H.	Korea Disease Control and Prevention Agency, Division of High-risk Pathogens	insdc_ingest_user	Automated Ingest from INSDC/NCBI Virus by Loculus	South Korea		2023-06-14	2026-05-14	Orthopoxvirus monkeypox					PRJNA935252	SAMN48140207	GENOMIC	Targeted-Capture	Hybrid Selection	ILLUMINA	Illumina MiSeq	453434	49715385	2025-08-03	SRR34716499
SRR34716498	PP_006WN9V	PP_006WN9V.1	Chung, Y.-S.; Yi, H.; Choi, M.-M.; Kim, J.-W.; Jung, S.; Lee, M.; Lee, S. E.; Sim, G.; Lee, J. H.; Shin, H.; Choi, C.-H.	Korea Disease Control and Prevention Agency, Division of High-risk Pathogens	insdc_ingest_user	Automated Ingest from INSDC/NCBI Virus by Loculus	South Korea		2023-06-15	2026-05-14	Orthopoxvirus monkeypox					PRJNA935252	SAMN48140208	GENOMIC	Targeted-Capture	Hybrid Selection	ILLUMINA	Illumina MiSeq	254438	55593496	2025-08-04	SRR34716498
SRR34716496	PP_006WNAT	PP_006WNAT.1	Chung, Y.-S.; Yi, H.; Choi, M.-M.; Kim, J.-W.; Jung, S.; Lee, M.; Lee, S. E.; Sim, G.; Lee, J. H.; Shin, H.; Choi, C.-H.	Korea Disease Control and Prevention Agency, Division of High-risk Pathogens	insdc_ingest_user	Automated Ingest from INSDC/NCBI Virus by Loculus	South Korea		2023-06-15	2026-05-14	Orthopoxvirus monkeypox					PRJNA935252	SAMN48140209	GENOMIC	Targeted-Capture	Hybrid Selection	ILLUMINA	Illumina MiSeq	453395	49274994	2025-08-03	SRR34716496
SRR34716495	PP_006WNBR	PP_006WNBR.1	Chung, Y.-S.; Yi, H.; Choi, M.-M.; Kim, J.-W.; Jung, S.; Lee, M.; Lee, S. E.; Sim, G.; Lee, J. H.; Shin, H.; Choi, C.-H.	Korea Disease Control and Prevention Agency, Division of High-risk Pathogens	insdc_ingest_user	Automated Ingest from INSDC/NCBI Virus by Loculus	South Korea		2023-06-16	2026-05-14	Orthopoxvirus monkeypox					PRJNA935252	SAMN48140210	GENOMIC	Targeted-Capture	Hybrid Selection	ILLUMINA	Illumina MiSeq	450664	110253382	2025-08-04	SRR34716495
SRR34716494	PP_006WNCP	PP_006WNCP.1	Chung, Y.-S.; Yi, H.; Choi, M.-M.; Kim, J.-W.; Jung, S.; Lee, M.; Lee, S. E.; Sim, G.; Lee, J. H.; Shin, H.; Choi, C.-H.	Korea Disease Control and Prevention Agency, Division of High-risk Pathogens	insdc_ingest_user	Automated Ingest from INSDC/NCBI Virus by Loculus	South Korea		2023-06-19	2026-05-14	Orthopoxvirus monkeypox					PRJNA935252	SAMN48140211	GENOMIC	Targeted-Capture	Hybrid Selection	ILLUMINA	Illumina MiSeq	470720	118680535	2025-08-04	SRR34716494
SRR34716493	PP_006WNDM	PP_006WNDM.1	Chung, Y.-S.; Yi, H.; Choi, M.-M.; Kim, J.-W.; Jung, S.; Lee, M.; Lee, S. E.; Sim, G.; Lee, J. H.; Shin, H.; Choi, C.-H.	Korea Disease Control and Prevention Agency, Division of High-risk Pathogens	insdc_ingest_user	Automated Ingest from INSDC/NCBI Virus by Loculus	South Korea		2023-06-20	2026-05-14	Orthopoxvirus monkeypox					PRJNA935252	SAMN48140212	GENOMIC	Targeted-Capture	Hybrid Selection	ILLUMINA	Illumina MiSeq	100565	25321509	2025-08-04	SRR34716493
SRR34716492	PP_006WNEK	PP_006WNEK.1	Chung, Y.-S.; Yi, H.; Choi, M.-M.; Kim, J.-W.; Jung, S.; Lee, M.; Lee, S. E.; Sim, G.; Lee, J. H.; Shin, H.; Choi, C.-H.	Korea Disease Control and Prevention Agency, Division of High-risk Pathogens	insdc_ingest_user	Automated Ingest from INSDC/NCBI Virus by Loculus	South Korea		2023-07-05	2026-05-14	Orthopoxvirus monkeypox					PRJNA935252	SAMN48140213	GENOMIC	Targeted-Capture	Hybrid Selection	ILLUMINA	Illumina MiSeq	460962	109020077	2025-08-04	SRR34716492
SRR34716491	PP_006WNFH	PP_006WNFH.1	Chung, Y.-S.; Yi, H.; Choi, M.-M.; Kim, J.-W.; Jung, S.; Lee, M.; Lee, S. E.; Sim, G.; Lee, J. H.; Shin, H.; Choi, C.-H.	Korea Disease Control and Prevention Agency, Division of High-risk Pathogens	insdc_ingest_user	Automated Ingest from INSDC/NCBI Virus by Loculus	South Korea		2023-07-05	2026-05-14	Orthopoxvirus monkeypox					PRJNA935252	SAMN48140214	GENOMIC	Targeted-Capture	Hybrid Selection	ILLUMINA	Illumina MiSeq	461632	60369768	2025-08-04	SRR34716491
SRR34716490	PP_006WNGF	PP_006WNGF.1	Chung, Y.-S.; Yi, H.; Choi, M.-M.; Kim, J.-W.; Jung, S.; Lee, M.; Lee, S. E.; Sim, G.; Lee, J. H.; Shin, H.; Choi, C.-H.	Korea Disease Control and Prevention Agency, Division of High-risk Pathogens	insdc_ingest_user	Automated Ingest from INSDC/NCBI Virus by Loculus	South Korea		2023-07-11	2026-05-14	Orthopoxvirus monkeypox					PRJNA935252	SAMN48140215	GENOMIC	Targeted-Capture	Hybrid Selection	ILLUMINA	Illumina MiSeq	452372	48648621	2025-08-03	SRR34716490
SRR34716489	PP_006WNHC	PP_006WNHC.1	Chung, Y.-S.; Yi, H.; Choi, M.-M.; Kim, J.-W.; Jung, S.; Lee, M.; Lee, S. E.; Sim, G.; Lee, J. H.; Shin, H.; Choi, C.-H.	Korea Disease Control and Prevention Agency, Division of High-risk Pathogens	insdc_ingest_user	Automated Ingest from INSDC/NCBI Virus by Loculus	South Korea		2023-07-12	2026-05-14	Orthopoxvirus monkeypox					PRJNA935252	SAMN48140216	GENOMIC	Targeted-Capture	Hybrid Selection	ILLUMINA	Illumina MiSeq	453375	48422283	2025-08-03	SRR34716489
SRR34716488	PP_006WNJA	PP_006WNJA.1	Chung, Y.-S.; Yi, H.; Choi, M.-M.; Kim, J.-W.; Jung, S.; Lee, M.; Lee, S. E.; Sim, G.; Lee, J. H.; Shin, H.; Choi, C.-H.	Korea Disease Control and Prevention Agency, Division of High-risk Pathogens	insdc_ingest_user	Automated Ingest from INSDC/NCBI Virus by Loculus	South Korea		2023-07-12	2026-05-14	Orthopoxvirus monkeypox					PRJNA935252	SAMN48140217	GENOMIC	Targeted-Capture	Hybrid Selection	ILLUMINA	Illumina MiSeq	455719	49595917	2025-07-28	SRR34716488
SRR34716487	PP_006WNK8	PP_006WNK8.1	Chung, Y.-S.; Yi, H.; Choi, M.-M.; Kim, J.-W.; Jung, S.; Lee, M.; Lee, S. E.; Sim, G.; Lee, J. H.; Shin, H.; Choi, C.-H.	Korea Disease Control and Prevention Agency, Division of High-risk Pathogens	insdc_ingest_user	Automated Ingest from INSDC/NCBI Virus by Loculus	South Korea		2023-07-12	2026-05-14	Orthopoxvirus monkeypox					PRJNA935252	SAMN48140218	GENOMIC	Targeted-Capture	Hybrid Selection	ILLUMINA	Illumina MiSeq	453900	47761750	2025-08-03	SRR34716487
SRR34716485	PP_006WNL6	PP_006WNL6.1	Chung, Y.-S.; Yi, H.; Choi, M.-M.; Kim, J.-W.; Jung, S.; Lee, M.; Lee, S. E.; Sim, G.; Lee, J. H.; Shin, H.; Choi, C.-H.	Korea Disease Control and Prevention Agency, Division of High-risk Pathogens	insdc_ingest_user	Automated Ingest from INSDC/NCBI Virus by Loculus	South Korea		2023-07-18	2026-05-14	Orthopoxvirus monkeypox					PRJNA935252	SAMN48140219	GENOMIC	Targeted-Capture	Hybrid Selection	ILLUMINA	Illumina MiSeq	459031	52122752	2025-08-03	SRR34716485
SRR34716484	PP_006WNM4	PP_006WNM4.1	Chung, Y.-S.; Yi, H.; Choi, M.-M.; Kim, J.-W.; Jung, S.; Lee, M.; Lee, S. E.; Sim, G.; Lee, J. H.; Shin, H.; Choi, C.-H.	Korea Disease Control and Prevention Agency, Division of High-risk Pathogens	insdc_ingest_user	Automated Ingest from INSDC/NCBI Virus by Loculus	South Korea		2023-07-26	2026-05-14	Orthopoxvirus monkeypox					PRJNA935252	SAMN48140220	GENOMIC	Targeted-Capture	Hybrid Selection	ILLUMINA	Illumina MiSeq	457399	49204410	2025-08-03	SRR34716484
SRR34716483	PP_006WNN2	PP_006WNN2.1	Chung, Y.-S.; Yi, H.; Choi, M.-M.; Kim, J.-W.; Jung, S.; Lee, M.; Lee, S. E.; Sim, G.; Lee, J. H.; Shin, H.; Choi, C.-H.	Korea Disease Control and Prevention Agency, Division of High-risk Pathogens	insdc_ingest_user	Automated Ingest from INSDC/NCBI Virus by Loculus	South Korea		2023-07-27	2026-05-14	Orthopoxvirus monkeypox					PRJNA935252	SAMN48140221	GENOMIC	Targeted-Capture	Hybrid Selection	ILLUMINA	Illumina MiSeq	456111	48485097	2025-08-03	SRR34716483
SRR34716482	PP_006WNP0	PP_006WNP0.1	Chung, Y.-S.; Yi, H.; Choi, M.-M.; Kim, J.-W.; Jung, S.; Lee, M.; Lee, S. E.; Sim, G.; Lee, J. H.; Shin, H.; Choi, C.-H.	Korea Disease Control and Prevention Agency, Division of High-risk Pathogens	insdc_ingest_user	Automated Ingest from INSDC/NCBI Virus by Loculus	South Korea		2023-08-02	2026-05-14	Orthopoxvirus monkeypox					PRJNA935252	SAMN48140222	GENOMIC	Targeted-Capture	Hybrid Selection	ILLUMINA	Illumina MiSeq	449337	46684736	2025-08-03	SRR34716482
SRR34716481	PP_006WNQY	PP_006WNQY.1	Chung, Y.-S.; Yi, H.; Choi, M.-M.; Kim, J.-W.; Jung, S.; Lee, M.; Lee, S. E.; Sim, G.; Lee, J. H.; Shin, H.; Choi, C.-H.	Korea Disease Control and Prevention Agency, Division of High-risk Pathogens	insdc_ingest_user	Automated Ingest from INSDC/NCBI Virus by Loculus	South Korea		2023-08-03	2026-05-14	Orthopoxvirus monkeypox					PRJNA935252	SAMN48140223	GENOMIC	Targeted-Capture	Hybrid Selection	ILLUMINA	Illumina MiSeq	459708	59588373	2025-08-04	SRR34716481
SRR34716480	PP_006WNRW	PP_006WNRW.1	Chung, Y.-S.; Yi, H.; Choi, M.-M.; Kim, J.-W.; Jung, S.; Lee, M.; Lee, S. E.; Sim, G.; Lee, J. H.; Shin, H.; Choi, C.-H.	Korea Disease Control and Prevention Agency, Division of High-risk Pathogens	insdc_ingest_user	Automated Ingest from INSDC/NCBI Virus by Loculus	South Korea		2023-08-04	2026-05-14	Orthopoxvirus monkeypox					PRJNA935252	SAMN48140224	GENOMIC	Targeted-Capture	Hybrid Selection	ILLUMINA	Illumina MiSeq	458616	58170205	2025-08-04	SRR34716480
SRR34716479	PP_006WNSU	PP_006WNSU.1	Chung, Y.-S.; Yi, H.; Choi, M.-M.; Kim, J.-W.; Jung, S.; Lee, M.; Lee, S. E.; Sim, G.; Lee, J. H.; Shin, H.; Choi, C.-H.	Korea Disease Control and Prevention Agency, Division of High-risk Pathogens	insdc_ingest_user	Automated Ingest from INSDC/NCBI Virus by Loculus	South Korea		2023-08-07	2026-05-14	Orthopoxvirus monkeypox					PRJNA935252	SAMN48140225	GENOMIC	Targeted-Capture	Hybrid Selection	ILLUMINA	Illumina MiSeq	460627	64650664	2025-08-04	SRR34716479
SRR34716478	PP_006WNTS	PP_006WNTS.1	Chung, Y.-S.; Yi, H.; Choi, M.-M.; Kim, J.-W.; Jung, S.; Lee, M.; Lee, S. E.; Sim, G.; Lee, J. H.; Shin, H.; Choi, C.-H.	Korea Disease Control and Prevention Agency, Division of High-risk Pathogens	insdc_ingest_user	Automated Ingest from INSDC/NCBI Virus by Loculus	South Korea		2023-08-21	2026-05-14	Orthopoxvirus monkeypox					PRJNA935252	SAMN48140226	GENOMIC	Targeted-Capture	Hybrid Selection	ILLUMINA	Illumina MiSeq	470687	67097977	2025-08-04	SRR34716478
SRR34716477	PP_006WNUQ	PP_006WNUQ.1	Chung, Y.-S.; Yi, H.; Choi, M.-M.; Kim, J.-W.; Jung, S.; Lee, M.; Lee, S. E.; Sim, G.; Lee, J. H.; Shin, H.; Choi, C.-H.	Korea Disease Control and Prevention Agency, Division of High-risk Pathogens	insdc_ingest_user	Automated Ingest from INSDC/NCBI Virus by Loculus	South Korea		2023-08-28	2026-05-14	Orthopoxvirus monkeypox					PRJNA935252	SAMN48140227	GENOMIC	Targeted-Capture	Hybrid Selection	ILLUMINA	Illumina MiSeq	453096	49782433	2025-08-03	SRR34716477
SRR34716476	PP_006WNVN	PP_006WNVN.1	Chung, Y.-S.; Yi, H.; Choi, M.-M.; Kim, J.-W.; Jung, S.; Lee, M.; Lee, S. E.; Sim, G.; Lee, J. H.; Shin, H.; Choi, C.-H.	Korea Disease Control and Prevention Agency, Division of High-risk Pathogens	insdc_ingest_user	Automated Ingest from INSDC/NCBI Virus by Loculus	South Korea		2023-08-30	2026-05-14	Orthopoxvirus monkeypox					PRJNA935252	SAMN48140228	GENOMIC	Targeted-Capture	Hybrid Selection	ILLUMINA	Illumina MiSeq	476581	114789740	2025-08-03	SRR34716476
SRR34716474	PP_006WNWL	PP_006WNWL.1	Chung, Y.-S.; Yi, H.; Choi, M.-M.; Kim, J.-W.; Jung, S.; Lee, M.; Lee, S. E.; Sim, G.; Lee, J. H.; Shin, H.; Choi, C.-H.	Korea Disease Control and Prevention Agency, Division of High-risk Pathogens	insdc_ingest_user	Automated Ingest from INSDC/NCBI Virus by Loculus	South Korea		2023-09-04	2026-05-14	Orthopoxvirus monkeypox					PRJNA935252	SAMN48140229	GENOMIC	Targeted-Capture	Hybrid Selection	ILLUMINA	Illumina MiSeq	474617	117094220	2025-08-03	SRR34716474
SRR34716473	PP_006WNXJ	PP_006WNXJ.1	Chung, Y.-S.; Yi, H.; Choi, M.-M.; Kim, J.-W.; Jung, S.; Lee, M.; Lee, S. E.; Sim, G.; Lee, J. H.; Shin, H.; Choi, C.-H.	Korea Disease Control and Prevention Agency, Division of High-risk Pathogens	insdc_ingest_user	Automated Ingest from INSDC/NCBI Virus by Loculus	South Korea		2023-09-05	2026-05-14	Orthopoxvirus monkeypox					PRJNA935252	SAMN48140230	GENOMIC	Targeted-Capture	Hybrid Selection	ILLUMINA	Illumina MiSeq	446401	47570950	2025-08-03	SRR34716473
SRR34716472	PP_006WNYG	PP_006WNYG.1	Chung, Y.-S.; Yi, H.; Choi, M.-M.; Kim, J.-W.; Jung, S.; Lee, M.; Lee, S. E.; Sim, G.; Lee, J. H.; Shin, H.; Choi, C.-H.	Korea Disease Control and Prevention Agency, Division of High-risk Pathogens	insdc_ingest_user	Automated Ingest from INSDC/NCBI Virus by Loculus	South Korea		2023-09-12	2026-05-14	Orthopoxvirus monkeypox					PRJNA935252	SAMN48140231	GENOMIC	Targeted-Capture	Hybrid Selection	ILLUMINA	Illumina MiSeq	454179	49094172	2025-08-03	SRR34716472
SRR34716471	PP_006WNZE	PP_006WNZE.1	Chung, Y.-S.; Yi, H.; Choi, M.-M.; Kim, J.-W.; Jung, S.; Lee, M.; Lee, S. E.; Sim, G.; Lee, J. H.; Shin, H.; Choi, C.-H.	Korea Disease Control and Prevention Agency, Division of High-risk Pathogens	insdc_ingest_user	Automated Ingest from INSDC/NCBI Virus by Loculus	South Korea		2023-09-13	2026-05-14	Orthopoxvirus monkeypox					PRJNA935252	SAMN48140232	GENOMIC	Targeted-Capture	Hybrid Selection	ILLUMINA	Illumina MiSeq	428048	110937548	2025-08-04	SRR34716471
SRR34716470	PP_006WP0C	PP_006WP0C.1	Chung, Y.-S.; Yi, H.; Choi, M.-M.; Kim, J.-W.; Jung, S.; Lee, M.; Lee, S. E.; Sim, G.; Lee, J. H.; Shin, H.; Choi, C.-H.	Korea Disease Control and Prevention Agency, Division of High-risk Pathogens	insdc_ingest_user	Automated Ingest from INSDC/NCBI Virus by Loculus	South Korea		2023-09-16	2026-05-14	Orthopoxvirus monkeypox					PRJNA935252	SAMN48140233	GENOMIC	Targeted-Capture	Hybrid Selection	ILLUMINA	Illumina MiSeq	371552	88511944	2025-08-04	SRR34716470
SRR34716469	PP_006WP1A	PP_006WP1A.1	Chung, Y.-S.; Yi, H.; Choi, M.-M.; Kim, J.-W.; Jung, S.; Lee, M.; Lee, S. E.; Sim, G.; Lee, J. H.; Shin, H.; Choi, C.-H.	Korea Disease Control and Prevention Agency, Division of High-risk Pathogens	insdc_ingest_user	Automated Ingest from INSDC/NCBI Virus by Loculus	South Korea		2023-09-20	2026-05-14	Orthopoxvirus monkeypox					PRJNA935252	SAMN48140234	GENOMIC	Targeted-Capture	Hybrid Selection	ILLUMINA	Illumina MiSeq	434219	106316491	2025-08-04	SRR34716469
SRR34716468	PP_006WP28	PP_006WP28.1	Chung, Y.-S.; Yi, H.; Choi, M.-M.; Kim, J.-W.; Jung, S.; Lee, M.; Lee, S. E.; Sim, G.; Lee, J. H.; Shin, H.; Choi, C.-H.	Korea Disease Control and Prevention Agency, Division of High-risk Pathogens	insdc_ingest_user	Automated Ingest from INSDC/NCBI Virus by Loculus	South Korea		2023-09-26	2026-05-14	Orthopoxvirus monkeypox					PRJNA935252	SAMN48140236	GENOMIC	Targeted-Capture	Hybrid Selection	ILLUMINA	Illumina MiSeq	471122	122044691	2025-08-03	SRR34716468
SRR34716467	PP_006WP36	PP_006WP36.1	Chung, Y.-S.; Yi, H.; Choi, M.-M.; Kim, J.-W.; Jung, S.; Lee, M.; Lee, S. E.; Sim, G.; Lee, J. H.; Shin, H.; Choi, C.-H.	Korea Disease Control and Prevention Agency, Division of High-risk Pathogens	insdc_ingest_user	Automated Ingest from INSDC/NCBI Virus by Loculus	South Korea		2023-09-27	2026-05-14	Orthopoxvirus monkeypox					PRJNA935252	SAMN48140237	GENOMIC	Targeted-Capture	Hybrid Selection	ILLUMINA	Illumina MiSeq	428513	104144478	2025-08-04	SRR34716467
SRR34716466	PP_006WP44	PP_006WP44.1	Chung, Y.-S.; Yi, H.; Choi, M.-M.; Kim, J.-W.; Jung, S.; Lee, M.; Lee, S. E.; Sim, G.; Lee, J. H.; Shin, H.; Choi, C.-H.	Korea Disease Control and Prevention Agency, Division of High-risk Pathogens	insdc_ingest_user	Automated Ingest from INSDC/NCBI Virus by Loculus	South Korea		2023-10-06	2026-05-14	Orthopoxvirus monkeypox					PRJNA935252	SAMN48140238	GENOMIC	Targeted-Capture	Hybrid Selection	ILLUMINA	Illumina MiSeq	356270	90698029	2025-08-04	SRR34716466
SRR34716465	PP_006WP52	PP_006WP52.1	Chung, Y.-S.; Yi, H.; Choi, M.-M.; Kim, J.-W.; Jung, S.; Lee, M.; Lee, S. E.; Sim, G.; Lee, J. H.; Shin, H.; Choi, C.-H.	Korea Disease Control and Prevention Agency, Division of High-risk Pathogens	insdc_ingest_user	Automated Ingest from INSDC/NCBI Virus by Loculus	South Korea		2023-10-10	2026-05-14	Orthopoxvirus monkeypox					PRJNA935252	SAMN48140239	GENOMIC	Targeted-Capture	Hybrid Selection	ILLUMINA	Illumina MiSeq	466178	102770457	2025-08-03	SRR34716465
SRR34716463	PP_006WP60	PP_006WP60.1	Chung, Y.-S.; Yi, H.; Choi, M.-M.; Kim, J.-W.; Jung, S.; Lee, M.; Lee, S. E.; Sim, G.; Lee, J. H.; Shin, H.; Choi, C.-H.	Korea Disease Control and Prevention Agency, Division of High-risk Pathogens	insdc_ingest_user	Automated Ingest from INSDC/NCBI Virus by Loculus	South Korea		2023-10-10	2026-05-14	Orthopoxvirus monkeypox					PRJNA935252	SAMN48140240	GENOMIC	Targeted-Capture	Hybrid Selection	ILLUMINA	Illumina MiSeq	328566	73626191	2025-08-03	SRR34716463
SRR34716462	PP_006WP7Y	PP_006WP7Y.1	Chung, Y.-S.; Yi, H.; Choi, M.-M.; Kim, J.-W.; Jung, S.; Lee, M.; Lee, S. E.; Sim, G.; Lee, J. H.; Shin, H.; Choi, C.-H.	Korea Disease Control and Prevention Agency, Division of High-risk Pathogens	insdc_ingest_user	Automated Ingest from INSDC/NCBI Virus by Loculus	South Korea		2023-10-12	2026-05-14	Orthopoxvirus monkeypox					PRJNA935252	SAMN48140241	GENOMIC	Targeted-Capture	Hybrid Selection	ILLUMINA	Illumina MiSeq	75351	18392372	2025-08-03	SRR34716462
SRR34716461	PP_006WP8W	PP_006WP8W.1	Chung, Y.-S.; Yi, H.; Choi, M.-M.; Kim, J.-W.; Jung, S.; Lee, M.; Lee, S. E.; Sim, G.; Lee, J. H.; Shin, H.; Choi, C.-H.	Korea Disease Control and Prevention Agency, Division of High-risk Pathogens	insdc_ingest_user	Automated Ingest from INSDC/NCBI Virus by Loculus	South Korea		2023-11-22	2026-05-14	Orthopoxvirus monkeypox					PRJNA935252	SAMN48140242	GENOMIC	Targeted-Capture	Hybrid Selection	ILLUMINA	Illumina MiSeq	426874	110900217	2025-08-03	SRR34716461
SRR34716460	PP_006WP9U	PP_006WP9U.1	Chung, Y.-S.; Yi, H.; Choi, M.-M.; Kim, J.-W.; Jung, S.; Lee, M.; Lee, S. E.; Sim, G.; Lee, J. H.; Shin, H.; Choi, C.-H.	Korea Disease Control and Prevention Agency, Division of High-risk Pathogens	insdc_ingest_user	Automated Ingest from INSDC/NCBI Virus by Loculus	South Korea		2024-04-22	2026-05-14	Orthopoxvirus monkeypox					PRJNA935252	SAMN48140243	GENOMIC	Targeted-Capture	Hybrid Selection	ILLUMINA	Illumina MiSeq	447805	114670808	2025-08-04	SRR34716460
SRR34716458	PP_006WPAS	PP_006WPAS.1	Chung, Y.-S.; Yi, H.; Choi, M.-M.; Kim, J.-W.; Jung, S.; Lee, M.; Lee, S. E.; Sim, G.; Lee, J. H.; Shin, H.; Choi, C.-H.	Korea Disease Control and Prevention Agency, Division of High-risk Pathogens	insdc_ingest_user	Automated Ingest from INSDC/NCBI Virus by Loculus	South Korea		2024-06-14	2026-05-14	Orthopoxvirus monkeypox					PRJNA935252	SAMN48140245	GENOMIC	Targeted-Capture	Hybrid Selection	ILLUMINA	Illumina MiSeq	20716	6258628	2025-08-04	SRR34716458
SRR34716457	PP_006WPBQ	PP_006WPBQ.1	Chung, Y.-S.; Yi, H.; Choi, M.-M.; Kim, J.-W.; Jung, S.; Lee, M.; Lee, S. E.; Sim, G.; Lee, J. H.; Shin, H.; Choi, C.-H.	Korea Disease Control and Prevention Agency, Division of High-risk Pathogens	insdc_ingest_user	Automated Ingest from INSDC/NCBI Virus by Loculus	South Korea		2024-06-21	2026-05-14	Orthopoxvirus monkeypox					PRJNA935252	SAMN48140246	GENOMIC	Targeted-Capture	Hybrid Selection	ILLUMINA	Illumina MiSeq	438052	175861226	2025-08-04	SRR34716457
SRR34716456	PP_006WPCN	PP_006WPCN.1	Chung, Y.-S.; Yi, H.; Choi, M.-M.; Kim, J.-W.; Jung, S.; Lee, M.; Lee, S. E.; Sim, G.; Lee, J. H.; Shin, H.; Choi, C.-H.	Korea Disease Control and Prevention Agency, Division of High-risk Pathogens	insdc_ingest_user	Automated Ingest from INSDC/NCBI Virus by Loculus	South Korea		2024-07-04	2026-05-14	Orthopoxvirus monkeypox					PRJNA935252	SAMN48140247	GENOMIC	Targeted-Capture	Hybrid Selection	ILLUMINA	Illumina MiSeq	438820	166203021	2025-08-04	SRR34716456
SRR34716455	PP_006WPDL	PP_006WPDL.1	Chung, Y.-S.; Yi, H.; Choi, M.-M.; Kim, J.-W.; Jung, S.; Lee, M.; Lee, S. E.; Sim, G.; Lee, J. H.; Shin, H.; Choi, C.-H.	Korea Disease Control and Prevention Agency, Division of High-risk Pathogens	insdc_ingest_user	Automated Ingest from INSDC/NCBI Virus by Loculus	South Korea		2024-07-04	2026-05-14	Orthopoxvirus monkeypox					PRJNA935252	SAMN48140248	GENOMIC	Targeted-Capture	Hybrid Selection	ILLUMINA	Illumina MiSeq	312567	111275180	2025-08-04	SRR34716455
SRR34716454	PP_006WPEJ	PP_006WPEJ.1	Chung, Y.-S.; Yi, H.; Choi, M.-M.; Kim, J.-W.; Jung, S.; Lee, M.; Lee, S. E.; Sim, G.; Lee, J. H.; Shin, H.; Choi, C.-H.	Korea Disease Control and Prevention Agency, Division of High-risk Pathogens	insdc_ingest_user	Automated Ingest from INSDC/NCBI Virus by Loculus	South Korea		2024-07-10	2026-05-14	Orthopoxvirus monkeypox					PRJNA935252	SAMN48140249	GENOMIC	Targeted-Capture	Hybrid Selection	ILLUMINA	Illumina MiSeq	454456	182328915	2025-08-04	SRR34716454
SRR34716560	PP_006WPFG	PP_006WPFG.1	Chung, Y.-S.; Yi, H.; Choi, M.-M.; Kim, J.-W.; Jung, S.; Lee, M.; Lee, S. E.; Sim, G.; Lee, J. H.; Shin, H.; Choi, C.-H.	Korea Disease Control and Prevention Agency, Division of High-risk Pathogens	insdc_ingest_user	Automated Ingest from INSDC/NCBI Virus by Loculus	South Korea		2024-07-17	2026-05-14	Orthopoxvirus monkeypox					PRJNA935252	SAMN48140250	GENOMIC	Targeted-Capture	Hybrid Selection	ILLUMINA	Illumina MiSeq	428308	165514726	2025-08-04	SRR34716560
SRR34716558	PP_006WPGE	PP_006WPGE.1	Chung, Y.-S.; Yi, H.; Choi, M.-M.; Kim, J.-W.; Jung, S.; Lee, M.; Lee, S. E.; Sim, G.; Lee, J. H.; Shin, H.; Choi, C.-H.	Korea Disease Control and Prevention Agency, Division of High-risk Pathogens	insdc_ingest_user	Automated Ingest from INSDC/NCBI Virus by Loculus	South Korea		2024-07-24	2026-05-14	Orthopoxvirus monkeypox					PRJNA935252	SAMN48140252	GENOMIC	Targeted-Capture	Hybrid Selection	ILLUMINA	Illumina MiSeq	444722	167491600	2025-08-04	SRR34716558
SRR34716556	PP_006WPHB	PP_006WPHB.1	Chung, Y.-S.; Yi, H.; Choi, M.-M.; Kim, J.-W.; Jung, S.; Lee, M.; Lee, S. E.; Sim, G.; Lee, J. H.; Shin, H.; Choi, C.-H.	Korea Disease Control and Prevention Agency, Division of High-risk Pathogens	insdc_ingest_user	Automated Ingest from INSDC/NCBI Virus by Loculus	South Korea		2024-08-28	2026-05-14	Orthopoxvirus monkeypox					PRJNA935252	SAMN48140254	GENOMIC	Targeted-Capture	Hybrid Selection	ILLUMINA	Illumina MiSeq	475806	128842175	2025-08-03	SRR34716556
SRR34716555	PP_006WPJ9	PP_006WPJ9.1	Chung, Y.-S.; Yi, H.; Choi, M.-M.; Kim, J.-W.; Jung, S.; Lee, M.; Lee, S. E.; Sim, G.; Lee, J. H.; Shin, H.; Choi, C.-H.	Korea Disease Control and Prevention Agency, Division of High-risk Pathogens	insdc_ingest_user	Automated Ingest from INSDC/NCBI Virus by Loculus	South Korea		2024-08-30	2026-05-14	Orthopoxvirus monkeypox					PRJNA935252	SAMN48140255	GENOMIC	Targeted-Capture	Hybrid Selection	ILLUMINA	Illumina MiSeq	211102	47571132	2025-08-03	SRR34716555
SRR34716554	PP_006WPK7	PP_006WPK7.1	Chung, Y.-S.; Yi, H.; Choi, M.-M.; Kim, J.-W.; Jung, S.; Lee, M.; Lee, S. E.; Sim, G.; Lee, J. H.; Shin, H.; Choi, C.-H.	Korea Disease Control and Prevention Agency, Division of High-risk Pathogens	insdc_ingest_user	Automated Ingest from INSDC/NCBI Virus by Loculus	South Korea		2025-03-06	2026-05-14	Orthopoxvirus monkeypox					PRJNA935252	SAMN48140256	GENOMIC	Targeted-Capture	Hybrid Selection	ILLUMINA	Illumina MiSeq	466490	111805599	2025-08-03	SRR34716554
SRR34716553	PP_006WPL5	PP_006WPL5.1	Chung, Y.-S.; Yi, H.; Choi, M.-M.; Kim, J.-W.; Jung, S.; Lee, M.; Lee, S. E.; Sim, G.; Lee, J. H.; Shin, H.; Choi, C.-H.	Korea Disease Control and Prevention Agency, Division of High-risk Pathogens	insdc_ingest_user	Automated Ingest from INSDC/NCBI Virus by Loculus	South Korea		2025-04-06	2026-05-14	Orthopoxvirus monkeypox					PRJNA935252	SAMN50187212	GENOMIC	Targeted-Capture	Hybrid Selection	ILLUMINA	Illumina MiSeq	432625	108488868	2025-08-03	SRR34716553
SRR34716552	PP_006WPM3	PP_006WPM3.1	Chung, Y.-S.; Yi, H.; Choi, M.-M.; Kim, J.-W.; Jung, S.; Lee, M.; Lee, S. E.; Sim, G.; Lee, J. H.; Shin, H.; Choi, C.-H.	Korea Disease Control and Prevention Agency, Division of High-risk Pathogens	insdc_ingest_user	Automated Ingest from INSDC/NCBI Virus by Loculus	South Korea		2025-04-23	2026-05-14	Orthopoxvirus monkeypox					PRJNA935252	SAMN50187213	GENOMIC	Targeted-Capture	Hybrid Selection	ILLUMINA	Illumina MiSeq	445555	105669415	2025-08-03	SRR34716552
SRR34716551	PP_006WPN1	PP_006WPN1.1	Chung, Y.-S.; Yi, H.; Choi, M.-M.; Kim, J.-W.; Jung, S.; Lee, M.; Lee, S. E.; Sim, G.; Lee, J. H.; Shin, H.; Choi, C.-H.	Korea Disease Control and Prevention Agency, Division of High-risk Pathogens	insdc_ingest_user	Automated Ingest from INSDC/NCBI Virus by Loculus	South Korea		2025-07-09	2026-05-14	Orthopoxvirus monkeypox					PRJNA935252	SAMN50187214	GENOMIC	Targeted-Capture	Hybrid Selection	ILLUMINA	Illumina MiSeq	468083	113234478	2025-08-03	SRR34716551
SRR34716504	PP_006WPPZ	PP_006WPPZ.1	Chung, Y.-S.; Yi, H.; Choi, M.-M.; Kim, J.-W.; Jung, S.; Lee, M.; Lee, S. E.; Sim, G.; Lee, J. H.; Shin, H.; Choi, C.-H.	Korea Disease Control and Prevention Agency, Division of High-risk Pathogens	insdc_ingest_user	Automated Ingest from INSDC/NCBI Virus by Loculus	South Korea		2023-06-02	2026-05-14	Orthopoxvirus monkeypox					PRJNA935252	SAMN48140202	GENOMIC	Targeted-Capture	Hybrid Selection	ILLUMINA	Illumina MiSeq	439906	109632753	2025-08-04	SRR34716504
SRR34716503	PP_006WPQX	PP_006WPQX.1	Chung, Y.-S.; Yi, H.; Choi, M.-M.; Kim, J.-W.; Jung, S.; Lee, M.; Lee, S. E.; Sim, G.; Lee, J. H.; Shin, H.; Choi, C.-H.	Korea Disease Control and Prevention Agency, Division of High-risk Pathogens	insdc_ingest_user	Automated Ingest from INSDC/NCBI Virus by Loculus	South Korea		2023-06-05	2026-05-14	Orthopoxvirus monkeypox					PRJNA935252	SAMN48140203	GENOMIC	Targeted-Capture	Hybrid Selection	ILLUMINA	Illumina MiSeq	432660	106649894	2025-08-04	SRR34716503
SRR34716459	PP_006WPRV	PP_006WPRV.1	Chung, Y.-S.; Yi, H.; Choi, M.-M.; Kim, J.-W.; Jung, S.; Lee, M.; Lee, S. E.; Sim, G.; Lee, J. H.; Shin, H.; Choi, C.-H.	Korea Disease Control and Prevention Agency, Division of High-risk Pathogens	insdc_ingest_user	Automated Ingest from INSDC/NCBI Virus by Loculus	South Korea		2024-05-28	2026-05-14	Orthopoxvirus monkeypox					PRJNA935252	SAMN48140244	GENOMIC	Targeted-Capture	Hybrid Selection	ILLUMINA	Illumina MiSeq	88089	24001939	2025-08-04	SRR34716459
SRR34716559	PP_006WPST	PP_006WPST.1	Chung, Y.-S.; Yi, H.; Choi, M.-M.; Kim, J.-W.; Jung, S.; Lee, M.; Lee, S. E.; Sim, G.; Lee, J. H.; Shin, H.; Choi, C.-H.	Korea Disease Control and Prevention Agency, Division of High-risk Pathogens	insdc_ingest_user	Automated Ingest from INSDC/NCBI Virus by Loculus	South Korea		2024-07-19	2026-05-14	Orthopoxvirus monkeypox					PRJNA935252	SAMN48140251	GENOMIC	Targeted-Capture	Hybrid Selection	ILLUMINA	Illumina MiSeq	444772	151603341	2025-08-04	SRR34716559
SRR34716557	PP_006WPTR	PP_006WPTR.1	Chung, Y.-S.; Yi, H.; Choi, M.-M.; Kim, J.-W.; Jung, S.; Lee, M.; Lee, S. E.; Sim, G.; Lee, J. H.; Shin, H.; Choi, C.-H.	Korea Disease Control and Prevention Agency, Division of High-risk Pathogens	insdc_ingest_user	Automated Ingest from INSDC/NCBI Virus by Loculus	South Korea		2024-08-12	2026-05-14	Orthopoxvirus monkeypox					PRJNA935252	SAMN48140253	GENOMIC	Targeted-Capture	Hybrid Selection	ILLUMINA	Illumina MiSeq	445630	160371081	2025-08-04	SRR34716557
SRR38038156	PP_006WTCJ	PP_006WTCJ.1	Camara, J.; Petersen, N. P.; Koundouno, F. R.; Annibaldis, G.; Kourouma, K.; Soropogui, B.; Ryter, S.; Millimono, S. L.; Conde, M. II; Nelson, E. V.; van Gelder, C.; Le, M.; Kolie, E.; Millimouno, T. E.; Tolno, F. M.; Kamano, F. M.; Keita, M. B.; Bongono, S. A.; Tolno, F.; Traore, O.; Conde, S.; Camara, A.; Lemey, P.; Guenther, S.; Duraffour, S.; Boumbaly, S.	Bernhard Nocht Institute for Tropical Medicine, Virology	insdc_ingest_user	Automated Ingest from INSDC/NCBI Virus by Loculus	Guinea	Gueckedou	2025-08-19	2026-05-14	Orthopoxvirus monkeypox					PRJNA1451746	SAMN57197951	METAGENOMIC	WGS	RANDOM	OXFORD_NANOPORE	MinION	9096	4127936	2026-04-15	SRR38038156
SRR38038155	PP_006WTDG	PP_006WTDG.1	Camara, J.; Petersen, N. P.; Koundouno, F. R.; Annibaldis, G.; Kourouma, K.; Soropogui, B.; Ryter, S.; Millimono, S. L.; Conde, M. II; Nelson, E. V.; van Gelder, C.; Le, M.; Kolie, E.; Millimouno, T. E.; Tolno, F. M.; Kamano, F. M.; Keita, M. B.; Bongono, S. A.; Tolno, F.; Traore, O.; Conde, S.; Camara, A.; Lemey, P.; Guenther, S.; Duraffour, S.; Boumbaly, S.	Bernhard Nocht Institute for Tropical Medicine, Virology	insdc_ingest_user	Automated Ingest from INSDC/NCBI Virus by Loculus	Guinea	Gueckedou	2025-08-01	2026-05-14	Orthopoxvirus monkeypox					PRJNA1451746	SAMN57197952	METAGENOMIC	WGS	RANDOM	OXFORD_NANOPORE	MinION	14674	6220652	2026-04-15	SRR38038155
SRR38038149	PP_006WTEE	PP_006WTEE.1	Camara, J.; Petersen, N. P.; Koundouno, F. R.; Annibaldis, G.; Kourouma, K.; Soropogui, B.; Ryter, S.; Millimono, S. L.; Conde, M. II; Nelson, E. V.; van Gelder, C.; Le, M.; Kolie, E.; Millimouno, T. E.; Tolno, F. M.; Kamano, F. M.; Keita, M. B.; Bongono, S. A.; Tolno, F.; Traore, O.; Conde, S.; Camara, A.; Lemey, P.; Guenther, S.; Duraffour, S.; Boumbaly, S.; Jacob, C.	Bernhard Nocht Institute for Tropical Medicine, Virology	insdc_ingest_user	Automated Ingest from INSDC/NCBI Virus by Loculus	Guinea	Kindia	2025-07-21	2026-05-14	Orthopoxvirus monkeypox					PRJNA1451746	SAMN57197958	METAGENOMIC	WGS	RANDOM	OXFORD_NANOPORE	MinION	8225	5176405	2026-04-15	SRR38038149
SRR38038160	PP_006WTFC	PP_006WTFC.1	Camara, J.; Petersen, N. P.; Koundouno, F. R.; Annibaldis, G.; Kourouma, K.; Soropogui, B.; Ryter, S.; Millimono, S. L.; Conde, M. II; Nelson, E. V.; van Gelder, C.; Le, M.; Kolie, E.; Millimouno, T. E.; Tolno, F. M.; Kamano, F. M.; Keita, M. B.; Bongono, S. A.; Tolno, F.; Traore, O.; Conde, S.; Camara, A.; Lemey, P.; Guenther, S.; Duraffour, S.; Boumbaly, S.; Jacob, C.	Bernhard Nocht Institute for Tropical Medicine, Virology	insdc_ingest_user	Automated Ingest from INSDC/NCBI Virus by Loculus	Guinea	Conakry	2025-08-26	2026-05-14	Orthopoxvirus monkeypox					PRJNA1451746	SAMN57197959	METAGENOMIC	WGS	RANDOM	OXFORD_NANOPORE	MinION	12118	12400221	2026-04-15	SRR38038160
SRR38038154	PP_006WV9N	PP_006WV9N.1	Camara, J.; Petersen, N. P.; Koundouno, F. R.; Annibaldis, G.; Kourouma, K.; Soropogui, B.; Ryter, S.; Millimono, S. L.; Conde, M. II; Nelson, E. V.; van Gelder, C.; Le, M.; Kolie, E.; Millimouno, T. E.; Tolno, F. M.; Kamano, F. M.; Keita, M. B.; Bongono, S. A.; Tolno, F.; Traore, O.; Conde, S.; Camara, A.; Lemey, P.; Guenther, S.; Duraffour, S.; Boumbaly, S.	Bernhard Nocht Institute for Tropical Medicine, Virology	insdc_ingest_user	Automated Ingest from INSDC/NCBI Virus by Loculus	Guinea	Gueckedou	2025-09-29	2026-05-14	Orthopoxvirus monkeypox					PRJNA1451746	SAMN57197953	METAGENOMIC	WGS	RANDOM	OXFORD_NANOPORE	MinION	29799	12033267	2026-04-15	SRR38038154
SRR38038159	PP_006WVAL	PP_006WVAL.1	Camara, J.; Petersen, N. P.; Koundouno, F. R.; Annibaldis, G.; Kourouma, K.; Soropogui, B.; Ryter, S.; Millimono, S. L.; Conde, M. II; Nelson, E. V.; van Gelder, C.; Le, M.; Kolie, E.; Millimouno, T. E.; Tolno, F. M.; Kamano, F. M.; Keita, M. B.; Bongono, S. A.; Tolno, F.; Traore, O.; Conde, S.; Camara, A.; Lemey, P.; Guenther, S.; Duraffour, S.; Boumbaly, S.	Bernhard Nocht Institute for Tropical Medicine, Virology	insdc_ingest_user	Automated Ingest from INSDC/NCBI Virus by Loculus	Guinea	Conakry	2025-07-09	2026-05-14	Orthopoxvirus monkeypox					PRJNA1451746	SAMN57197960	METAGENOMIC	WGS	RANDOM	OXFORD_NANOPORE	MinION	11968	5981393	2026-04-15	SRR38038159
SRR38038158	PP_006WVBJ	PP_006WVBJ.1	Camara, J.; Petersen, N. P.; Koundouno, F. R.; Annibaldis, G.; Kourouma, K.; Soropogui, B.; Ryter, S.; Millimono, S. L.; Conde, M. II; Nelson, E. V.; van Gelder, C.; Le, M.; Kolie, E.; Millimouno, T. E.; Tolno, F. M.; Kamano, F. M.; Keita, M. B.; Bongono, S. A.; Tolno, F.; Traore, O.; Conde, S.; Camara, A.; Lemey, P.; Guenther, S.; Duraffour, S.; Boumbaly, S.	Bernhard Nocht Institute for Tropical Medicine, Virology	insdc_ingest_user	Automated Ingest from INSDC/NCBI Virus by Loculus	Guinea	Conakry	2025-07-16	2026-05-14	Orthopoxvirus monkeypox					PRJNA1451746	SAMN57197961	METAGENOMIC	WGS	RANDOM	OXFORD_NANOPORE	MinION	8322	4406631	2026-04-15	SRR38038158
SRR38038157	PP_006WVCG	PP_006WVCG.1	Camara, J.; Petersen, N. P.; Koundouno, F. R.; Annibaldis, G.; Kourouma, K.; Soropogui, B.; Ryter, S.; Millimono, S. L.; Conde, M. II; Nelson, E. V.; van Gelder, C.; Le, M.; Kolie, E.; Millimouno, T. E.; Tolno, F. M.; Kamano, F. M.; Keita, M. B.; Bongono, S. A.; Tolno, F.; Traore, O.; Conde, S.; Camara, A.; Lemey, P.; Guenther, S.; Duraffour, S.; Boumbaly, S.	Bernhard Nocht Institute for Tropical Medicine, Virology	insdc_ingest_user	Automated Ingest from INSDC/NCBI Virus by Loculus	Guinea	Conakry	2025-10-15	2026-05-14	Orthopoxvirus monkeypox					PRJNA1451746	SAMN57197962	METAGENOMIC	WGS	RANDOM	OXFORD_NANOPORE	MinION	66150	39813040	2026-04-15	SRR38038157
SRR34579535	PP_006WVUH	PP_006WVUH.1	Featherston, J.; Grobbelaar, A. A.; Govender, K.; Govender, N.; Ismail, A.; Moodley, M.; Moolla, N.; Mtshali, S.; Msimang, V.; Weyer, J.	National Institute of Communicable diseases, Sequencing Core Facility	insdc_ingest_user	Automated Ingest from INSDC/NCBI Virus by Loculus	South Africa	Gauteng	2025-02-21	2026-05-14	Orthopoxvirus monkeypox					PRJNA1293333	SAMN50019288	GENOMIC	WGS	PCR	ILLUMINA	NextSeq 2000	1314627	383771939	2025-07-20	SRR34579535
SRR34579534	PP_006WVVF	PP_006WVVF.1	Featherston, J.; Grobbelaar, A. A.; Govender, K.; Govender, N.; Ismail, A.; Moodley, M.; Moolla, N.; Mtshali, S.; Msimang, V.; Weyer, J.	National Institute of Communicable diseases, Sequencing Core Facility	insdc_ingest_user	Automated Ingest from INSDC/NCBI Virus by Loculus	South Africa	Gauteng	2025-03-10	2026-05-14	Orthopoxvirus monkeypox					PRJNA1293333	SAMN50019289	GENOMIC	WGS	PCR	ILLUMINA	NextSeq 2000	1730902	507391340	2025-07-20	SRR34579534,SRR34579533
SRR34579533	PP_006WVVF	PP_006WVVF.1	Featherston, J.; Grobbelaar, A. A.; Govender, K.; Govender, N.; Ismail, A.; Moodley, M.; Moolla, N.; Mtshali, S.; Msimang, V.; Weyer, J.	National Institute of Communicable diseases, Sequencing Core Facility	insdc_ingest_user	Automated Ingest from INSDC/NCBI Virus by Loculus	South Africa	Gauteng	2025-03-10	2026-05-14	Orthopoxvirus monkeypox					PRJNA1293333	SAMN50019289	GENOMIC	WGS	PCR	OXFORD_NANOPORE	MinION	274855	123202312	2025-07-20	SRR34579534,SRR34579533
SRR34579531	PP_006WVWD	PP_006WVWD.1	Featherston, J.; Grobbelaar, A. A.; Govender, K.; Govender, N.; Ismail, A.; Moodley, M.; Moolla, N.; Mtshali, S.; Msimang, V.; Weyer, J.	National Institute of Communicable diseases, Sequencing Core Facility	insdc_ingest_user	Automated Ingest from INSDC/NCBI Virus by Loculus	South Africa	Gauteng	2025-03-19	2026-05-14	Orthopoxvirus monkeypox					PRJNA1293333	SAMN50019291	GENOMIC	WGS	PCR	ILLUMINA	NextSeq 2000	1809928	527646105	2025-07-20	SRR34579531,SRR34579530
SRR34579530	PP_006WVWD	PP_006WVWD.1	Featherston, J.; Grobbelaar, A. A.; Govender, K.; Govender, N.; Ismail, A.; Moodley, M.; Moolla, N.; Mtshali, S.; Msimang, V.; Weyer, J.	National Institute of Communicable diseases, Sequencing Core Facility	insdc_ingest_user	Automated Ingest from INSDC/NCBI Virus by Loculus	South Africa	Gauteng	2025-03-19	2026-05-14	Orthopoxvirus monkeypox					PRJNA1293333	SAMN50019291	GENOMIC	WGS	PCR	OXFORD_NANOPORE	MinION	198750	87366287	2025-07-20	SRR34579531,SRR34579530
SRR34579537	PP_006WVXB	PP_006WVXB.1	Featherston, J.; Grobbelaar, A. A.; Govender, K.; Govender, N.; Ismail, A.; Moodley, M.; Moolla, N.; Mtshali, S.; Msimang, V.; Weyer, J.	National Institute of Communicable diseases, Sequencing Core Facility	insdc_ingest_user	Automated Ingest from INSDC/NCBI Virus by Loculus	South Africa	Gauteng	2025-06-13	2026-05-14	Orthopoxvirus monkeypox					PRJNA1293333	SAMN50019293	GENOMIC	WGS	PCR	OXFORD_NANOPORE	MinION	241668	85376829	2025-07-20	SRR34579537
SRR38259800	PP_006WY6R	PP_006WY6R.1	Garrigues, J. M.; Fox, E. B.; Green, N. M.	Los Angeles County Public Health Lab microbial pathogen submission group, Los Angeles County Public Health Laboratories	insdc_ingest_user	Automated Ingest from INSDC/NCBI Virus by Loculus	USA	California	2026-03-26	2026-05-14	Orthopoxvirus monkeypox					PRJNA864832	SAMN57419299	METAGENOMIC	Targeted-Capture	Hybrid Selection	ILLUMINA	NextSeq 1000	624383	157947848	2026-04-29	SRR38259800
SRR38259799	PP_006WY7P	PP_006WY7P.1	Garrigues, J. M.; Fox, E. B.; Green, N. M.	Los Angeles County Public Health Lab microbial pathogen submission group, Los Angeles County Public Health Laboratories	insdc_ingest_user	Automated Ingest from INSDC/NCBI Virus by Loculus	USA	California	2026-03-27	2026-05-14	Orthopoxvirus monkeypox					PRJNA864832	SAMN57419300	METAGENOMIC	Targeted-Capture	Hybrid Selection	ILLUMINA	NextSeq 1000	685019	174072675	2026-04-29	SRR38259799
SRR38259798	PP_006WY8M	PP_006WY8M.1	Garrigues, J. M.; Fox, E. B.; Green, N. M.	Los Angeles County Public Health Lab microbial pathogen submission group, Los Angeles County Public Health Laboratories	insdc_ingest_user	Automated Ingest from INSDC/NCBI Virus by Loculus	USA	California	2026-03-27	2026-05-14	Orthopoxvirus monkeypox					PRJNA864832	SAMN57419301	METAGENOMIC	Targeted-Capture	Hybrid Selection	ILLUMINA	NextSeq 1000	584779	155982261	2026-04-29	SRR38259798
SRR38259797	PP_006WY9K	PP_006WY9K.1	Garrigues, J. M.; Fox, E. B.; Green, N. M.	Los Angeles County Public Health Lab microbial pathogen submission group, Los Angeles County Public Health Laboratories	insdc_ingest_user	Automated Ingest from INSDC/NCBI Virus by Loculus	USA	California	2026-03-18	2026-05-14	Orthopoxvirus monkeypox					PRJNA864832	SAMN57419302	METAGENOMIC	Targeted-Capture	Hybrid Selection	ILLUMINA	NextSeq 1000	611800	157044449	2026-04-29	SRR38259797
ERR17220178	PP_006X1V7	PP_006X1V7.1	Sobral, Daniel; Cordeiro, Rita; Coelho, Luis; Ferreira, Rita; Isidro, Joana; Borges, Vitor; Gomes, Joao Paulo	Instituto Nacional de Saude Doutor Ricardo Jorge (INSA), Portugal	daniel.sobral	Genomics and Bioinformatics Unit @ INSA, Portugal	Portugal		2026-03-31	2026-05-15		Illumina MiSeq		Twist Comprehensive Viral Research Panel		PRJEB53055	SAMEA122657247	METAGENOMIC	WGS	Hybrid Selection	ILLUMINA	Illumina MiSeq	327244	70485676	2026-05-16	ERR17220178
ERR17220179	PP_006X1W5	PP_006X1W5.1	Sobral, Daniel; Cordeiro, Rita; Coelho, Luis; Ferreira, Rita; Isidro, Joana; Borges, Vitor; Gomes, Joao Paulo	Instituto Nacional de Saude Doutor Ricardo Jorge (INSA), Portugal	daniel.sobral	Genomics and Bioinformatics Unit @ INSA, Portugal	Portugal		2026-04-13	2026-05-15		Illumina MiSeq		Twist Comprehensive Viral Research Panel		PRJEB53055	SAMEA122657248	METAGENOMIC	WGS	Hybrid Selection	ILLUMINA	Illumina MiSeq	1406662	305999316	2026-05-16	ERR17220179
ERR17220180	PP_006X1X3	PP_006X1X3.1	Sobral, Daniel; Cordeiro, Rita; Coelho, Luis; Ferreira, Rita; Isidro, Joana; Borges, Vitor; Gomes, Joao Paulo	Instituto Nacional de Saude Doutor Ricardo Jorge (INSA), Portugal	daniel.sobral	Genomics and Bioinformatics Unit @ INSA, Portugal	Portugal		2026-03-27	2026-05-15		Illumina MiSeq		Twist Comprehensive Viral Research Panel		PRJEB53055	SAMEA122657249	METAGENOMIC	WGS	Hybrid Selection	ILLUMINA	Illumina MiSeq	1288716	300109275	2026-05-16	ERR17220180
ERR17220181	PP_006X1Y1	PP_006X1Y1.1	Sobral, Daniel; Cordeiro, Rita; Coelho, Luis; Ferreira, Rita; Isidro, Joana; Borges, Vitor; Gomes, Joao Paulo	Instituto Nacional de Saude Doutor Ricardo Jorge (INSA), Portugal	daniel.sobral	Genomics and Bioinformatics Unit @ INSA, Portugal	Portugal		2026-04-21	2026-05-15		Illumina MiSeq		Twist Comprehensive Viral Research Panel		PRJEB53055	SAMEA122657250	METAGENOMIC	WGS	Hybrid Selection	ILLUMINA	Illumina MiSeq	1174064	267465415	2026-05-16	ERR17220181
ERR17220182	PP_006X1ZZ	PP_006X1ZZ.1	Sobral, Daniel; Cordeiro, Rita; Coelho, Luis; Ferreira, Rita; Isidro, Joana; Borges, Vitor; Gomes, Joao Paulo	Instituto Nacional de Saude Doutor Ricardo Jorge (INSA), Portugal	daniel.sobral	Genomics and Bioinformatics Unit @ INSA, Portugal	Portugal		2026-04-23	2026-05-15		Illumina MiSeq		Twist Comprehensive Viral Research Panel		PRJEB53055	SAMEA122657251	METAGENOMIC	WGS	Hybrid Selection	ILLUMINA	Illumina MiSeq	1238804	273466002	2026-05-16	ERR17220182
ERR17217876	PP_006XGEP	PP_006XGEP.1	Sladecek, T.	Science Park of Comenius University of Bratislava, Ilkovicova 8, 841 04 Bratislava	insdc_ingest_user	Automated Ingest from INSDC/NCBI Virus by Loculus	Slovakia		2026-03-18	2026-05-18	Monkeypox virus					PRJEB72255	SAMEA122632747	VIRAL RNA	AMPLICON	PCR	ILLUMINA	NextSeq 2000	7598402	740477021	2026-05-16	ERR17217876
SRR38396169	PP_006XGFM	PP_006XGFM.1	Garrigues, J. M.; Fox, E. B.; Green, N. M.	Los Angeles County Public Health Lab microbial pathogen submission group, Los Angeles County Public Health Laboratories	insdc_ingest_user	Automated Ingest from INSDC/NCBI Virus by Loculus	USA	California	2026-04-08	2026-05-18	Orthopoxvirus monkeypox					PRJNA864832	SAMN58796165	METAGENOMIC	Targeted-Capture	Hybrid Selection	ILLUMINA	NextSeq 1000	6891710	1883203453	2026-05-07	SRR38396169
SRR38396168	PP_006XGGK	PP_006XGGK.1	Garrigues, J. M.; Fox, E. B.; Green, N. M.	Los Angeles County Public Health Lab microbial pathogen submission group, Los Angeles County Public Health Laboratories	insdc_ingest_user	Automated Ingest from INSDC/NCBI Virus by Loculus	USA	California	2026-04-09	2026-05-18	Orthopoxvirus monkeypox					PRJNA864832	SAMN58796166	METAGENOMIC	Targeted-Capture	Hybrid Selection	ILLUMINA	NextSeq 1000	564782	159896339	2026-05-07	SRR38396168
SRR38396167	PP_006XGHG	PP_006XGHG.1	Garrigues, J. M.; Fox, E. B.; Green, N. M.	Los Angeles County Public Health Lab microbial pathogen submission group, Los Angeles County Public Health Laboratories	insdc_ingest_user	Automated Ingest from INSDC/NCBI Virus by Loculus	USA	California	2026-04-08	2026-05-18	Orthopoxvirus monkeypox					PRJNA864832	SAMN58796167	METAGENOMIC	Targeted-Capture	Hybrid Selection	ILLUMINA	NextSeq 1000	610390	161726160	2026-05-07	SRR38396167
SRR38396166	PP_006XGJE	PP_006XGJE.1	Garrigues, J. M.; Fox, E. B.; Green, N. M.	Los Angeles County Public Health Lab microbial pathogen submission group, Los Angeles County Public Health Laboratories	insdc_ingest_user	Automated Ingest from INSDC/NCBI Virus by Loculus	USA	California	2026-04-21	2026-05-18	Orthopoxvirus monkeypox					PRJNA864832	SAMN58796168	METAGENOMIC	Targeted-Capture	Hybrid Selection	ILLUMINA	NextSeq 1000	663725	176037831	2026-05-07	SRR38396166
ERR17217875	PP_006XGP4	PP_006XGP4.1	Sladecek, T.	Science Park of Comenius University of Bratislava, Ilkovicova 8, 841 04 Bratislava	insdc_ingest_user	Automated Ingest from INSDC/NCBI Virus by Loculus	Slovakia		2026-04-01	2026-05-18	Monkeypox virus					PRJEB72255	SAMEA122632746	VIRAL RNA	AMPLICON	PCR	ILLUMINA	NextSeq 2000	3536371	348025371	2026-05-16	ERR17217875
ERR17217878	PP_006XGQ2	PP_006XGQ2.1	Sladecek, T.	Science Park of Comenius University of Bratislava, Ilkovicova 8, 841 04 Bratislava	insdc_ingest_user	Automated Ingest from INSDC/NCBI Virus by Loculus	Slovakia		2026-04-02	2026-05-18	Monkeypox virus					PRJEB72255	SAMEA122632749	VIRAL RNA	AMPLICON	PCR	ILLUMINA	NextSeq 2000	15407627	1508979204	2026-05-16	ERR17217878
ERR17217874	PP_006XGR0	PP_006XGR0.1	Sladecek, T.	Science Park of Comenius University of Bratislava, Ilkovicova 8, 841 04 Bratislava	insdc_ingest_user	Automated Ingest from INSDC/NCBI Virus by Loculus	Slovakia		2026-03-26	2026-05-18	Monkeypox virus					PRJEB72255	SAMEA122632745	VIRAL RNA	AMPLICON	PCR	ILLUMINA	NextSeq 2000	6672508	653014576	2026-05-16	ERR17217874
ERR17217877	PP_006XGSY	PP_006XGSY.1	Sladecek, T.	Science Park of Comenius University of Bratislava, Ilkovicova 8, 841 04 Bratislava	insdc_ingest_user	Automated Ingest from INSDC/NCBI Virus by Loculus	Slovakia		2026-03-30	2026-05-18	Monkeypox virus					PRJEB72255	SAMEA122632748	VIRAL RNA	AMPLICON	PCR	ILLUMINA	NextSeq 2000	10746630	1053728754	2026-05-16	ERR17217877
SRR38589428	PP_0070Q3X	PP_0070Q3X.1	Gigante, C.; Gray, H.; Fu, J.; Hughes, C.; Deng, J.; Tuttle, A.; Tayebi, Z.; Minhaj, F.; Wilkins, K.; Davidson, W.; Siemetzki-Kapoor, U.; Hutson, C.	CDC, DHCPP-PRB	insdc_ingest_user	Automated Ingest from INSDC/NCBI Virus by Loculus	USA	NY	2026-04	2026-05-27	Monkeypox virus					PRJNA849962	SAMN59796965	METAGENOMIC	WGS	RANDOM	ILLUMINA	NextSeq 1000	1136797	207300665	2026-05-15	SRR38589428
ERR17356120	PP_0071ZQB	PP_0071ZQB.1	Sobral, Daniel; Cordeiro, Rita; Coelho, Luis; Ferreira, Rita; Isidro, Joana; Borges, Vitor; Gomes, Joao Paulo	Instituto Nacional de Saude Doutor Ricardo Jorge (INSA), Portugal	daniel.sobral	Genomics and Bioinformatics Unit @ INSA, Portugal	Portugal		2026-04-26	2026-06-02		NextSeq 2000		dx.doi.org/10.17504/protocols.io.5qpvob1nbl4o/v4		PRJEB53055	SAMEA122742607	METAGENOMIC	WGS	Hybrid Selection	ILLUMINA	NextSeq 2000	1713516	202186920	2026-06-02	ERR17356120
ERR17356121	PP_0071ZR9	PP_0071ZR9.1	Sobral, Daniel; Cordeiro, Rita; Coelho, Luis; Ferreira, Rita; Isidro, Joana; Borges, Vitor; Gomes, Joao Paulo	Instituto Nacional de Saude Doutor Ricardo Jorge (INSA), Portugal	daniel.sobral	Genomics and Bioinformatics Unit @ INSA, Portugal	Portugal		2026-05-05	2026-06-02		NextSeq 2000		dx.doi.org/10.17504/protocols.io.5qpvob1nbl4o/v4		PRJEB53055	SAMEA122742608	METAGENOMIC	WGS	Hybrid Selection	ILLUMINA	NextSeq 2000	1740506	204512957	2026-06-02	ERR17356121
ERR17356122	PP_0071ZS7	PP_0071ZS7.1	Sobral, Daniel; Cordeiro, Rita; Coelho, Luis; Ferreira, Rita; Isidro, Joana; Borges, Vitor; Gomes, Joao Paulo	Instituto Nacional de Saude Doutor Ricardo Jorge (INSA), Portugal	daniel.sobral	Genomics and Bioinformatics Unit @ INSA, Portugal	Portugal		2026-05-11	2026-06-02		NextSeq 2000		dx.doi.org/10.17504/protocols.io.5qpvob1nbl4o/v4		PRJEB53055	SAMEA122742609	METAGENOMIC	WGS	Hybrid Selection	ILLUMINA	NextSeq 2000	1495558	175835107	2026-06-02	ERR17356122
ERR17356123	PP_0071ZT5	PP_0071ZT5.1	Sobral, Daniel; Cordeiro, Rita; Coelho, Luis; Ferreira, Rita; Isidro, Joana; Borges, Vitor; Gomes, Joao Paulo	Instituto Nacional de Saude Doutor Ricardo Jorge (INSA), Portugal	daniel.sobral	Genomics and Bioinformatics Unit @ INSA, Portugal	Portugal		2026-05-12	2026-06-02		NextSeq 2000		dx.doi.org/10.17504/protocols.io.5qpvob1nbl4o/v4		PRJEB53055	SAMEA122742610	METAGENOMIC	WGS	Hybrid Selection	ILLUMINA	NextSeq 2000	1454740	171567952	2026-06-02	ERR17356123
ERR17356124	PP_0071ZU3	PP_0071ZU3.1	Sobral, Daniel; Cordeiro, Rita; Coelho, Luis; Ferreira, Rita; Isidro, Joana; Borges, Vitor; Gomes, Joao Paulo	Instituto Nacional de Saude Doutor Ricardo Jorge (INSA), Portugal	daniel.sobral	Genomics and Bioinformatics Unit @ INSA, Portugal	Portugal		2026-05-14	2026-06-02		NextSeq 2000		dx.doi.org/10.17504/protocols.io.5qpvob1nbl4o/v4		PRJEB53055	SAMEA122742611	METAGENOMIC	WGS	Hybrid Selection	ILLUMINA	NextSeq 2000	1490600	176075018	2026-06-02	ERR17356124
ERR17356125	PP_0071ZV1	PP_0071ZV1.1	Sobral, Daniel; Cordeiro, Rita; Coelho, Luis; Ferreira, Rita; Isidro, Joana; Borges, Vitor; Gomes, Joao Paulo	Instituto Nacional de Saude Doutor Ricardo Jorge (INSA), Portugal	daniel.sobral	Genomics and Bioinformatics Unit @ INSA, Portugal	Portugal		2026-05-13	2026-06-02		NextSeq 2000		dx.doi.org/10.17504/protocols.io.5qpvob1nbl4o/v4		PRJEB53055	SAMEA122742612	METAGENOMIC	WGS	Hybrid Selection	ILLUMINA	NextSeq 2000	1615148	188926343	2026-06-02	ERR17356125
ERR17356126	PP_0071ZWZ	PP_0071ZWZ.1	Sobral, Daniel; Cordeiro, Rita; Coelho, Luis; Ferreira, Rita; Isidro, Joana; Borges, Vitor; Gomes, Joao Paulo	Instituto Nacional de Saude Doutor Ricardo Jorge (INSA), Portugal	daniel.sobral	Genomics and Bioinformatics Unit @ INSA, Portugal	Portugal		2026-05-14	2026-06-02		NextSeq 2000		dx.doi.org/10.17504/protocols.io.5qpvob1nbl4o/v4		PRJEB53055	SAMEA122742613	METAGENOMIC	WGS	Hybrid Selection	ILLUMINA	NextSeq 2000	1627032	190535757	2026-06-02	ERR17356126
ERR17381354	PP_0072XT5	PP_0072XT5.1	Hesselberg Løvestad, Alexander; Bengtsen, Mads; Øverbø, Joakim; Rykkvin, Rikard; Fossum Moen, Aina	Norwegian Institute of Public Health, Department of Virology	alexahes	Norwegian Institute of Public Health, Department of Virology	Norway		2026-02	2026-06-11		NextSeq 1000		Genome were enriched using hybrid-capture and the VirCapSeq-VERT probe panel. 	Norwegian Institute of Public Health	PRJEB114676	SAMEA122801554	GENOMIC	Targeted-Capture	Hybrid Selection	ILLUMINA	NextSeq 1000	21138976	4721214022	2026-06-15	ERR17381354
ERR17458040	PP_00762K8	PP_00762K8.1	Sobral, Daniel; Cordeiro, Rita; Coelho, Luis; Ferreira, Rita; Isidro, Joana; Borges, Vitor; Gomes, Joao Paulo	Instituto Nacional de Saude Doutor Ricardo Jorge (INSA), Portugal	daniel.sobral	Genomics and Bioinformatics Unit @ INSA, Portugal	Portugal		2026-06-15	2026-06-29		Illumina MiSeq		Illumina Viral Surveillance Panel V2		PRJEB53055	SAMEA122966143	METAGENOMIC	WGS	Hybrid Selection	ILLUMINA	Illumina MiSeq	66726	9195470	2026-06-29	ERR17458040
ERR17458041	PP_00762L6	PP_00762L6.1	Sobral, Daniel; Cordeiro, Rita; Coelho, Luis; Ferreira, Rita; Isidro, Joana; Borges, Vitor; Gomes, Joao Paulo	Instituto Nacional de Saude Doutor Ricardo Jorge (INSA), Portugal	daniel.sobral	Genomics and Bioinformatics Unit @ INSA, Portugal	Portugal		2026-06-15	2026-06-29		Illumina MiSeq		Illumina Viral Surveillance Panel V2		PRJEB53055	SAMEA122966144	METAGENOMIC	WGS	Hybrid Selection	ILLUMINA	Illumina MiSeq	1560216	205599755	2026-06-29	ERR17458041
