ppx_accession	ppx_accession_version	organism	insdc_accessions	segment_divisions	ncbi_titles
PP_0028E10	PP_0028E10.1	hmpv	CQ840375	-:PAT	Sequence 60 from Patent WO2004057021
PP_0028E2Y	PP_0028E2Y.1	hmpv	CQ840376	-:PAT	Sequence 61 from Patent WO2004057021
PP_0028E3W	PP_0028E3W.1	hmpv	CQ840377	-:PAT	Sequence 62 from Patent WO2004057021
PP_0028E4U	PP_0028E4U.1	hmpv	CQ840378	-:PAT	Sequence 63 from Patent WO2004057021
PP_0028E5S	PP_0028E5S.1	hmpv	CQ840379	-:PAT	Sequence 64 from Patent WO2004057021
PP_0028E6Q	PP_0028E6Q.1	hmpv	CQ840380	-:PAT	Sequence 65 from Patent WO2004057021
PP_0028E7N	PP_0028E7N.1	hmpv	CQ840381	-:PAT	Sequence 66 from Patent WO2004057021
PP_0028E8L	PP_0028E8L.1	hmpv	CQ840382	-:PAT	Sequence 67 from Patent WO2004057021
PP_0028E9J	PP_0028E9J.1	hmpv	CQ840383	-:PAT	Sequence 68 from Patent WO2004057021
PP_0028EAG	PP_0028EAG.1	hmpv	CQ840384	-:PAT	Sequence 69 from Patent WO2004057021
PP_0028EBE	PP_0028EBE.1	hmpv	CQ840385	-:PAT	Sequence 70 from Patent WO2004057021
PP_0028ECC	PP_0028ECC.1	hmpv	CQ840386	-:PAT	Sequence 71 from Patent WO2004057021
PP_0028EDA	PP_0028EDA.1	hmpv	CQ840387	-:PAT	Sequence 72 from Patent WO2004057021
PP_0028EE8	PP_0028EE8.1	hmpv	CQ840388	-:PAT	Sequence 73 from Patent WO2004057021
PP_0028EF6	PP_0028EF6.1	hmpv	CQ840389	-:PAT	Sequence 74 from Patent WO2004057021
PP_0028EG4	PP_0028EG4.1	hmpv	CQ840390	-:PAT	Sequence 75 from Patent WO2004057021
PP_0028EH1	PP_0028EH1.1	hmpv	CQ840391	-:PAT	Sequence 76 from Patent WO2004057021
PP_0028EJZ	PP_0028EJZ.1	hmpv	CQ840392	-:PAT	Sequence 77 from Patent WO2004057021
PP_0028EKX	PP_0028EKX.1	hmpv	CQ840393	-:PAT	Sequence 78 from Patent WO2004057021
PP_0028ELV	PP_0028ELV.1	hmpv	CQ840394	-:PAT	Sequence 79 from Patent WO2004057021
PP_0028EMT	PP_0028EMT.1	hmpv	CQ840395	-:PAT	Sequence 80 from Patent WO2004057021
PP_0028ENR	PP_0028ENR.1	hmpv	CQ840396	-:PAT	Sequence 81 from Patent WO2004057021
PP_0028EPP	PP_0028EPP.1	hmpv	CQ840397	-:PAT	Sequence 82 from Patent WO2004057021
PP_0028EQM	PP_0028EQM.1	hmpv	CQ840398	-:PAT	Sequence 83 from Patent WO2004057021
PP_0028ERK	PP_0028ERK.1	hmpv	CQ840399	-:PAT	Sequence 84 from Patent WO2004057021
PP_0028ESH	PP_0028ESH.1	hmpv	CQ840400	-:PAT	Sequence 85 from Patent WO2004057021
PP_0028ETF	PP_0028ETF.1	hmpv	CQ840401	-:PAT	Sequence 86 from Patent WO2004057021
PP_0028EUD	PP_0028EUD.1	hmpv	CQ840402	-:PAT	Sequence 87 from Patent WO2004057021
PP_0028EVB	PP_0028EVB.1	hmpv	CQ840403	-:PAT	Sequence 88 from Patent WO2004057021
PP_0028EW9	PP_0028EW9.1	hmpv	CQ840404	-:PAT	Sequence 89 from Patent WO2004057021
PP_0028EX7	PP_0028EX7.1	hmpv	CQ840405	-:PAT	Sequence 90 from Patent WO2004057021
PP_0028KHW	PP_0028KHW.1	hmpv	HB384526	-:PAT	Sequence 11426 from Patent WO2006110688
PP_0028KJU	PP_0028KJU.1	hmpv	HB384527	-:PAT	Sequence 11427 from Patent WO2006110688
PP_0028KKS	PP_0028KKS.1	hmpv	HB384528	-:PAT	Sequence 11428 from Patent WO2006110688
PP_0028KLQ	PP_0028KLQ.1	hmpv	HB384529	-:PAT	Sequence 11429 from Patent WO2006110688
PP_0028KMN	PP_0028KMN.1	hmpv	HB384715	-:PAT	Sequence 1 from Patent WO2009062532
PP_0028KNL	PP_0028KNL.1	hmpv	HB384716	-:PAT	Sequence 2 from Patent WO2009062532
PP_0028KPJ	PP_0028KPJ.1	hmpv	HB384717	-:PAT	Sequence 3 from Patent WO2009062532
PP_0028KQG	PP_0028KQG.1	hmpv	HB384718	-:PAT	Sequence 4 from Patent WO2009062532
PP_0028KV6	PP_0028KV6.1	hmpv	HB384735	-:PAT	Sequence 21 from Patent WO2009062532
PP_0028KW4	PP_0028KW4.1	hmpv	HB384736	-:PAT	Sequence 22 from Patent WO2009062532
PP_0028KX2	PP_0028KX2.1	hmpv	HB384737	-:PAT	Sequence 23 from Patent WO2009062532
PP_0028KY0	PP_0028KY0.1	hmpv	HB384738	-:PAT	Sequence 24 from Patent WO2009062532
PP_0028KZY	PP_0028KZY.1	hmpv	HB384743	-:PAT	Sequence 29 from Patent WO2009062532
PP_0028L0W	PP_0028L0W.1	hmpv	HB384744	-:PAT	Sequence 30 from Patent WO2009062532
PP_0028L1U	PP_0028L1U.1	hmpv	HB384745	-:PAT	Sequence 31 from Patent WO2009062532
PP_0028L2S	PP_0028L2S.1	hmpv	HB384746	-:PAT	Sequence 32 from Patent WO2009062532
PP_0028L3Q	PP_0028L3Q.1	hmpv	HB384751	-:PAT	Sequence 37 from Patent WO2009062532
PP_0028L4N	PP_0028L4N.1	hmpv	HB384752	-:PAT	Sequence 38 from Patent WO2009062532
PP_0028L5L	PP_0028L5L.1	hmpv	HB384753	-:PAT	Sequence 39 from Patent WO2009062532
PP_0028L6J	PP_0028L6J.1	hmpv	HB384754	-:PAT	Sequence 40 from Patent WO2009062532
PP_0028L7G	PP_0028L7G.1	hmpv	HB384759	-:PAT	Sequence 45 from Patent WO2009062532
PP_0028L8E	PP_0028L8E.1	hmpv	HB384760	-:PAT	Sequence 46 from Patent WO2009062532
PP_0028L9C	PP_0028L9C.1	hmpv	HB384761	-:PAT	Sequence 47 from Patent WO2009062532
PP_0028LAA	PP_0028LAA.1	hmpv	HB384762	-:PAT	Sequence 48 from Patent WO2009062532
PP_0028LB8	PP_0028LB8.1	hmpv	HB384767	-:PAT	Sequence 53 from Patent WO2009062532
PP_0028LC6	PP_0028LC6.1	hmpv	HB384768	-:PAT	Sequence 54 from Patent WO2009062532
PP_0028LD4	PP_0028LD4.1	hmpv	HB384769	-:PAT	Sequence 55 from Patent WO2009062532
PP_0028LE2	PP_0028LE2.1	hmpv	HB384770	-:PAT	Sequence 56 from Patent WO2009062532
PP_0028LF0	PP_0028LF0.1	hmpv	HB384771	-:PAT	Sequence 57 from Patent WO2009062532
PP_0028LGY	PP_0028LGY.1	hmpv	HB384772	-:PAT	Sequence 58 from Patent WO2009062532
PP_0028LHV	PP_0028LHV.1	hmpv	HB384773	-:PAT	Sequence 59 from Patent WO2009062532
PP_0028LJT	PP_0028LJT.1	hmpv	HB384774	-:PAT	Sequence 60 from Patent WO2009062532
PP_0028LKR	PP_0028LKR.1	hmpv	HB384779	-:PAT	Sequence 65 from Patent WO2009062532
PP_0028LLP	PP_0028LLP.1	hmpv	HB384780	-:PAT	Sequence 66 from Patent WO2009062532
PP_0028LMM	PP_0028LMM.1	hmpv	HB384781	-:PAT	Sequence 67 from Patent WO2009062532
PP_0028LNK	PP_0028LNK.1	hmpv	HB384782	-:PAT	Sequence 68 from Patent WO2009062532
PP_0028LPH	PP_0028LPH.1	hmpv	HB384787	-:PAT	Sequence 73 from Patent WO2009062532
PP_0028LQF	PP_0028LQF.1	hmpv	HB384788	-:PAT	Sequence 74 from Patent WO2009062532
PP_0028LRD	PP_0028LRD.1	hmpv	HB384789	-:PAT	Sequence 75 from Patent WO2009062532
PP_0028LSB	PP_0028LSB.1	hmpv	CS027638	-:PAT	Sequence 1 from Patent WO2005014626
PP_0028LT9	PP_0028LT9.1	hmpv	HB384790	-:PAT	Sequence 76 from Patent WO2009062532
PP_0028LU7	PP_0028LU7.1	hmpv	CS027639	-:PAT	Sequence 2 from Patent WO2005014626
PP_0028LV5	PP_0028LV5.1	hmpv	HB384795	-:PAT	Sequence 81 from Patent WO2009062532
PP_0028LW3	PP_0028LW3.1	hmpv	HB384796	-:PAT	Sequence 82 from Patent WO2009062532
PP_0028LX1	PP_0028LX1.1	hmpv	HB384797	-:PAT	Sequence 83 from Patent WO2009062532
PP_0028LYZ	PP_0028LYZ.1	hmpv	HB384798	-:PAT	Sequence 84 from Patent WO2009062532
PP_0028LZX	PP_0028LZX.1	hmpv	HB384803	-:PAT	Sequence 89 from Patent WO2009062532
PP_0028M0V	PP_0028M0V.1	hmpv	HB384804	-:PAT	Sequence 90 from Patent WO2009062532
PP_0028M1T	PP_0028M1T.1	hmpv	HB384805	-:PAT	Sequence 91 from Patent WO2009062532
PP_0028M2R	PP_0028M2R.1	hmpv	HB384806	-:PAT	Sequence 92 from Patent WO2009062532
PP_0028M5K	PP_0028M5K.1	hmpv	HB384836	-:PAT	Sequence 122 from Patent WO2009062532
PP_0028MA9	PP_0028MA9.1	hmpv	CS027673	-:PAT	Sequence 36 from Patent WO2005014626
PP_0028MB7	PP_0028MB7.1	hmpv	DD266411	-:PAT	METHODS OF TREATING AND PREVENTING RSV, HMPV, AND PIV USING ANTI-RSV, ANTI-HMPV, AND ANTI-PIV ANTIBODIES
PP_0028MC5	PP_0028MC5.1	hmpv	DD266412	-:PAT	METHODS OF TREATING AND PREVENTING RSV, HMPV, AND PIV USING ANTI-RSV, ANTI-HMPV, AND ANTI-PIV ANTIBODIES
PP_0028MD3	PP_0028MD3.1	hmpv	DD266413	-:PAT	METHODS OF TREATING AND PREVENTING RSV, HMPV, AND PIV USING ANTI-RSV, ANTI-HMPV, AND ANTI-PIV ANTIBODIES
PP_0028ME1	PP_0028ME1.1	hmpv	DD266414	-:PAT	METHODS OF TREATING AND PREVENTING RSV, HMPV, AND PIV USING ANTI-RSV, ANTI-HMPV, AND ANTI-PIV ANTIBODIES
PP_0028MFZ	PP_0028MFZ.1	hmpv	DD266415	-:PAT	METHODS OF TREATING AND PREVENTING RSV, HMPV, AND PIV USING ANTI-RSV, ANTI-HMPV, AND ANTI-PIV ANTIBODIES
PP_0028MGX	PP_0028MGX.1	hmpv	DD266416	-:PAT	METHODS OF TREATING AND PREVENTING RSV, HMPV, AND PIV USING ANTI-RSV, ANTI-HMPV, AND ANTI-PIV ANTIBODIES
PP_0028MHU	PP_0028MHU.1	hmpv	DD266417	-:PAT	METHODS OF TREATING AND PREVENTING RSV, HMPV, AND PIV USING ANTI-RSV, ANTI-HMPV, AND ANTI-PIV ANTIBODIES
PP_0028MJS	PP_0028MJS.1	hmpv	DD353891	-:PAT	Assay for Detection of Human Metapneumovirus-Specific Antibodies
PP_0028MKQ	PP_0028MKQ.1	hmpv	DD353892	-:PAT	Assay for Detection of Human Metapneumovirus-Specific Antibodies
PP_0028MLN	PP_0028MLN.1	hmpv	DD353903	-:PAT	Assay for Detection of Human Metapneumovirus-Specific Antibodies
PP_0028MML	PP_0028MML.1	hmpv	DD353904	-:PAT	Assay for Detection of Human Metapneumovirus-Specific Antibodies
PP_0028MNJ	PP_0028MNJ.1	hmpv	DD353905	-:PAT	Assay for Detection of Human Metapneumovirus-Specific Antibodies
PP_0028MPG	PP_0028MPG.1	hmpv	DJ330018	-:PAT	RECOMBINANT HUMAN METAPNEUMOVIRUS AND ITS USE
PP_0028MQE	PP_0028MQE.1	hmpv	DJ330019	-:PAT	RECOMBINANT HUMAN METAPNEUMOVIRUS AND ITS USE
PP_0028MV4	PP_0028MV4.1	hmpv	DJ330040	-:PAT	RECOMBINANT HUMAN METAPNEUMOVIRUS AND ITS USE
PP_0028QXX	PP_0028QXX.1	hmpv	DM091203	-:PAT	RNAI THERAPEUTIC FOR RESPIRATORY VIRUS INFECTION
PP_0028QYV	PP_0028QYV.1	hmpv	DM091204	-:PAT	RNAI THERAPEUTIC FOR RESPIRATORY VIRUS INFECTION
PP_0028QZT	PP_0028QZT.1	hmpv	DM091205	-:PAT	RNAI THERAPEUTIC FOR RESPIRATORY VIRUS INFECTION
PP_0028R0R	PP_0028R0R.1	hmpv	DM091206	-:PAT	RNAI THERAPEUTIC FOR RESPIRATORY VIRUS INFECTION
PP_0028RB3	PP_0028RB3.1	hmpv	GN337549	-:PAT	Sequence 5 from Patent WO2009042794
PP_0028UJK	PP_0028UJK.1	hmpv	CQ840326	-:PAT	Sequence 11 from Patent WO2004057021
PP_0028UKH	PP_0028UKH.1	hmpv	CQ840327	-:PAT	Sequence 12 from Patent WO2004057021
PP_0028UMD	PP_0028UMD.1	hmpv	CQ840328	-:PAT	Sequence 13 from Patent WO2004057021
PP_0028UP9	PP_0028UP9.1	hmpv	CQ840329	-:PAT	Sequence 14 from Patent WO2004057021
PP_0028UQ7	PP_0028UQ7.1	hmpv	CQ840330	-:PAT	Sequence 15 from Patent WO2004057021
PP_0028UR5	PP_0028UR5.1	hmpv	CQ840331	-:PAT	Sequence 16 from Patent WO2004057021
PP_0028US3	PP_0028US3.1	hmpv	CQ840332	-:PAT	Sequence 17 from Patent WO2004057021
PP_0028UT1	PP_0028UT1.1	hmpv	CQ840333	-:PAT	Sequence 18 from Patent WO2004057021
PP_0028UUZ	PP_0028UUZ.1	hmpv	CQ840334	-:PAT	Sequence 19 from Patent WO2004057021
PP_0028UVX	PP_0028UVX.1	hmpv	CQ840335	-:PAT	Sequence 20 from Patent WO2004057021
PP_0028UWV	PP_0028UWV.1	hmpv	CQ840336	-:PAT	Sequence 21 from Patent WO2004057021
PP_0028UXT	PP_0028UXT.1	hmpv	CQ840337	-:PAT	Sequence 22 from Patent WO2004057021
PP_0028UYR	PP_0028UYR.1	hmpv	CQ840338	-:PAT	Sequence 23 from Patent WO2004057021
PP_0028UZP	PP_0028UZP.1	hmpv	CQ840339	-:PAT	Sequence 24 from Patent WO2004057021
PP_0028V0M	PP_0028V0M.1	hmpv	CQ840340	-:PAT	Sequence 25 from Patent WO2004057021
PP_0028V1K	PP_0028V1K.1	hmpv	CQ840341	-:PAT	Sequence 26 from Patent WO2004057021
PP_0028V2H	PP_0028V2H.1	hmpv	CQ840342	-:PAT	Sequence 27 from Patent WO2004057021
PP_0028V3F	PP_0028V3F.1	hmpv	CQ840343	-:PAT	Sequence 28 from Patent WO2004057021
PP_0028V4D	PP_0028V4D.1	hmpv	CQ840344	-:PAT	Sequence 29 from Patent WO2004057021
PP_0028V5B	PP_0028V5B.1	hmpv	CQ840345	-:PAT	Sequence 30 from Patent WO2004057021
PP_0028V69	PP_0028V69.1	hmpv	CQ840346	-:PAT	Sequence 31 from Patent WO2004057021
PP_0028V77	PP_0028V77.1	hmpv	CQ840347	-:PAT	Sequence 32 from Patent WO2004057021
PP_0028V85	PP_0028V85.1	hmpv	CQ840348	-:PAT	Sequence 33 from Patent WO2004057021
PP_0028V93	PP_0028V93.1	hmpv	CQ840349	-:PAT	Sequence 34 from Patent WO2004057021
PP_0028VA1	PP_0028VA1.1	hmpv	CQ840350	-:PAT	Sequence 35 from Patent WO2004057021
PP_0028VBZ	PP_0028VBZ.1	hmpv	CQ840351	-:PAT	Sequence 36 from Patent WO2004057021
PP_0028VCX	PP_0028VCX.1	hmpv	CQ840352	-:PAT	Sequence 37 from Patent WO2004057021
PP_0028VDV	PP_0028VDV.1	hmpv	CQ840353	-:PAT	Sequence 38 from Patent WO2004057021
PP_0028VET	PP_0028VET.1	hmpv	CQ840354	-:PAT	Sequence 39 from Patent WO2004057021
PP_0028VFR	PP_0028VFR.1	hmpv	CQ840355	-:PAT	Sequence 40 from Patent WO2004057021
PP_0028VGP	PP_0028VGP.1	hmpv	CQ840356	-:PAT	Sequence 41 from Patent WO2004057021
PP_0028VHL	PP_0028VHL.1	hmpv	CQ840357	-:PAT	Sequence 42 from Patent WO2004057021
PP_0028VJJ	PP_0028VJJ.1	hmpv	CQ840358	-:PAT	Sequence 43 from Patent WO2004057021
PP_0028VKG	PP_0028VKG.1	hmpv	CQ840359	-:PAT	Sequence 44 from Patent WO2004057021
PP_0028VLE	PP_0028VLE.1	hmpv	CQ840360	-:PAT	Sequence 45 from Patent WO2004057021
PP_0028VMC	PP_0028VMC.1	hmpv	CQ840361	-:PAT	Sequence 46 from Patent WO2004057021
PP_0028VNA	PP_0028VNA.1	hmpv	CQ840362	-:PAT	Sequence 47 from Patent WO2004057021
PP_0028VP8	PP_0028VP8.1	hmpv	CQ840363	-:PAT	Sequence 48 from Patent WO2004057021
PP_0028VQ6	PP_0028VQ6.1	hmpv	CQ840364	-:PAT	Sequence 49 from Patent WO2004057021
PP_0028VR4	PP_0028VR4.1	hmpv	CQ840365	-:PAT	Sequence 50 from Patent WO2004057021
PP_0028VS2	PP_0028VS2.1	hmpv	CQ840366	-:PAT	Sequence 51 from Patent WO2004057021
PP_0028VT0	PP_0028VT0.1	hmpv	CQ840367	-:PAT	Sequence 52 from Patent WO2004057021
PP_0028VUY	PP_0028VUY.1	hmpv	CQ840368	-:PAT	Sequence 53 from Patent WO2004057021
PP_0028VVW	PP_0028VVW.1	hmpv	CQ840369	-:PAT	Sequence 54 from Patent WO2004057021
PP_0028VXS	PP_0028VXS.1	hmpv	CQ840370	-:PAT	Sequence 55 from Patent WO2004057021
PP_0028VYQ	PP_0028VYQ.1	hmpv	CQ840371	-:PAT	Sequence 56 from Patent WO2004057021
PP_0028W0L	PP_0028W0L.1	hmpv	CQ840372	-:PAT	Sequence 57 from Patent WO2004057021
PP_0028W1J	PP_0028W1J.1	hmpv	CQ840373	-:PAT	Sequence 58 from Patent WO2004057021
PP_0028W3E	PP_0028W3E.1	hmpv	CQ840374	-:PAT	Sequence 59 from Patent WO2004057021
PP_0029GX3	PP_0029GX3.1	hmpv	FV537045	-:PAT	Modified Microbial Nucleic Acid
PP_002AADA	PP_002AADA.1	hmpv	CQ840323	-:PAT	Sequence 8 from Patent WO2004057021
PP_002ACJX	PP_002ACJX.1	hmpv	CQ840324	-:PAT	Sequence 9 from Patent WO2004057021
PP_002ACSF	PP_002ACSF.1	hmpv	CQ840325	-:PAT	Sequence 10 from Patent WO2004057021
PP_002ACV9	PP_002ACV9.1	hmpv	CQ840316	-:PAT	Sequence 1 from Patent WO2004057021
PP_002ACW7	PP_002ACW7.1	hmpv	CQ840317	-:PAT	Sequence 2 from Patent WO2004057021
PP_002ACX5	PP_002ACX5.1	hmpv	CQ840318	-:PAT	Sequence 3 from Patent WO2004057021
PP_002ACY3	PP_002ACY3.1	hmpv	CQ840319	-:PAT	Sequence 4 from Patent WO2004057021
PP_002ACZ1	PP_002ACZ1.1	hmpv	CQ840320	-:PAT	Sequence 5 from Patent WO2004057021
PP_002AD0Z	PP_002AD0Z.1	hmpv	CQ840321	-:PAT	Sequence 6 from Patent WO2004057021
PP_002AD1X	PP_002AD1X.1	hmpv	CQ840322	-:PAT	Sequence 7 from Patent WO2004057021
PP_002BNGQ	PP_002BNGQ.1	hmpv	FV537042	-:PAT	Modified Microbial Nucleic Acid
PP_002BNR5	PP_002BNR5.1	hmpv	FV537043	-:PAT	Modified Microbial Nucleic Acid
PP_002BRBX	PP_002BRBX.1	hmpv	FV537044	-:PAT	Modified Microbial Nucleic Acid
PP_002C4KZ	PP_002C4KZ.1	hmpv	HI373760	-:PAT	Sequence 29 from Patent EP2084185
PP_002C4LX	PP_002C4LX.1	hmpv	HI373762	-:PAT	Sequence 31 from Patent EP2084185
PP_002C4MV	PP_002C4MV.1	hmpv	HI373764	-:PAT	Sequence 33 from Patent EP2084185
PP_002C4NT	PP_002C4NT.1	hmpv	HI373766	-:PAT	Sequence 35 from Patent EP2084185
PP_002CHU2	PP_002CHU2.1	hmpv	HV856303	-:PAT	JP 2010505876-A/15: HUMAN ANTIBODIES NEUTRALIZING HUMAN METAPNEUMOVIRUS
PP_002CHV0	PP_002CHV0.1	hmpv	HV856304	-:PAT	JP 2010505876-A/16: HUMAN ANTIBODIES NEUTRALIZING HUMAN METAPNEUMOVIRUS
PP_002CHWY	PP_002CHWY.1	hmpv	HV856305	-:PAT	JP 2010505876-A/17: HUMAN ANTIBODIES NEUTRALIZING HUMAN METAPNEUMOVIRUS
PP_002CHXW	PP_002CHXW.1	hmpv	HV856306	-:PAT	JP 2010505876-A/18: HUMAN ANTIBODIES NEUTRALIZING HUMAN METAPNEUMOVIRUS
PP_002CHYU	PP_002CHYU.1	hmpv	HV986756	-:PAT	JP 2011250786-A/8: METAPNEUMOVIRUS STRAINS AND THEIR USE IN VACCINE FORMULATIONS AND AS VECTORS FOR EXPRESSION OF ANTIGENIC SEQUENCES AND METHODS FOR PROPAGATING VIRUS
PP_002CHZS	PP_002CHZS.1	hmpv	HV986757	-:PAT	JP 2011250786-A/9: METAPNEUMOVIRUS STRAINS AND THEIR USE IN VACCINE FORMULATIONS AND AS VECTORS FOR EXPRESSION OF ANTIGENIC SEQUENCES AND METHODS FOR PROPAGATING VIRUS
PP_002CJ0Q	PP_002CJ0Q.1	hmpv	HV986758	-:PAT	JP 2011250786-A/10: METAPNEUMOVIRUS STRAINS AND THEIR USE IN VACCINE FORMULATIONS AND AS VECTORS FOR EXPRESSION OF ANTIGENIC SEQUENCES AND METHODS FOR PROPAGATING VIRUS
PP_002CJ1N	PP_002CJ1N.1	hmpv	HV986759	-:PAT	JP 2011250786-A/11: METAPNEUMOVIRUS STRAINS AND THEIR USE IN VACCINE FORMULATIONS AND AS VECTORS FOR EXPRESSION OF ANTIGENIC SEQUENCES AND METHODS FOR PROPAGATING VIRUS
PP_002CJ2L	PP_002CJ2L.1	hmpv	HV986822	-:PAT	JP 2011250786-A/74: METAPNEUMOVIRUS STRAINS AND THEIR USE IN VACCINE FORMULATIONS AND AS VECTORS FOR EXPRESSION OF ANTIGENIC SEQUENCES AND METHODS FOR PROPAGATING VIRUS
PP_002CJ3J	PP_002CJ3J.1	hmpv	HV986823	-:PAT	JP 2011250786-A/75: METAPNEUMOVIRUS STRAINS AND THEIR USE IN VACCINE FORMULATIONS AND AS VECTORS FOR EXPRESSION OF ANTIGENIC SEQUENCES AND METHODS FOR PROPAGATING VIRUS
PP_002CJ4G	PP_002CJ4G.1	hmpv	HV986824	-:PAT	JP 2011250786-A/76: METAPNEUMOVIRUS STRAINS AND THEIR USE IN VACCINE FORMULATIONS AND AS VECTORS FOR EXPRESSION OF ANTIGENIC SEQUENCES AND METHODS FOR PROPAGATING VIRUS
PP_002CJ5E	PP_002CJ5E.1	hmpv	HV986825	-:PAT	JP 2011250786-A/77: METAPNEUMOVIRUS STRAINS AND THEIR USE IN VACCINE FORMULATIONS AND AS VECTORS FOR EXPRESSION OF ANTIGENIC SEQUENCES AND METHODS FOR PROPAGATING VIRUS
PP_002CJ6C	PP_002CJ6C.1	hmpv	HV986826	-:PAT	JP 2011250786-A/78: METAPNEUMOVIRUS STRAINS AND THEIR USE IN VACCINE FORMULATIONS AND AS VECTORS FOR EXPRESSION OF ANTIGENIC SEQUENCES AND METHODS FOR PROPAGATING VIRUS
PP_002CJ7A	PP_002CJ7A.1	hmpv	HV986827	-:PAT	JP 2011250786-A/79: METAPNEUMOVIRUS STRAINS AND THEIR USE IN VACCINE FORMULATIONS AND AS VECTORS FOR EXPRESSION OF ANTIGENIC SEQUENCES AND METHODS FOR PROPAGATING VIRUS
PP_002CJ88	PP_002CJ88.1	hmpv	HV986828	-:PAT	JP 2011250786-A/80: METAPNEUMOVIRUS STRAINS AND THEIR USE IN VACCINE FORMULATIONS AND AS VECTORS FOR EXPRESSION OF ANTIGENIC SEQUENCES AND METHODS FOR PROPAGATING VIRUS
PP_002CJ96	PP_002CJ96.1	hmpv	HV986829	-:PAT	JP 2011250786-A/81: METAPNEUMOVIRUS STRAINS AND THEIR USE IN VACCINE FORMULATIONS AND AS VECTORS FOR EXPRESSION OF ANTIGENIC SEQUENCES AND METHODS FOR PROPAGATING VIRUS
PP_002CJA4	PP_002CJA4.1	hmpv	HV986830	-:PAT	JP 2011250786-A/82: METAPNEUMOVIRUS STRAINS AND THEIR USE IN VACCINE FORMULATIONS AND AS VECTORS FOR EXPRESSION OF ANTIGENIC SEQUENCES AND METHODS FOR PROPAGATING VIRUS
PP_002CJB2	PP_002CJB2.1	hmpv	HV986831	-:PAT	JP 2011250786-A/83: METAPNEUMOVIRUS STRAINS AND THEIR USE IN VACCINE FORMULATIONS AND AS VECTORS FOR EXPRESSION OF ANTIGENIC SEQUENCES AND METHODS FOR PROPAGATING VIRUS
PP_002CJC0	PP_002CJC0.1	hmpv	HV986832	-:PAT	JP 2011250786-A/84: METAPNEUMOVIRUS STRAINS AND THEIR USE IN VACCINE FORMULATIONS AND AS VECTORS FOR EXPRESSION OF ANTIGENIC SEQUENCES AND METHODS FOR PROPAGATING VIRUS
PP_002CJDY	PP_002CJDY.1	hmpv	HV986833	-:PAT	JP 2011250786-A/85: METAPNEUMOVIRUS STRAINS AND THEIR USE IN VACCINE FORMULATIONS AND AS VECTORS FOR EXPRESSION OF ANTIGENIC SEQUENCES AND METHODS FOR PROPAGATING VIRUS
PP_002CJEW	PP_002CJEW.1	hmpv	HV986834	-:PAT	JP 2011250786-A/86: METAPNEUMOVIRUS STRAINS AND THEIR USE IN VACCINE FORMULATIONS AND AS VECTORS FOR EXPRESSION OF ANTIGENIC SEQUENCES AND METHODS FOR PROPAGATING VIRUS
PP_002CJFU	PP_002CJFU.1	hmpv	HV986835	-:PAT	JP 2011250786-A/87: METAPNEUMOVIRUS STRAINS AND THEIR USE IN VACCINE FORMULATIONS AND AS VECTORS FOR EXPRESSION OF ANTIGENIC SEQUENCES AND METHODS FOR PROPAGATING VIRUS
PP_002CJGS	PP_002CJGS.1	hmpv	HV986836	-:PAT	JP 2011250786-A/88: METAPNEUMOVIRUS STRAINS AND THEIR USE IN VACCINE FORMULATIONS AND AS VECTORS FOR EXPRESSION OF ANTIGENIC SEQUENCES AND METHODS FOR PROPAGATING VIRUS
PP_002CJHP	PP_002CJHP.1	hmpv	HV986837	-:PAT	JP 2011250786-A/89: METAPNEUMOVIRUS STRAINS AND THEIR USE IN VACCINE FORMULATIONS AND AS VECTORS FOR EXPRESSION OF ANTIGENIC SEQUENCES AND METHODS FOR PROPAGATING VIRUS
PP_002CJJM	PP_002CJJM.1	hmpv	HV986838	-:PAT	JP 2011250786-A/90: METAPNEUMOVIRUS STRAINS AND THEIR USE IN VACCINE FORMULATIONS AND AS VECTORS FOR EXPRESSION OF ANTIGENIC SEQUENCES AND METHODS FOR PROPAGATING VIRUS
PP_002CJKK	PP_002CJKK.1	hmpv	HV986839	-:PAT	JP 2011250786-A/91: METAPNEUMOVIRUS STRAINS AND THEIR USE IN VACCINE FORMULATIONS AND AS VECTORS FOR EXPRESSION OF ANTIGENIC SEQUENCES AND METHODS FOR PROPAGATING VIRUS
PP_002CJLH	PP_002CJLH.1	hmpv	HV986840	-:PAT	JP 2011250786-A/92: METAPNEUMOVIRUS STRAINS AND THEIR USE IN VACCINE FORMULATIONS AND AS VECTORS FOR EXPRESSION OF ANTIGENIC SEQUENCES AND METHODS FOR PROPAGATING VIRUS
PP_002CJMF	PP_002CJMF.1	hmpv	HV986841	-:PAT	JP 2011250786-A/93: METAPNEUMOVIRUS STRAINS AND THEIR USE IN VACCINE FORMULATIONS AND AS VECTORS FOR EXPRESSION OF ANTIGENIC SEQUENCES AND METHODS FOR PROPAGATING VIRUS
PP_002CJND	PP_002CJND.1	hmpv	HV986842	-:PAT	JP 2011250786-A/94: METAPNEUMOVIRUS STRAINS AND THEIR USE IN VACCINE FORMULATIONS AND AS VECTORS FOR EXPRESSION OF ANTIGENIC SEQUENCES AND METHODS FOR PROPAGATING VIRUS
PP_002CJPB	PP_002CJPB.1	hmpv	HV986843	-:PAT	JP 2011250786-A/95: METAPNEUMOVIRUS STRAINS AND THEIR USE IN VACCINE FORMULATIONS AND AS VECTORS FOR EXPRESSION OF ANTIGENIC SEQUENCES AND METHODS FOR PROPAGATING VIRUS
PP_002CJQ9	PP_002CJQ9.1	hmpv	HV986844	-:PAT	JP 2011250786-A/96: METAPNEUMOVIRUS STRAINS AND THEIR USE IN VACCINE FORMULATIONS AND AS VECTORS FOR EXPRESSION OF ANTIGENIC SEQUENCES AND METHODS FOR PROPAGATING VIRUS
PP_002CJR7	PP_002CJR7.1	hmpv	HV986845	-:PAT	JP 2011250786-A/97: METAPNEUMOVIRUS STRAINS AND THEIR USE IN VACCINE FORMULATIONS AND AS VECTORS FOR EXPRESSION OF ANTIGENIC SEQUENCES AND METHODS FOR PROPAGATING VIRUS
PP_002CJS5	PP_002CJS5.1	hmpv	HV986846	-:PAT	JP 2011250786-A/98: METAPNEUMOVIRUS STRAINS AND THEIR USE IN VACCINE FORMULATIONS AND AS VECTORS FOR EXPRESSION OF ANTIGENIC SEQUENCES AND METHODS FOR PROPAGATING VIRUS
PP_002CJT3	PP_002CJT3.1	hmpv	HV986847	-:PAT	JP 2011250786-A/99: METAPNEUMOVIRUS STRAINS AND THEIR USE IN VACCINE FORMULATIONS AND AS VECTORS FOR EXPRESSION OF ANTIGENIC SEQUENCES AND METHODS FOR PROPAGATING VIRUS
PP_002CJU1	PP_002CJU1.1	hmpv	HV986848	-:PAT	JP 2011250786-A/100: METAPNEUMOVIRUS STRAINS AND THEIR USE IN VACCINE FORMULATIONS AND AS VECTORS FOR EXPRESSION OF ANTIGENIC SEQUENCES AND METHODS FOR PROPAGATING VIRUS
PP_002CJVZ	PP_002CJVZ.1	hmpv	HV986849	-:PAT	JP 2011250786-A/101: METAPNEUMOVIRUS STRAINS AND THEIR USE IN VACCINE FORMULATIONS AND AS VECTORS FOR EXPRESSION OF ANTIGENIC SEQUENCES AND METHODS FOR PROPAGATING VIRUS
PP_002CJWX	PP_002CJWX.1	hmpv	HV986850	-:PAT	JP 2011250786-A/102: METAPNEUMOVIRUS STRAINS AND THEIR USE IN VACCINE FORMULATIONS AND AS VECTORS FOR EXPRESSION OF ANTIGENIC SEQUENCES AND METHODS FOR PROPAGATING VIRUS
PP_002CJXV	PP_002CJXV.1	hmpv	HV986851	-:PAT	JP 2011250786-A/103: METAPNEUMOVIRUS STRAINS AND THEIR USE IN VACCINE FORMULATIONS AND AS VECTORS FOR EXPRESSION OF ANTIGENIC SEQUENCES AND METHODS FOR PROPAGATING VIRUS
PP_002CJYT	PP_002CJYT.1	hmpv	HV986852	-:PAT	JP 2011250786-A/104: METAPNEUMOVIRUS STRAINS AND THEIR USE IN VACCINE FORMULATIONS AND AS VECTORS FOR EXPRESSION OF ANTIGENIC SEQUENCES AND METHODS FOR PROPAGATING VIRUS
PP_002CJZR	PP_002CJZR.1	hmpv	HV986853	-:PAT	JP 2011250786-A/105: METAPNEUMOVIRUS STRAINS AND THEIR USE IN VACCINE FORMULATIONS AND AS VECTORS FOR EXPRESSION OF ANTIGENIC SEQUENCES AND METHODS FOR PROPAGATING VIRUS
PP_002CK0P	PP_002CK0P.1	hmpv	HV986854	-:PAT	JP 2011250786-A/106: METAPNEUMOVIRUS STRAINS AND THEIR USE IN VACCINE FORMULATIONS AND AS VECTORS FOR EXPRESSION OF ANTIGENIC SEQUENCES AND METHODS FOR PROPAGATING VIRUS
PP_002CK1M	PP_002CK1M.1	hmpv	HV986855	-:PAT	JP 2011250786-A/107: METAPNEUMOVIRUS STRAINS AND THEIR USE IN VACCINE FORMULATIONS AND AS VECTORS FOR EXPRESSION OF ANTIGENIC SEQUENCES AND METHODS FOR PROPAGATING VIRUS
PP_002CK2K	PP_002CK2K.1	hmpv	HV986856	-:PAT	JP 2011250786-A/108: METAPNEUMOVIRUS STRAINS AND THEIR USE IN VACCINE FORMULATIONS AND AS VECTORS FOR EXPRESSION OF ANTIGENIC SEQUENCES AND METHODS FOR PROPAGATING VIRUS
PP_002CK3H	PP_002CK3H.1	hmpv	HV986857	-:PAT	JP 2011250786-A/109: METAPNEUMOVIRUS STRAINS AND THEIR USE IN VACCINE FORMULATIONS AND AS VECTORS FOR EXPRESSION OF ANTIGENIC SEQUENCES AND METHODS FOR PROPAGATING VIRUS
PP_002CK4F	PP_002CK4F.1	hmpv	HV986858	-:PAT	JP 2011250786-A/110: METAPNEUMOVIRUS STRAINS AND THEIR USE IN VACCINE FORMULATIONS AND AS VECTORS FOR EXPRESSION OF ANTIGENIC SEQUENCES AND METHODS FOR PROPAGATING VIRUS
PP_002CK5D	PP_002CK5D.1	hmpv	HV986859	-:PAT	JP 2011250786-A/111: METAPNEUMOVIRUS STRAINS AND THEIR USE IN VACCINE FORMULATIONS AND AS VECTORS FOR EXPRESSION OF ANTIGENIC SEQUENCES AND METHODS FOR PROPAGATING VIRUS
PP_002CK6B	PP_002CK6B.1	hmpv	HV986860	-:PAT	JP 2011250786-A/112: METAPNEUMOVIRUS STRAINS AND THEIR USE IN VACCINE FORMULATIONS AND AS VECTORS FOR EXPRESSION OF ANTIGENIC SEQUENCES AND METHODS FOR PROPAGATING VIRUS
PP_002CK79	PP_002CK79.1	hmpv	HV986861	-:PAT	JP 2011250786-A/113: METAPNEUMOVIRUS STRAINS AND THEIR USE IN VACCINE FORMULATIONS AND AS VECTORS FOR EXPRESSION OF ANTIGENIC SEQUENCES AND METHODS FOR PROPAGATING VIRUS
PP_002CK87	PP_002CK87.1	hmpv	HV986862	-:PAT	JP 2011250786-A/114: METAPNEUMOVIRUS STRAINS AND THEIR USE IN VACCINE FORMULATIONS AND AS VECTORS FOR EXPRESSION OF ANTIGENIC SEQUENCES AND METHODS FOR PROPAGATING VIRUS
PP_002CK95	PP_002CK95.1	hmpv	HV986863	-:PAT	JP 2011250786-A/115: METAPNEUMOVIRUS STRAINS AND THEIR USE IN VACCINE FORMULATIONS AND AS VECTORS FOR EXPRESSION OF ANTIGENIC SEQUENCES AND METHODS FOR PROPAGATING VIRUS
PP_002CKA3	PP_002CKA3.1	hmpv	HV986864	-:PAT	JP 2011250786-A/116: METAPNEUMOVIRUS STRAINS AND THEIR USE IN VACCINE FORMULATIONS AND AS VECTORS FOR EXPRESSION OF ANTIGENIC SEQUENCES AND METHODS FOR PROPAGATING VIRUS
PP_002CKB1	PP_002CKB1.1	hmpv	HV986865	-:PAT	JP 2011250786-A/117: METAPNEUMOVIRUS STRAINS AND THEIR USE IN VACCINE FORMULATIONS AND AS VECTORS FOR EXPRESSION OF ANTIGENIC SEQUENCES AND METHODS FOR PROPAGATING VIRUS
PP_002CKCZ	PP_002CKCZ.1	hmpv	HV986866	-:PAT	JP 2011250786-A/118: METAPNEUMOVIRUS STRAINS AND THEIR USE IN VACCINE FORMULATIONS AND AS VECTORS FOR EXPRESSION OF ANTIGENIC SEQUENCES AND METHODS FOR PROPAGATING VIRUS
PP_002CKDX	PP_002CKDX.1	hmpv	HV986867	-:PAT	JP 2011250786-A/119: METAPNEUMOVIRUS STRAINS AND THEIR USE IN VACCINE FORMULATIONS AND AS VECTORS FOR EXPRESSION OF ANTIGENIC SEQUENCES AND METHODS FOR PROPAGATING VIRUS
PP_002CKEV	PP_002CKEV.1	hmpv	HV986868	-:PAT	JP 2011250786-A/120: METAPNEUMOVIRUS STRAINS AND THEIR USE IN VACCINE FORMULATIONS AND AS VECTORS FOR EXPRESSION OF ANTIGENIC SEQUENCES AND METHODS FOR PROPAGATING VIRUS
PP_002CKFT	PP_002CKFT.1	hmpv	HV986869	-:PAT	JP 2011250786-A/121: METAPNEUMOVIRUS STRAINS AND THEIR USE IN VACCINE FORMULATIONS AND AS VECTORS FOR EXPRESSION OF ANTIGENIC SEQUENCES AND METHODS FOR PROPAGATING VIRUS
PP_002CKGR	PP_002CKGR.1	hmpv	HV986870	-:PAT	JP 2011250786-A/122: METAPNEUMOVIRUS STRAINS AND THEIR USE IN VACCINE FORMULATIONS AND AS VECTORS FOR EXPRESSION OF ANTIGENIC SEQUENCES AND METHODS FOR PROPAGATING VIRUS
PP_002CKHN	PP_002CKHN.1	hmpv	HV986871	-:PAT	JP 2011250786-A/123: METAPNEUMOVIRUS STRAINS AND THEIR USE IN VACCINE FORMULATIONS AND AS VECTORS FOR EXPRESSION OF ANTIGENIC SEQUENCES AND METHODS FOR PROPAGATING VIRUS
PP_002CKJL	PP_002CKJL.1	hmpv	HV986872	-:PAT	JP 2011250786-A/124: METAPNEUMOVIRUS STRAINS AND THEIR USE IN VACCINE FORMULATIONS AND AS VECTORS FOR EXPRESSION OF ANTIGENIC SEQUENCES AND METHODS FOR PROPAGATING VIRUS
PP_002CKKJ	PP_002CKKJ.1	hmpv	HV986873	-:PAT	JP 2011250786-A/125: METAPNEUMOVIRUS STRAINS AND THEIR USE IN VACCINE FORMULATIONS AND AS VECTORS FOR EXPRESSION OF ANTIGENIC SEQUENCES AND METHODS FOR PROPAGATING VIRUS
PP_002CKLG	PP_002CKLG.1	hmpv	HV986874	-:PAT	JP 2011250786-A/126: METAPNEUMOVIRUS STRAINS AND THEIR USE IN VACCINE FORMULATIONS AND AS VECTORS FOR EXPRESSION OF ANTIGENIC SEQUENCES AND METHODS FOR PROPAGATING VIRUS
PP_002CKME	PP_002CKME.1	hmpv	HV986875	-:PAT	JP 2011250786-A/127: METAPNEUMOVIRUS STRAINS AND THEIR USE IN VACCINE FORMULATIONS AND AS VECTORS FOR EXPRESSION OF ANTIGENIC SEQUENCES AND METHODS FOR PROPAGATING VIRUS
PP_002CKNC	PP_002CKNC.1	hmpv	HV986876	-:PAT	JP 2011250786-A/128: METAPNEUMOVIRUS STRAINS AND THEIR USE IN VACCINE FORMULATIONS AND AS VECTORS FOR EXPRESSION OF ANTIGENIC SEQUENCES AND METHODS FOR PROPAGATING VIRUS
PP_002CKPA	PP_002CKPA.1	hmpv	HV986877	-:PAT	JP 2011250786-A/129: METAPNEUMOVIRUS STRAINS AND THEIR USE IN VACCINE FORMULATIONS AND AS VECTORS FOR EXPRESSION OF ANTIGENIC SEQUENCES AND METHODS FOR PROPAGATING VIRUS
PP_002CKQ8	PP_002CKQ8.1	hmpv	HV986878	-:PAT	JP 2011250786-A/130: METAPNEUMOVIRUS STRAINS AND THEIR USE IN VACCINE FORMULATIONS AND AS VECTORS FOR EXPRESSION OF ANTIGENIC SEQUENCES AND METHODS FOR PROPAGATING VIRUS
PP_002CKR6	PP_002CKR6.1	hmpv	HV986879	-:PAT	JP 2011250786-A/131: METAPNEUMOVIRUS STRAINS AND THEIR USE IN VACCINE FORMULATIONS AND AS VECTORS FOR EXPRESSION OF ANTIGENIC SEQUENCES AND METHODS FOR PROPAGATING VIRUS
PP_002CKS4	PP_002CKS4.1	hmpv	HV986880	-:PAT	JP 2011250786-A/132: METAPNEUMOVIRUS STRAINS AND THEIR USE IN VACCINE FORMULATIONS AND AS VECTORS FOR EXPRESSION OF ANTIGENIC SEQUENCES AND METHODS FOR PROPAGATING VIRUS
PP_002CKT2	PP_002CKT2.1	hmpv	HV986881	-:PAT	JP 2011250786-A/133: METAPNEUMOVIRUS STRAINS AND THEIR USE IN VACCINE FORMULATIONS AND AS VECTORS FOR EXPRESSION OF ANTIGENIC SEQUENCES AND METHODS FOR PROPAGATING VIRUS
PP_002CKU0	PP_002CKU0.1	hmpv	HV986882	-:PAT	JP 2011250786-A/134: METAPNEUMOVIRUS STRAINS AND THEIR USE IN VACCINE FORMULATIONS AND AS VECTORS FOR EXPRESSION OF ANTIGENIC SEQUENCES AND METHODS FOR PROPAGATING VIRUS
PP_002CKVY	PP_002CKVY.1	hmpv	HV986883	-:PAT	JP 2011250786-A/135: METAPNEUMOVIRUS STRAINS AND THEIR USE IN VACCINE FORMULATIONS AND AS VECTORS FOR EXPRESSION OF ANTIGENIC SEQUENCES AND METHODS FOR PROPAGATING VIRUS
PP_002CKWW	PP_002CKWW.1	hmpv	HV986884	-:PAT	JP 2011250786-A/136: METAPNEUMOVIRUS STRAINS AND THEIR USE IN VACCINE FORMULATIONS AND AS VECTORS FOR EXPRESSION OF ANTIGENIC SEQUENCES AND METHODS FOR PROPAGATING VIRUS
PP_002CKXU	PP_002CKXU.1	hmpv	HV986885	-:PAT	JP 2011250786-A/137: METAPNEUMOVIRUS STRAINS AND THEIR USE IN VACCINE FORMULATIONS AND AS VECTORS FOR EXPRESSION OF ANTIGENIC SEQUENCES AND METHODS FOR PROPAGATING VIRUS
PP_002CKYS	PP_002CKYS.1	hmpv	HV986886	-:PAT	JP 2011250786-A/138: METAPNEUMOVIRUS STRAINS AND THEIR USE IN VACCINE FORMULATIONS AND AS VECTORS FOR EXPRESSION OF ANTIGENIC SEQUENCES AND METHODS FOR PROPAGATING VIRUS
PP_002CKZQ	PP_002CKZQ.1	hmpv	HV986887	-:PAT	JP 2011250786-A/139: METAPNEUMOVIRUS STRAINS AND THEIR USE IN VACCINE FORMULATIONS AND AS VECTORS FOR EXPRESSION OF ANTIGENIC SEQUENCES AND METHODS FOR PROPAGATING VIRUS
PP_002CL0N	PP_002CL0N.1	hmpv	HV986888	-:PAT	JP 2011250786-A/140: METAPNEUMOVIRUS STRAINS AND THEIR USE IN VACCINE FORMULATIONS AND AS VECTORS FOR EXPRESSION OF ANTIGENIC SEQUENCES AND METHODS FOR PROPAGATING VIRUS
PP_002CL1L	PP_002CL1L.1	hmpv	HV986889	-:PAT	JP 2011250786-A/141: METAPNEUMOVIRUS STRAINS AND THEIR USE IN VACCINE FORMULATIONS AND AS VECTORS FOR EXPRESSION OF ANTIGENIC SEQUENCES AND METHODS FOR PROPAGATING VIRUS
PP_002CL2J	PP_002CL2J.1	hmpv	HV986890	-:PAT	JP 2011250786-A/142: METAPNEUMOVIRUS STRAINS AND THEIR USE IN VACCINE FORMULATIONS AND AS VECTORS FOR EXPRESSION OF ANTIGENIC SEQUENCES AND METHODS FOR PROPAGATING VIRUS
PP_002CL3G	PP_002CL3G.1	hmpv	HV986891	-:PAT	JP 2011250786-A/143: METAPNEUMOVIRUS STRAINS AND THEIR USE IN VACCINE FORMULATIONS AND AS VECTORS FOR EXPRESSION OF ANTIGENIC SEQUENCES AND METHODS FOR PROPAGATING VIRUS
PP_002CL4E	PP_002CL4E.1	hmpv	HV986892	-:PAT	JP 2011250786-A/144: METAPNEUMOVIRUS STRAINS AND THEIR USE IN VACCINE FORMULATIONS AND AS VECTORS FOR EXPRESSION OF ANTIGENIC SEQUENCES AND METHODS FOR PROPAGATING VIRUS
PP_002CL5C	PP_002CL5C.1	hmpv	HV986893	-:PAT	JP 2011250786-A/145: METAPNEUMOVIRUS STRAINS AND THEIR USE IN VACCINE FORMULATIONS AND AS VECTORS FOR EXPRESSION OF ANTIGENIC SEQUENCES AND METHODS FOR PROPAGATING VIRUS
PP_002CL6A	PP_002CL6A.1	hmpv	HV986894	-:PAT	JP 2011250786-A/146: METAPNEUMOVIRUS STRAINS AND THEIR USE IN VACCINE FORMULATIONS AND AS VECTORS FOR EXPRESSION OF ANTIGENIC SEQUENCES AND METHODS FOR PROPAGATING VIRUS
PP_002CL78	PP_002CL78.1	hmpv	HV986895	-:PAT	JP 2011250786-A/147: METAPNEUMOVIRUS STRAINS AND THEIR USE IN VACCINE FORMULATIONS AND AS VECTORS FOR EXPRESSION OF ANTIGENIC SEQUENCES AND METHODS FOR PROPAGATING VIRUS
PP_002CL86	PP_002CL86.1	hmpv	HV986896	-:PAT	JP 2011250786-A/148: METAPNEUMOVIRUS STRAINS AND THEIR USE IN VACCINE FORMULATIONS AND AS VECTORS FOR EXPRESSION OF ANTIGENIC SEQUENCES AND METHODS FOR PROPAGATING VIRUS
PP_002CL94	PP_002CL94.1	hmpv	HV986897	-:PAT	JP 2011250786-A/149: METAPNEUMOVIRUS STRAINS AND THEIR USE IN VACCINE FORMULATIONS AND AS VECTORS FOR EXPRESSION OF ANTIGENIC SEQUENCES AND METHODS FOR PROPAGATING VIRUS
PP_002CLA2	PP_002CLA2.1	hmpv	HV986898	-:PAT	JP 2011250786-A/150: METAPNEUMOVIRUS STRAINS AND THEIR USE IN VACCINE FORMULATIONS AND AS VECTORS FOR EXPRESSION OF ANTIGENIC SEQUENCES AND METHODS FOR PROPAGATING VIRUS
PP_002CLB0	PP_002CLB0.1	hmpv	HV986899	-:PAT	JP 2011250786-A/151: METAPNEUMOVIRUS STRAINS AND THEIR USE IN VACCINE FORMULATIONS AND AS VECTORS FOR EXPRESSION OF ANTIGENIC SEQUENCES AND METHODS FOR PROPAGATING VIRUS
PP_002CLCY	PP_002CLCY.1	hmpv	HV986900	-:PAT	JP 2011250786-A/152: METAPNEUMOVIRUS STRAINS AND THEIR USE IN VACCINE FORMULATIONS AND AS VECTORS FOR EXPRESSION OF ANTIGENIC SEQUENCES AND METHODS FOR PROPAGATING VIRUS
PP_002CLDW	PP_002CLDW.1	hmpv	HV986901	-:PAT	JP 2011250786-A/153: METAPNEUMOVIRUS STRAINS AND THEIR USE IN VACCINE FORMULATIONS AND AS VECTORS FOR EXPRESSION OF ANTIGENIC SEQUENCES AND METHODS FOR PROPAGATING VIRUS
PP_002CLEU	PP_002CLEU.1	hmpv	HV986902	-:PAT	JP 2011250786-A/154: METAPNEUMOVIRUS STRAINS AND THEIR USE IN VACCINE FORMULATIONS AND AS VECTORS FOR EXPRESSION OF ANTIGENIC SEQUENCES AND METHODS FOR PROPAGATING VIRUS
PP_002CLFS	PP_002CLFS.1	hmpv	HV986903	-:PAT	JP 2011250786-A/155: METAPNEUMOVIRUS STRAINS AND THEIR USE IN VACCINE FORMULATIONS AND AS VECTORS FOR EXPRESSION OF ANTIGENIC SEQUENCES AND METHODS FOR PROPAGATING VIRUS
PP_002CLGQ	PP_002CLGQ.1	hmpv	HV986904	-:PAT	JP 2011250786-A/156: METAPNEUMOVIRUS STRAINS AND THEIR USE IN VACCINE FORMULATIONS AND AS VECTORS FOR EXPRESSION OF ANTIGENIC SEQUENCES AND METHODS FOR PROPAGATING VIRUS
PP_002CLHM	PP_002CLHM.1	hmpv	HV986905	-:PAT	JP 2011250786-A/157: METAPNEUMOVIRUS STRAINS AND THEIR USE IN VACCINE FORMULATIONS AND AS VECTORS FOR EXPRESSION OF ANTIGENIC SEQUENCES AND METHODS FOR PROPAGATING VIRUS
PP_002CLJK	PP_002CLJK.1	hmpv	HV986906	-:PAT	JP 2011250786-A/158: METAPNEUMOVIRUS STRAINS AND THEIR USE IN VACCINE FORMULATIONS AND AS VECTORS FOR EXPRESSION OF ANTIGENIC SEQUENCES AND METHODS FOR PROPAGATING VIRUS
PP_002CLKH	PP_002CLKH.1	hmpv	HV986907	-:PAT	JP 2011250786-A/159: METAPNEUMOVIRUS STRAINS AND THEIR USE IN VACCINE FORMULATIONS AND AS VECTORS FOR EXPRESSION OF ANTIGENIC SEQUENCES AND METHODS FOR PROPAGATING VIRUS
PP_002CLLF	PP_002CLLF.1	hmpv	HV986908	-:PAT	JP 2011250786-A/160: METAPNEUMOVIRUS STRAINS AND THEIR USE IN VACCINE FORMULATIONS AND AS VECTORS FOR EXPRESSION OF ANTIGENIC SEQUENCES AND METHODS FOR PROPAGATING VIRUS
PP_002CLMD	PP_002CLMD.1	hmpv	HV986909	-:PAT	JP 2011250786-A/161: METAPNEUMOVIRUS STRAINS AND THEIR USE IN VACCINE FORMULATIONS AND AS VECTORS FOR EXPRESSION OF ANTIGENIC SEQUENCES AND METHODS FOR PROPAGATING VIRUS
PP_002CLNB	PP_002CLNB.1	hmpv	HV986910	-:PAT	JP 2011250786-A/162: METAPNEUMOVIRUS STRAINS AND THEIR USE IN VACCINE FORMULATIONS AND AS VECTORS FOR EXPRESSION OF ANTIGENIC SEQUENCES AND METHODS FOR PROPAGATING VIRUS
PP_002CLP9	PP_002CLP9.1	hmpv	HV986911	-:PAT	JP 2011250786-A/163: METAPNEUMOVIRUS STRAINS AND THEIR USE IN VACCINE FORMULATIONS AND AS VECTORS FOR EXPRESSION OF ANTIGENIC SEQUENCES AND METHODS FOR PROPAGATING VIRUS
PP_002CLQ7	PP_002CLQ7.1	hmpv	HV986912	-:PAT	JP 2011250786-A/164: METAPNEUMOVIRUS STRAINS AND THEIR USE IN VACCINE FORMULATIONS AND AS VECTORS FOR EXPRESSION OF ANTIGENIC SEQUENCES AND METHODS FOR PROPAGATING VIRUS
PP_002CLR5	PP_002CLR5.1	hmpv	HV986913	-:PAT	JP 2011250786-A/165: METAPNEUMOVIRUS STRAINS AND THEIR USE IN VACCINE FORMULATIONS AND AS VECTORS FOR EXPRESSION OF ANTIGENIC SEQUENCES AND METHODS FOR PROPAGATING VIRUS
PP_002CLS3	PP_002CLS3.1	hmpv	HV986914	-:PAT	JP 2011250786-A/166: METAPNEUMOVIRUS STRAINS AND THEIR USE IN VACCINE FORMULATIONS AND AS VECTORS FOR EXPRESSION OF ANTIGENIC SEQUENCES AND METHODS FOR PROPAGATING VIRUS
PP_002CLT1	PP_002CLT1.1	hmpv	HV986915	-:PAT	JP 2011250786-A/167: METAPNEUMOVIRUS STRAINS AND THEIR USE IN VACCINE FORMULATIONS AND AS VECTORS FOR EXPRESSION OF ANTIGENIC SEQUENCES AND METHODS FOR PROPAGATING VIRUS
PP_002CLUZ	PP_002CLUZ.1	hmpv	HV986916	-:PAT	JP 2011250786-A/168: METAPNEUMOVIRUS STRAINS AND THEIR USE IN VACCINE FORMULATIONS AND AS VECTORS FOR EXPRESSION OF ANTIGENIC SEQUENCES AND METHODS FOR PROPAGATING VIRUS
PP_002CLVX	PP_002CLVX.1	hmpv	HV986917	-:PAT	JP 2011250786-A/169: METAPNEUMOVIRUS STRAINS AND THEIR USE IN VACCINE FORMULATIONS AND AS VECTORS FOR EXPRESSION OF ANTIGENIC SEQUENCES AND METHODS FOR PROPAGATING VIRUS
PP_002CLWV	PP_002CLWV.1	hmpv	HV986918	-:PAT	JP 2011250786-A/170: METAPNEUMOVIRUS STRAINS AND THEIR USE IN VACCINE FORMULATIONS AND AS VECTORS FOR EXPRESSION OF ANTIGENIC SEQUENCES AND METHODS FOR PROPAGATING VIRUS
PP_002CLXT	PP_002CLXT.1	hmpv	HV986919	-:PAT	JP 2011250786-A/171: METAPNEUMOVIRUS STRAINS AND THEIR USE IN VACCINE FORMULATIONS AND AS VECTORS FOR EXPRESSION OF ANTIGENIC SEQUENCES AND METHODS FOR PROPAGATING VIRUS
PP_002CLYR	PP_002CLYR.1	hmpv	HV986920	-:PAT	JP 2011250786-A/172: METAPNEUMOVIRUS STRAINS AND THEIR USE IN VACCINE FORMULATIONS AND AS VECTORS FOR EXPRESSION OF ANTIGENIC SEQUENCES AND METHODS FOR PROPAGATING VIRUS
PP_002CLZP	PP_002CLZP.1	hmpv	HV986921	-:PAT	JP 2011250786-A/173: METAPNEUMOVIRUS STRAINS AND THEIR USE IN VACCINE FORMULATIONS AND AS VECTORS FOR EXPRESSION OF ANTIGENIC SEQUENCES AND METHODS FOR PROPAGATING VIRUS
PP_002CM0M	PP_002CM0M.1	hmpv	HV986922	-:PAT	JP 2011250786-A/174: METAPNEUMOVIRUS STRAINS AND THEIR USE IN VACCINE FORMULATIONS AND AS VECTORS FOR EXPRESSION OF ANTIGENIC SEQUENCES AND METHODS FOR PROPAGATING VIRUS
PP_002CM1K	PP_002CM1K.1	hmpv	HV986923	-:PAT	JP 2011250786-A/175: METAPNEUMOVIRUS STRAINS AND THEIR USE IN VACCINE FORMULATIONS AND AS VECTORS FOR EXPRESSION OF ANTIGENIC SEQUENCES AND METHODS FOR PROPAGATING VIRUS
PP_002CM2H	PP_002CM2H.1	hmpv	HV986924	-:PAT	JP 2011250786-A/176: METAPNEUMOVIRUS STRAINS AND THEIR USE IN VACCINE FORMULATIONS AND AS VECTORS FOR EXPRESSION OF ANTIGENIC SEQUENCES AND METHODS FOR PROPAGATING VIRUS
PP_002CM3F	PP_002CM3F.1	hmpv	HV986925	-:PAT	JP 2011250786-A/177: METAPNEUMOVIRUS STRAINS AND THEIR USE IN VACCINE FORMULATIONS AND AS VECTORS FOR EXPRESSION OF ANTIGENIC SEQUENCES AND METHODS FOR PROPAGATING VIRUS
PP_002CM4D	PP_002CM4D.1	hmpv	HV986926	-:PAT	JP 2011250786-A/178: METAPNEUMOVIRUS STRAINS AND THEIR USE IN VACCINE FORMULATIONS AND AS VECTORS FOR EXPRESSION OF ANTIGENIC SEQUENCES AND METHODS FOR PROPAGATING VIRUS
PP_002CM5B	PP_002CM5B.1	hmpv	HV986927	-:PAT	JP 2011250786-A/179: METAPNEUMOVIRUS STRAINS AND THEIR USE IN VACCINE FORMULATIONS AND AS VECTORS FOR EXPRESSION OF ANTIGENIC SEQUENCES AND METHODS FOR PROPAGATING VIRUS
PP_002CM69	PP_002CM69.1	hmpv	HV986928	-:PAT	JP 2011250786-A/180: METAPNEUMOVIRUS STRAINS AND THEIR USE IN VACCINE FORMULATIONS AND AS VECTORS FOR EXPRESSION OF ANTIGENIC SEQUENCES AND METHODS FOR PROPAGATING VIRUS
PP_002CM77	PP_002CM77.1	hmpv	HV986929	-:PAT	JP 2011250786-A/181: METAPNEUMOVIRUS STRAINS AND THEIR USE IN VACCINE FORMULATIONS AND AS VECTORS FOR EXPRESSION OF ANTIGENIC SEQUENCES AND METHODS FOR PROPAGATING VIRUS
PP_002CM85	PP_002CM85.1	hmpv	HV986930	-:PAT	JP 2011250786-A/182: METAPNEUMOVIRUS STRAINS AND THEIR USE IN VACCINE FORMULATIONS AND AS VECTORS FOR EXPRESSION OF ANTIGENIC SEQUENCES AND METHODS FOR PROPAGATING VIRUS
PP_002CM93	PP_002CM93.1	hmpv	HV986931	-:PAT	JP 2011250786-A/183: METAPNEUMOVIRUS STRAINS AND THEIR USE IN VACCINE FORMULATIONS AND AS VECTORS FOR EXPRESSION OF ANTIGENIC SEQUENCES AND METHODS FOR PROPAGATING VIRUS
PP_002CMA1	PP_002CMA1.1	hmpv	HV986932	-:PAT	JP 2011250786-A/184: METAPNEUMOVIRUS STRAINS AND THEIR USE IN VACCINE FORMULATIONS AND AS VECTORS FOR EXPRESSION OF ANTIGENIC SEQUENCES AND METHODS FOR PROPAGATING VIRUS
PP_002CMBZ	PP_002CMBZ.1	hmpv	HV986933	-:PAT	JP 2011250786-A/185: METAPNEUMOVIRUS STRAINS AND THEIR USE IN VACCINE FORMULATIONS AND AS VECTORS FOR EXPRESSION OF ANTIGENIC SEQUENCES AND METHODS FOR PROPAGATING VIRUS
PP_002CMCX	PP_002CMCX.1	hmpv	HV986934	-:PAT	JP 2011250786-A/186: METAPNEUMOVIRUS STRAINS AND THEIR USE IN VACCINE FORMULATIONS AND AS VECTORS FOR EXPRESSION OF ANTIGENIC SEQUENCES AND METHODS FOR PROPAGATING VIRUS
PP_002CMDV	PP_002CMDV.1	hmpv	HV986935	-:PAT	JP 2011250786-A/187: METAPNEUMOVIRUS STRAINS AND THEIR USE IN VACCINE FORMULATIONS AND AS VECTORS FOR EXPRESSION OF ANTIGENIC SEQUENCES AND METHODS FOR PROPAGATING VIRUS
PP_002CMET	PP_002CMET.1	hmpv	HV986936	-:PAT	JP 2011250786-A/188: METAPNEUMOVIRUS STRAINS AND THEIR USE IN VACCINE FORMULATIONS AND AS VECTORS FOR EXPRESSION OF ANTIGENIC SEQUENCES AND METHODS FOR PROPAGATING VIRUS
PP_002CMFR	PP_002CMFR.1	hmpv	HV986937	-:PAT	JP 2011250786-A/189: METAPNEUMOVIRUS STRAINS AND THEIR USE IN VACCINE FORMULATIONS AND AS VECTORS FOR EXPRESSION OF ANTIGENIC SEQUENCES AND METHODS FOR PROPAGATING VIRUS
PP_002CMGP	PP_002CMGP.1	hmpv	HV986938	-:PAT	JP 2011250786-A/190: METAPNEUMOVIRUS STRAINS AND THEIR USE IN VACCINE FORMULATIONS AND AS VECTORS FOR EXPRESSION OF ANTIGENIC SEQUENCES AND METHODS FOR PROPAGATING VIRUS
PP_002CMHL	PP_002CMHL.1	hmpv	HV986939	-:PAT	JP 2011250786-A/191: METAPNEUMOVIRUS STRAINS AND THEIR USE IN VACCINE FORMULATIONS AND AS VECTORS FOR EXPRESSION OF ANTIGENIC SEQUENCES AND METHODS FOR PROPAGATING VIRUS
PP_002CMJJ	PP_002CMJJ.1	hmpv	HV986940	-:PAT	JP 2011250786-A/192: METAPNEUMOVIRUS STRAINS AND THEIR USE IN VACCINE FORMULATIONS AND AS VECTORS FOR EXPRESSION OF ANTIGENIC SEQUENCES AND METHODS FOR PROPAGATING VIRUS
PP_002CMKG	PP_002CMKG.1	hmpv	HV986941	-:PAT	JP 2011250786-A/193: METAPNEUMOVIRUS STRAINS AND THEIR USE IN VACCINE FORMULATIONS AND AS VECTORS FOR EXPRESSION OF ANTIGENIC SEQUENCES AND METHODS FOR PROPAGATING VIRUS
PP_002CMLE	PP_002CMLE.1	hmpv	HV986942	-:PAT	JP 2011250786-A/194: METAPNEUMOVIRUS STRAINS AND THEIR USE IN VACCINE FORMULATIONS AND AS VECTORS FOR EXPRESSION OF ANTIGENIC SEQUENCES AND METHODS FOR PROPAGATING VIRUS
PP_002CMMC	PP_002CMMC.1	hmpv	HV986943	-:PAT	JP 2011250786-A/195: METAPNEUMOVIRUS STRAINS AND THEIR USE IN VACCINE FORMULATIONS AND AS VECTORS FOR EXPRESSION OF ANTIGENIC SEQUENCES AND METHODS FOR PROPAGATING VIRUS
PP_002CMNA	PP_002CMNA.1	hmpv	HV986944	-:PAT	JP 2011250786-A/196: METAPNEUMOVIRUS STRAINS AND THEIR USE IN VACCINE FORMULATIONS AND AS VECTORS FOR EXPRESSION OF ANTIGENIC SEQUENCES AND METHODS FOR PROPAGATING VIRUS
PP_002CMP8	PP_002CMP8.1	hmpv	HV986945	-:PAT	JP 2011250786-A/197: METAPNEUMOVIRUS STRAINS AND THEIR USE IN VACCINE FORMULATIONS AND AS VECTORS FOR EXPRESSION OF ANTIGENIC SEQUENCES AND METHODS FOR PROPAGATING VIRUS
PP_002CMQ6	PP_002CMQ6.1	hmpv	HV986946	-:PAT	JP 2011250786-A/198: METAPNEUMOVIRUS STRAINS AND THEIR USE IN VACCINE FORMULATIONS AND AS VECTORS FOR EXPRESSION OF ANTIGENIC SEQUENCES AND METHODS FOR PROPAGATING VIRUS
PP_002CMR4	PP_002CMR4.1	hmpv	HV986947	-:PAT	JP 2011250786-A/199: METAPNEUMOVIRUS STRAINS AND THEIR USE IN VACCINE FORMULATIONS AND AS VECTORS FOR EXPRESSION OF ANTIGENIC SEQUENCES AND METHODS FOR PROPAGATING VIRUS
PP_002CMS2	PP_002CMS2.1	hmpv	HV986948	-:PAT	JP 2011250786-A/200: METAPNEUMOVIRUS STRAINS AND THEIR USE IN VACCINE FORMULATIONS AND AS VECTORS FOR EXPRESSION OF ANTIGENIC SEQUENCES AND METHODS FOR PROPAGATING VIRUS
PP_002CMT0	PP_002CMT0.1	hmpv	HV986949	-:PAT	JP 2011250786-A/201: METAPNEUMOVIRUS STRAINS AND THEIR USE IN VACCINE FORMULATIONS AND AS VECTORS FOR EXPRESSION OF ANTIGENIC SEQUENCES AND METHODS FOR PROPAGATING VIRUS
PP_002CMUY	PP_002CMUY.1	hmpv	HV986950	-:PAT	JP 2011250786-A/202: METAPNEUMOVIRUS STRAINS AND THEIR USE IN VACCINE FORMULATIONS AND AS VECTORS FOR EXPRESSION OF ANTIGENIC SEQUENCES AND METHODS FOR PROPAGATING VIRUS
PP_002CMVW	PP_002CMVW.1	hmpv	HV986951	-:PAT	JP 2011250786-A/203: METAPNEUMOVIRUS STRAINS AND THEIR USE IN VACCINE FORMULATIONS AND AS VECTORS FOR EXPRESSION OF ANTIGENIC SEQUENCES AND METHODS FOR PROPAGATING VIRUS
PP_002CMWU	PP_002CMWU.1	hmpv	HV986952	-:PAT	JP 2011250786-A/204: METAPNEUMOVIRUS STRAINS AND THEIR USE IN VACCINE FORMULATIONS AND AS VECTORS FOR EXPRESSION OF ANTIGENIC SEQUENCES AND METHODS FOR PROPAGATING VIRUS
PP_002CMXS	PP_002CMXS.1	hmpv	HV986953	-:PAT	JP 2011250786-A/205: METAPNEUMOVIRUS STRAINS AND THEIR USE IN VACCINE FORMULATIONS AND AS VECTORS FOR EXPRESSION OF ANTIGENIC SEQUENCES AND METHODS FOR PROPAGATING VIRUS
PP_002CMYQ	PP_002CMYQ.1	hmpv	HV986954	-:PAT	JP 2011250786-A/206: METAPNEUMOVIRUS STRAINS AND THEIR USE IN VACCINE FORMULATIONS AND AS VECTORS FOR EXPRESSION OF ANTIGENIC SEQUENCES AND METHODS FOR PROPAGATING VIRUS
PP_002CMZN	PP_002CMZN.1	hmpv	HV986955	-:PAT	JP 2011250786-A/207: METAPNEUMOVIRUS STRAINS AND THEIR USE IN VACCINE FORMULATIONS AND AS VECTORS FOR EXPRESSION OF ANTIGENIC SEQUENCES AND METHODS FOR PROPAGATING VIRUS
PP_002CN0L	PP_002CN0L.1	hmpv	HV986956	-:PAT	JP 2011250786-A/208: METAPNEUMOVIRUS STRAINS AND THEIR USE IN VACCINE FORMULATIONS AND AS VECTORS FOR EXPRESSION OF ANTIGENIC SEQUENCES AND METHODS FOR PROPAGATING VIRUS
PP_002CN1J	PP_002CN1J.1	hmpv	HV986957	-:PAT	JP 2011250786-A/209: METAPNEUMOVIRUS STRAINS AND THEIR USE IN VACCINE FORMULATIONS AND AS VECTORS FOR EXPRESSION OF ANTIGENIC SEQUENCES AND METHODS FOR PROPAGATING VIRUS
PP_002CN2G	PP_002CN2G.1	hmpv	HV986958	-:PAT	JP 2011250786-A/210: METAPNEUMOVIRUS STRAINS AND THEIR USE IN VACCINE FORMULATIONS AND AS VECTORS FOR EXPRESSION OF ANTIGENIC SEQUENCES AND METHODS FOR PROPAGATING VIRUS
PP_002CN3E	PP_002CN3E.1	hmpv	HV986959	-:PAT	JP 2011250786-A/211: METAPNEUMOVIRUS STRAINS AND THEIR USE IN VACCINE FORMULATIONS AND AS VECTORS FOR EXPRESSION OF ANTIGENIC SEQUENCES AND METHODS FOR PROPAGATING VIRUS
PP_002CN4C	PP_002CN4C.1	hmpv	HV986960	-:PAT	JP 2011250786-A/212: METAPNEUMOVIRUS STRAINS AND THEIR USE IN VACCINE FORMULATIONS AND AS VECTORS FOR EXPRESSION OF ANTIGENIC SEQUENCES AND METHODS FOR PROPAGATING VIRUS
PP_002CN5A	PP_002CN5A.1	hmpv	HV986961	-:PAT	JP 2011250786-A/213: METAPNEUMOVIRUS STRAINS AND THEIR USE IN VACCINE FORMULATIONS AND AS VECTORS FOR EXPRESSION OF ANTIGENIC SEQUENCES AND METHODS FOR PROPAGATING VIRUS
PP_002CN68	PP_002CN68.1	hmpv	HV986962	-:PAT	JP 2011250786-A/214: METAPNEUMOVIRUS STRAINS AND THEIR USE IN VACCINE FORMULATIONS AND AS VECTORS FOR EXPRESSION OF ANTIGENIC SEQUENCES AND METHODS FOR PROPAGATING VIRUS
PP_002CN76	PP_002CN76.1	hmpv	HV986963	-:PAT	JP 2011250786-A/215: METAPNEUMOVIRUS STRAINS AND THEIR USE IN VACCINE FORMULATIONS AND AS VECTORS FOR EXPRESSION OF ANTIGENIC SEQUENCES AND METHODS FOR PROPAGATING VIRUS
PP_002CN84	PP_002CN84.1	hmpv	HV986964	-:PAT	JP 2011250786-A/216: METAPNEUMOVIRUS STRAINS AND THEIR USE IN VACCINE FORMULATIONS AND AS VECTORS FOR EXPRESSION OF ANTIGENIC SEQUENCES AND METHODS FOR PROPAGATING VIRUS
PP_002CN92	PP_002CN92.1	hmpv	HV986965	-:PAT	JP 2011250786-A/217: METAPNEUMOVIRUS STRAINS AND THEIR USE IN VACCINE FORMULATIONS AND AS VECTORS FOR EXPRESSION OF ANTIGENIC SEQUENCES AND METHODS FOR PROPAGATING VIRUS
PP_002CNA0	PP_002CNA0.1	hmpv	HV986966	-:PAT	JP 2011250786-A/218: METAPNEUMOVIRUS STRAINS AND THEIR USE IN VACCINE FORMULATIONS AND AS VECTORS FOR EXPRESSION OF ANTIGENIC SEQUENCES AND METHODS FOR PROPAGATING VIRUS
PP_002CNBY	PP_002CNBY.1	hmpv	HV986967	-:PAT	JP 2011250786-A/219: METAPNEUMOVIRUS STRAINS AND THEIR USE IN VACCINE FORMULATIONS AND AS VECTORS FOR EXPRESSION OF ANTIGENIC SEQUENCES AND METHODS FOR PROPAGATING VIRUS
PP_002CNCW	PP_002CNCW.1	hmpv	HV986968	-:PAT	JP 2011250786-A/220: METAPNEUMOVIRUS STRAINS AND THEIR USE IN VACCINE FORMULATIONS AND AS VECTORS FOR EXPRESSION OF ANTIGENIC SEQUENCES AND METHODS FOR PROPAGATING VIRUS
PP_002CNDU	PP_002CNDU.1	hmpv	HV986969	-:PAT	JP 2011250786-A/221: METAPNEUMOVIRUS STRAINS AND THEIR USE IN VACCINE FORMULATIONS AND AS VECTORS FOR EXPRESSION OF ANTIGENIC SEQUENCES AND METHODS FOR PROPAGATING VIRUS
PP_002CNES	PP_002CNES.1	hmpv	HV986970	-:PAT	JP 2011250786-A/222: METAPNEUMOVIRUS STRAINS AND THEIR USE IN VACCINE FORMULATIONS AND AS VECTORS FOR EXPRESSION OF ANTIGENIC SEQUENCES AND METHODS FOR PROPAGATING VIRUS
PP_002CNFQ	PP_002CNFQ.1	hmpv	HV986971	-:PAT	JP 2011250786-A/223: METAPNEUMOVIRUS STRAINS AND THEIR USE IN VACCINE FORMULATIONS AND AS VECTORS FOR EXPRESSION OF ANTIGENIC SEQUENCES AND METHODS FOR PROPAGATING VIRUS
PP_002CNGN	PP_002CNGN.1	hmpv	HV986972	-:PAT	JP 2011250786-A/224: METAPNEUMOVIRUS STRAINS AND THEIR USE IN VACCINE FORMULATIONS AND AS VECTORS FOR EXPRESSION OF ANTIGENIC SEQUENCES AND METHODS FOR PROPAGATING VIRUS
PP_002CNHK	PP_002CNHK.1	hmpv	HV986973	-:PAT	JP 2011250786-A/225: METAPNEUMOVIRUS STRAINS AND THEIR USE IN VACCINE FORMULATIONS AND AS VECTORS FOR EXPRESSION OF ANTIGENIC SEQUENCES AND METHODS FOR PROPAGATING VIRUS
PP_002CNJH	PP_002CNJH.1	hmpv	HV986974	-:PAT	JP 2011250786-A/226: METAPNEUMOVIRUS STRAINS AND THEIR USE IN VACCINE FORMULATIONS AND AS VECTORS FOR EXPRESSION OF ANTIGENIC SEQUENCES AND METHODS FOR PROPAGATING VIRUS
PP_002CNKF	PP_002CNKF.1	hmpv	HV986975	-:PAT	JP 2011250786-A/227: METAPNEUMOVIRUS STRAINS AND THEIR USE IN VACCINE FORMULATIONS AND AS VECTORS FOR EXPRESSION OF ANTIGENIC SEQUENCES AND METHODS FOR PROPAGATING VIRUS
PP_002CNLD	PP_002CNLD.1	hmpv	HV986976	-:PAT	JP 2011250786-A/228: METAPNEUMOVIRUS STRAINS AND THEIR USE IN VACCINE FORMULATIONS AND AS VECTORS FOR EXPRESSION OF ANTIGENIC SEQUENCES AND METHODS FOR PROPAGATING VIRUS
PP_002CNMB	PP_002CNMB.1	hmpv	HV988694	-:PAT	JP 2011167197-A/8: RECOMBINANT PARAINFLUENZA VIRUS EXPRESSION SYSTEMS AND VACCINES COMPRISING HETEROLOGOUS ANTIGENS DERIVED FROM METAPNEUMOVIRUS
PP_002CNN9	PP_002CNN9.1	hmpv	HV988695	-:PAT	JP 2011167197-A/9: RECOMBINANT PARAINFLUENZA VIRUS EXPRESSION SYSTEMS AND VACCINES COMPRISING HETEROLOGOUS ANTIGENS DERIVED FROM METAPNEUMOVIRUS
PP_002CNP7	PP_002CNP7.1	hmpv	HV988696	-:PAT	JP 2011167197-A/10: RECOMBINANT PARAINFLUENZA VIRUS EXPRESSION SYSTEMS AND VACCINES COMPRISING HETEROLOGOUS ANTIGENS DERIVED FROM METAPNEUMOVIRUS
PP_002CNQ5	PP_002CNQ5.1	hmpv	HV988697	-:PAT	JP 2011167197-A/11: RECOMBINANT PARAINFLUENZA VIRUS EXPRESSION SYSTEMS AND VACCINES COMPRISING HETEROLOGOUS ANTIGENS DERIVED FROM METAPNEUMOVIRUS
PP_002CNR3	PP_002CNR3.1	hmpv	HV988698	-:PAT	JP 2011167197-A/12: RECOMBINANT PARAINFLUENZA VIRUS EXPRESSION SYSTEMS AND VACCINES COMPRISING HETEROLOGOUS ANTIGENS DERIVED FROM METAPNEUMOVIRUS
PP_002CNS1	PP_002CNS1.1	hmpv	HV988699	-:PAT	JP 2011167197-A/13: RECOMBINANT PARAINFLUENZA VIRUS EXPRESSION SYSTEMS AND VACCINES COMPRISING HETEROLOGOUS ANTIGENS DERIVED FROM METAPNEUMOVIRUS
PP_002CNTZ	PP_002CNTZ.1	hmpv	HV988700	-:PAT	JP 2011167197-A/14: RECOMBINANT PARAINFLUENZA VIRUS EXPRESSION SYSTEMS AND VACCINES COMPRISING HETEROLOGOUS ANTIGENS DERIVED FROM METAPNEUMOVIRUS
PP_002CNUX	PP_002CNUX.1	hmpv	HV988701	-:PAT	JP 2011167197-A/15: RECOMBINANT PARAINFLUENZA VIRUS EXPRESSION SYSTEMS AND VACCINES COMPRISING HETEROLOGOUS ANTIGENS DERIVED FROM METAPNEUMOVIRUS
PP_002CNVV	PP_002CNVV.1	hmpv	HV988702	-:PAT	JP 2011167197-A/16: RECOMBINANT PARAINFLUENZA VIRUS EXPRESSION SYSTEMS AND VACCINES COMPRISING HETEROLOGOUS ANTIGENS DERIVED FROM METAPNEUMOVIRUS
PP_002CNWT	PP_002CNWT.1	hmpv	HV988703	-:PAT	JP 2011167197-A/17: RECOMBINANT PARAINFLUENZA VIRUS EXPRESSION SYSTEMS AND VACCINES COMPRISING HETEROLOGOUS ANTIGENS DERIVED FROM METAPNEUMOVIRUS
PP_002CNXR	PP_002CNXR.1	hmpv	HV988704	-:PAT	JP 2011167197-A/18: RECOMBINANT PARAINFLUENZA VIRUS EXPRESSION SYSTEMS AND VACCINES COMPRISING HETEROLOGOUS ANTIGENS DERIVED FROM METAPNEUMOVIRUS
PP_002CNYP	PP_002CNYP.1	hmpv	HV988705	-:PAT	JP 2011167197-A/19: RECOMBINANT PARAINFLUENZA VIRUS EXPRESSION SYSTEMS AND VACCINES COMPRISING HETEROLOGOUS ANTIGENS DERIVED FROM METAPNEUMOVIRUS
PP_002CNZM	PP_002CNZM.1	hmpv	HV988706	-:PAT	JP 2011167197-A/20: RECOMBINANT PARAINFLUENZA VIRUS EXPRESSION SYSTEMS AND VACCINES COMPRISING HETEROLOGOUS ANTIGENS DERIVED FROM METAPNEUMOVIRUS
PP_002CP0K	PP_002CP0K.1	hmpv	HV988707	-:PAT	JP 2011167197-A/21: RECOMBINANT PARAINFLUENZA VIRUS EXPRESSION SYSTEMS AND VACCINES COMPRISING HETEROLOGOUS ANTIGENS DERIVED FROM METAPNEUMOVIRUS
PP_002CP1H	PP_002CP1H.1	hmpv	HV988708	-:PAT	JP 2011167197-A/22: RECOMBINANT PARAINFLUENZA VIRUS EXPRESSION SYSTEMS AND VACCINES COMPRISING HETEROLOGOUS ANTIGENS DERIVED FROM METAPNEUMOVIRUS
PP_002CP2F	PP_002CP2F.1	hmpv	HV988709	-:PAT	JP 2011167197-A/23: RECOMBINANT PARAINFLUENZA VIRUS EXPRESSION SYSTEMS AND VACCINES COMPRISING HETEROLOGOUS ANTIGENS DERIVED FROM METAPNEUMOVIRUS
PP_002CP3D	PP_002CP3D.1	hmpv	HV988710	-:PAT	JP 2011167197-A/24: RECOMBINANT PARAINFLUENZA VIRUS EXPRESSION SYSTEMS AND VACCINES COMPRISING HETEROLOGOUS ANTIGENS DERIVED FROM METAPNEUMOVIRUS
PP_002CP4B	PP_002CP4B.1	hmpv	HV988711	-:PAT	JP 2011167197-A/25: RECOMBINANT PARAINFLUENZA VIRUS EXPRESSION SYSTEMS AND VACCINES COMPRISING HETEROLOGOUS ANTIGENS DERIVED FROM METAPNEUMOVIRUS
PP_002CP59	PP_002CP59.1	hmpv	HV988712	-:PAT	JP 2011167197-A/26: RECOMBINANT PARAINFLUENZA VIRUS EXPRESSION SYSTEMS AND VACCINES COMPRISING HETEROLOGOUS ANTIGENS DERIVED FROM METAPNEUMOVIRUS
PP_002CP67	PP_002CP67.1	hmpv	HV988713	-:PAT	JP 2011167197-A/27: RECOMBINANT PARAINFLUENZA VIRUS EXPRESSION SYSTEMS AND VACCINES COMPRISING HETEROLOGOUS ANTIGENS DERIVED FROM METAPNEUMOVIRUS
PP_002CP75	PP_002CP75.1	hmpv	HV988714	-:PAT	JP 2011167197-A/28: RECOMBINANT PARAINFLUENZA VIRUS EXPRESSION SYSTEMS AND VACCINES COMPRISING HETEROLOGOUS ANTIGENS DERIVED FROM METAPNEUMOVIRUS
PP_002CP83	PP_002CP83.1	hmpv	HV988715	-:PAT	JP 2011167197-A/29: RECOMBINANT PARAINFLUENZA VIRUS EXPRESSION SYSTEMS AND VACCINES COMPRISING HETEROLOGOUS ANTIGENS DERIVED FROM METAPNEUMOVIRUS
PP_002CP91	PP_002CP91.1	hmpv	HV988716	-:PAT	JP 2011167197-A/30: RECOMBINANT PARAINFLUENZA VIRUS EXPRESSION SYSTEMS AND VACCINES COMPRISING HETEROLOGOUS ANTIGENS DERIVED FROM METAPNEUMOVIRUS
PP_002CPAZ	PP_002CPAZ.1	hmpv	HV988717	-:PAT	JP 2011167197-A/31: RECOMBINANT PARAINFLUENZA VIRUS EXPRESSION SYSTEMS AND VACCINES COMPRISING HETEROLOGOUS ANTIGENS DERIVED FROM METAPNEUMOVIRUS
PP_002CPBX	PP_002CPBX.1	hmpv	HV988718	-:PAT	JP 2011167197-A/32: RECOMBINANT PARAINFLUENZA VIRUS EXPRESSION SYSTEMS AND VACCINES COMPRISING HETEROLOGOUS ANTIGENS DERIVED FROM METAPNEUMOVIRUS
PP_002CPCV	PP_002CPCV.1	hmpv	HV988719	-:PAT	JP 2011167197-A/33: RECOMBINANT PARAINFLUENZA VIRUS EXPRESSION SYSTEMS AND VACCINES COMPRISING HETEROLOGOUS ANTIGENS DERIVED FROM METAPNEUMOVIRUS
PP_002CPDT	PP_002CPDT.1	hmpv	HV988720	-:PAT	JP 2011167197-A/34: RECOMBINANT PARAINFLUENZA VIRUS EXPRESSION SYSTEMS AND VACCINES COMPRISING HETEROLOGOUS ANTIGENS DERIVED FROM METAPNEUMOVIRUS
PP_002CPER	PP_002CPER.1	hmpv	HV988721	-:PAT	JP 2011167197-A/35: RECOMBINANT PARAINFLUENZA VIRUS EXPRESSION SYSTEMS AND VACCINES COMPRISING HETEROLOGOUS ANTIGENS DERIVED FROM METAPNEUMOVIRUS
PP_002CPFP	PP_002CPFP.1	hmpv	HV988722	-:PAT	JP 2011167197-A/36: RECOMBINANT PARAINFLUENZA VIRUS EXPRESSION SYSTEMS AND VACCINES COMPRISING HETEROLOGOUS ANTIGENS DERIVED FROM METAPNEUMOVIRUS
PP_002CPGM	PP_002CPGM.1	hmpv	HV988723	-:PAT	JP 2011167197-A/37: RECOMBINANT PARAINFLUENZA VIRUS EXPRESSION SYSTEMS AND VACCINES COMPRISING HETEROLOGOUS ANTIGENS DERIVED FROM METAPNEUMOVIRUS
PP_002CPHJ	PP_002CPHJ.1	hmpv	HV988724	-:PAT	JP 2011167197-A/38: RECOMBINANT PARAINFLUENZA VIRUS EXPRESSION SYSTEMS AND VACCINES COMPRISING HETEROLOGOUS ANTIGENS DERIVED FROM METAPNEUMOVIRUS
PP_002CPJG	PP_002CPJG.1	hmpv	HV988725	-:PAT	JP 2011167197-A/39: RECOMBINANT PARAINFLUENZA VIRUS EXPRESSION SYSTEMS AND VACCINES COMPRISING HETEROLOGOUS ANTIGENS DERIVED FROM METAPNEUMOVIRUS
PP_002CPKE	PP_002CPKE.1	hmpv	HV988726	-:PAT	JP 2011167197-A/40: RECOMBINANT PARAINFLUENZA VIRUS EXPRESSION SYSTEMS AND VACCINES COMPRISING HETEROLOGOUS ANTIGENS DERIVED FROM METAPNEUMOVIRUS
PP_002CPLC	PP_002CPLC.1	hmpv	HV988727	-:PAT	JP 2011167197-A/41: RECOMBINANT PARAINFLUENZA VIRUS EXPRESSION SYSTEMS AND VACCINES COMPRISING HETEROLOGOUS ANTIGENS DERIVED FROM METAPNEUMOVIRUS
PP_002CPMA	PP_002CPMA.1	hmpv	HV988728	-:PAT	JP 2011167197-A/42: RECOMBINANT PARAINFLUENZA VIRUS EXPRESSION SYSTEMS AND VACCINES COMPRISING HETEROLOGOUS ANTIGENS DERIVED FROM METAPNEUMOVIRUS
PP_002CPN8	PP_002CPN8.1	hmpv	HV988729	-:PAT	JP 2011167197-A/43: RECOMBINANT PARAINFLUENZA VIRUS EXPRESSION SYSTEMS AND VACCINES COMPRISING HETEROLOGOUS ANTIGENS DERIVED FROM METAPNEUMOVIRUS
PP_002CPP6	PP_002CPP6.1	hmpv	HV988730	-:PAT	JP 2011167197-A/44: RECOMBINANT PARAINFLUENZA VIRUS EXPRESSION SYSTEMS AND VACCINES COMPRISING HETEROLOGOUS ANTIGENS DERIVED FROM METAPNEUMOVIRUS
PP_002CPQ4	PP_002CPQ4.1	hmpv	HV988731	-:PAT	JP 2011167197-A/45: RECOMBINANT PARAINFLUENZA VIRUS EXPRESSION SYSTEMS AND VACCINES COMPRISING HETEROLOGOUS ANTIGENS DERIVED FROM METAPNEUMOVIRUS
PP_002CPR2	PP_002CPR2.1	hmpv	HV988732	-:PAT	JP 2011167197-A/46: RECOMBINANT PARAINFLUENZA VIRUS EXPRESSION SYSTEMS AND VACCINES COMPRISING HETEROLOGOUS ANTIGENS DERIVED FROM METAPNEUMOVIRUS
PP_002CPS0	PP_002CPS0.1	hmpv	HV988733	-:PAT	JP 2011167197-A/47: RECOMBINANT PARAINFLUENZA VIRUS EXPRESSION SYSTEMS AND VACCINES COMPRISING HETEROLOGOUS ANTIGENS DERIVED FROM METAPNEUMOVIRUS
PP_002CPTY	PP_002CPTY.1	hmpv	HV988734	-:PAT	JP 2011167197-A/48: RECOMBINANT PARAINFLUENZA VIRUS EXPRESSION SYSTEMS AND VACCINES COMPRISING HETEROLOGOUS ANTIGENS DERIVED FROM METAPNEUMOVIRUS
PP_002CPUW	PP_002CPUW.1	hmpv	HV988735	-:PAT	JP 2011167197-A/49: RECOMBINANT PARAINFLUENZA VIRUS EXPRESSION SYSTEMS AND VACCINES COMPRISING HETEROLOGOUS ANTIGENS DERIVED FROM METAPNEUMOVIRUS
PP_002CPVU	PP_002CPVU.1	hmpv	HV988736	-:PAT	JP 2011167197-A/50: RECOMBINANT PARAINFLUENZA VIRUS EXPRESSION SYSTEMS AND VACCINES COMPRISING HETEROLOGOUS ANTIGENS DERIVED FROM METAPNEUMOVIRUS
PP_002CPWS	PP_002CPWS.1	hmpv	HV988737	-:PAT	JP 2011167197-A/51: RECOMBINANT PARAINFLUENZA VIRUS EXPRESSION SYSTEMS AND VACCINES COMPRISING HETEROLOGOUS ANTIGENS DERIVED FROM METAPNEUMOVIRUS
PP_002CPXQ	PP_002CPXQ.1	hmpv	HV988738	-:PAT	JP 2011167197-A/52: RECOMBINANT PARAINFLUENZA VIRUS EXPRESSION SYSTEMS AND VACCINES COMPRISING HETEROLOGOUS ANTIGENS DERIVED FROM METAPNEUMOVIRUS
PP_002CPYN	PP_002CPYN.1	hmpv	HV988739	-:PAT	JP 2011167197-A/53: RECOMBINANT PARAINFLUENZA VIRUS EXPRESSION SYSTEMS AND VACCINES COMPRISING HETEROLOGOUS ANTIGENS DERIVED FROM METAPNEUMOVIRUS
PP_002CPZL	PP_002CPZL.1	hmpv	HV988740	-:PAT	JP 2011167197-A/54: RECOMBINANT PARAINFLUENZA VIRUS EXPRESSION SYSTEMS AND VACCINES COMPRISING HETEROLOGOUS ANTIGENS DERIVED FROM METAPNEUMOVIRUS
PP_002CQ0J	PP_002CQ0J.1	hmpv	HV988741	-:PAT	JP 2011167197-A/55: RECOMBINANT PARAINFLUENZA VIRUS EXPRESSION SYSTEMS AND VACCINES COMPRISING HETEROLOGOUS ANTIGENS DERIVED FROM METAPNEUMOVIRUS
PP_002CQ1G	PP_002CQ1G.1	hmpv	HV988742	-:PAT	JP 2011167197-A/56: RECOMBINANT PARAINFLUENZA VIRUS EXPRESSION SYSTEMS AND VACCINES COMPRISING HETEROLOGOUS ANTIGENS DERIVED FROM METAPNEUMOVIRUS
PP_002CQ2E	PP_002CQ2E.1	hmpv	HV988743	-:PAT	JP 2011167197-A/57: RECOMBINANT PARAINFLUENZA VIRUS EXPRESSION SYSTEMS AND VACCINES COMPRISING HETEROLOGOUS ANTIGENS DERIVED FROM METAPNEUMOVIRUS
PP_002CQ3C	PP_002CQ3C.1	hmpv	HV988744	-:PAT	JP 2011167197-A/58: RECOMBINANT PARAINFLUENZA VIRUS EXPRESSION SYSTEMS AND VACCINES COMPRISING HETEROLOGOUS ANTIGENS DERIVED FROM METAPNEUMOVIRUS
PP_002CQ4A	PP_002CQ4A.1	hmpv	HV988745	-:PAT	JP 2011167197-A/59: RECOMBINANT PARAINFLUENZA VIRUS EXPRESSION SYSTEMS AND VACCINES COMPRISING HETEROLOGOUS ANTIGENS DERIVED FROM METAPNEUMOVIRUS
PP_002CQ58	PP_002CQ58.1	hmpv	HV988746	-:PAT	JP 2011167197-A/60: RECOMBINANT PARAINFLUENZA VIRUS EXPRESSION SYSTEMS AND VACCINES COMPRISING HETEROLOGOUS ANTIGENS DERIVED FROM METAPNEUMOVIRUS
PP_002CQ66	PP_002CQ66.1	hmpv	HV988747	-:PAT	JP 2011167197-A/61: RECOMBINANT PARAINFLUENZA VIRUS EXPRESSION SYSTEMS AND VACCINES COMPRISING HETEROLOGOUS ANTIGENS DERIVED FROM METAPNEUMOVIRUS
PP_002CQ74	PP_002CQ74.1	hmpv	HV988748	-:PAT	JP 2011167197-A/62: RECOMBINANT PARAINFLUENZA VIRUS EXPRESSION SYSTEMS AND VACCINES COMPRISING HETEROLOGOUS ANTIGENS DERIVED FROM METAPNEUMOVIRUS
PP_002CQ82	PP_002CQ82.1	hmpv	HV988749	-:PAT	JP 2011167197-A/63: RECOMBINANT PARAINFLUENZA VIRUS EXPRESSION SYSTEMS AND VACCINES COMPRISING HETEROLOGOUS ANTIGENS DERIVED FROM METAPNEUMOVIRUS
PP_002CQ90	PP_002CQ90.1	hmpv	HV988750	-:PAT	JP 2011167197-A/64: RECOMBINANT PARAINFLUENZA VIRUS EXPRESSION SYSTEMS AND VACCINES COMPRISING HETEROLOGOUS ANTIGENS DERIVED FROM METAPNEUMOVIRUS
PP_002CQAY	PP_002CQAY.1	hmpv	HV988751	-:PAT	JP 2011167197-A/65: RECOMBINANT PARAINFLUENZA VIRUS EXPRESSION SYSTEMS AND VACCINES COMPRISING HETEROLOGOUS ANTIGENS DERIVED FROM METAPNEUMOVIRUS
PP_002CQBW	PP_002CQBW.1	hmpv	HV988752	-:PAT	JP 2011167197-A/66: RECOMBINANT PARAINFLUENZA VIRUS EXPRESSION SYSTEMS AND VACCINES COMPRISING HETEROLOGOUS ANTIGENS DERIVED FROM METAPNEUMOVIRUS
PP_002CQCU	PP_002CQCU.1	hmpv	HV988753	-:PAT	JP 2011167197-A/67: RECOMBINANT PARAINFLUENZA VIRUS EXPRESSION SYSTEMS AND VACCINES COMPRISING HETEROLOGOUS ANTIGENS DERIVED FROM METAPNEUMOVIRUS
PP_002CQDS	PP_002CQDS.1	hmpv	HV988754	-:PAT	JP 2011167197-A/68: RECOMBINANT PARAINFLUENZA VIRUS EXPRESSION SYSTEMS AND VACCINES COMPRISING HETEROLOGOUS ANTIGENS DERIVED FROM METAPNEUMOVIRUS
PP_002CQEQ	PP_002CQEQ.1	hmpv	HV988755	-:PAT	JP 2011167197-A/69: RECOMBINANT PARAINFLUENZA VIRUS EXPRESSION SYSTEMS AND VACCINES COMPRISING HETEROLOGOUS ANTIGENS DERIVED FROM METAPNEUMOVIRUS
PP_002CQFN	PP_002CQFN.1	hmpv	HV988756	-:PAT	JP 2011167197-A/70: RECOMBINANT PARAINFLUENZA VIRUS EXPRESSION SYSTEMS AND VACCINES COMPRISING HETEROLOGOUS ANTIGENS DERIVED FROM METAPNEUMOVIRUS
PP_002CQGL	PP_002CQGL.1	hmpv	HV988757	-:PAT	JP 2011167197-A/71: RECOMBINANT PARAINFLUENZA VIRUS EXPRESSION SYSTEMS AND VACCINES COMPRISING HETEROLOGOUS ANTIGENS DERIVED FROM METAPNEUMOVIRUS
PP_002CQHH	PP_002CQHH.1	hmpv	HV988758	-:PAT	JP 2011167197-A/72: RECOMBINANT PARAINFLUENZA VIRUS EXPRESSION SYSTEMS AND VACCINES COMPRISING HETEROLOGOUS ANTIGENS DERIVED FROM METAPNEUMOVIRUS
PP_002CQJF	PP_002CQJF.1	hmpv	HV988759	-:PAT	JP 2011167197-A/73: RECOMBINANT PARAINFLUENZA VIRUS EXPRESSION SYSTEMS AND VACCINES COMPRISING HETEROLOGOUS ANTIGENS DERIVED FROM METAPNEUMOVIRUS
PP_002CQKD	PP_002CQKD.1	hmpv	HV988760	-:PAT	JP 2011167197-A/74: RECOMBINANT PARAINFLUENZA VIRUS EXPRESSION SYSTEMS AND VACCINES COMPRISING HETEROLOGOUS ANTIGENS DERIVED FROM METAPNEUMOVIRUS
PP_002CQLB	PP_002CQLB.1	hmpv	HV988761	-:PAT	JP 2011167197-A/75: RECOMBINANT PARAINFLUENZA VIRUS EXPRESSION SYSTEMS AND VACCINES COMPRISING HETEROLOGOUS ANTIGENS DERIVED FROM METAPNEUMOVIRUS
PP_002CQM9	PP_002CQM9.1	hmpv	HV988762	-:PAT	JP 2011167197-A/76: RECOMBINANT PARAINFLUENZA VIRUS EXPRESSION SYSTEMS AND VACCINES COMPRISING HETEROLOGOUS ANTIGENS DERIVED FROM METAPNEUMOVIRUS
PP_002CQN7	PP_002CQN7.1	hmpv	HV988763	-:PAT	JP 2011167197-A/77: RECOMBINANT PARAINFLUENZA VIRUS EXPRESSION SYSTEMS AND VACCINES COMPRISING HETEROLOGOUS ANTIGENS DERIVED FROM METAPNEUMOVIRUS
PP_002CQP5	PP_002CQP5.1	hmpv	HV988764	-:PAT	JP 2011167197-A/78: RECOMBINANT PARAINFLUENZA VIRUS EXPRESSION SYSTEMS AND VACCINES COMPRISING HETEROLOGOUS ANTIGENS DERIVED FROM METAPNEUMOVIRUS
PP_002CQQ3	PP_002CQQ3.1	hmpv	HV988765	-:PAT	JP 2011167197-A/79: RECOMBINANT PARAINFLUENZA VIRUS EXPRESSION SYSTEMS AND VACCINES COMPRISING HETEROLOGOUS ANTIGENS DERIVED FROM METAPNEUMOVIRUS
PP_002CQR1	PP_002CQR1.1	hmpv	HV988766	-:PAT	JP 2011167197-A/80: RECOMBINANT PARAINFLUENZA VIRUS EXPRESSION SYSTEMS AND VACCINES COMPRISING HETEROLOGOUS ANTIGENS DERIVED FROM METAPNEUMOVIRUS
PP_002CQSZ	PP_002CQSZ.1	hmpv	HV988767	-:PAT	JP 2011167197-A/81: RECOMBINANT PARAINFLUENZA VIRUS EXPRESSION SYSTEMS AND VACCINES COMPRISING HETEROLOGOUS ANTIGENS DERIVED FROM METAPNEUMOVIRUS
PP_002CQTX	PP_002CQTX.1	hmpv	HV988768	-:PAT	JP 2011167197-A/82: RECOMBINANT PARAINFLUENZA VIRUS EXPRESSION SYSTEMS AND VACCINES COMPRISING HETEROLOGOUS ANTIGENS DERIVED FROM METAPNEUMOVIRUS
PP_002CQUV	PP_002CQUV.1	hmpv	HV988769	-:PAT	JP 2011167197-A/83: RECOMBINANT PARAINFLUENZA VIRUS EXPRESSION SYSTEMS AND VACCINES COMPRISING HETEROLOGOUS ANTIGENS DERIVED FROM METAPNEUMOVIRUS
PP_002CQVT	PP_002CQVT.1	hmpv	HV988770	-:PAT	JP 2011167197-A/84: RECOMBINANT PARAINFLUENZA VIRUS EXPRESSION SYSTEMS AND VACCINES COMPRISING HETEROLOGOUS ANTIGENS DERIVED FROM METAPNEUMOVIRUS
PP_002CQWR	PP_002CQWR.1	hmpv	HV988771	-:PAT	JP 2011167197-A/85: RECOMBINANT PARAINFLUENZA VIRUS EXPRESSION SYSTEMS AND VACCINES COMPRISING HETEROLOGOUS ANTIGENS DERIVED FROM METAPNEUMOVIRUS
PP_002CQXP	PP_002CQXP.1	hmpv	HV988772	-:PAT	JP 2011167197-A/86: RECOMBINANT PARAINFLUENZA VIRUS EXPRESSION SYSTEMS AND VACCINES COMPRISING HETEROLOGOUS ANTIGENS DERIVED FROM METAPNEUMOVIRUS
PP_002CQYM	PP_002CQYM.1	hmpv	HV988773	-:PAT	JP 2011167197-A/87: RECOMBINANT PARAINFLUENZA VIRUS EXPRESSION SYSTEMS AND VACCINES COMPRISING HETEROLOGOUS ANTIGENS DERIVED FROM METAPNEUMOVIRUS
PP_002CQZK	PP_002CQZK.1	hmpv	HV988774	-:PAT	JP 2011167197-A/88: RECOMBINANT PARAINFLUENZA VIRUS EXPRESSION SYSTEMS AND VACCINES COMPRISING HETEROLOGOUS ANTIGENS DERIVED FROM METAPNEUMOVIRUS
PP_002CR0H	PP_002CR0H.1	hmpv	HV988775	-:PAT	JP 2011167197-A/89: RECOMBINANT PARAINFLUENZA VIRUS EXPRESSION SYSTEMS AND VACCINES COMPRISING HETEROLOGOUS ANTIGENS DERIVED FROM METAPNEUMOVIRUS
PP_002CR1F	PP_002CR1F.1	hmpv	HV988776	-:PAT	JP 2011167197-A/90: RECOMBINANT PARAINFLUENZA VIRUS EXPRESSION SYSTEMS AND VACCINES COMPRISING HETEROLOGOUS ANTIGENS DERIVED FROM METAPNEUMOVIRUS
PP_002CR2D	PP_002CR2D.1	hmpv	HV988777	-:PAT	JP 2011167197-A/91: RECOMBINANT PARAINFLUENZA VIRUS EXPRESSION SYSTEMS AND VACCINES COMPRISING HETEROLOGOUS ANTIGENS DERIVED FROM METAPNEUMOVIRUS
PP_002CR3B	PP_002CR3B.1	hmpv	HV988778	-:PAT	JP 2011167197-A/92: RECOMBINANT PARAINFLUENZA VIRUS EXPRESSION SYSTEMS AND VACCINES COMPRISING HETEROLOGOUS ANTIGENS DERIVED FROM METAPNEUMOVIRUS
PP_002CR49	PP_002CR49.1	hmpv	HV988779	-:PAT	JP 2011167197-A/93: RECOMBINANT PARAINFLUENZA VIRUS EXPRESSION SYSTEMS AND VACCINES COMPRISING HETEROLOGOUS ANTIGENS DERIVED FROM METAPNEUMOVIRUS
PP_002CR57	PP_002CR57.1	hmpv	HV988780	-:PAT	JP 2011167197-A/94: RECOMBINANT PARAINFLUENZA VIRUS EXPRESSION SYSTEMS AND VACCINES COMPRISING HETEROLOGOUS ANTIGENS DERIVED FROM METAPNEUMOVIRUS
PP_002CR65	PP_002CR65.1	hmpv	HV988781	-:PAT	JP 2011167197-A/95: RECOMBINANT PARAINFLUENZA VIRUS EXPRESSION SYSTEMS AND VACCINES COMPRISING HETEROLOGOUS ANTIGENS DERIVED FROM METAPNEUMOVIRUS
PP_002CR73	PP_002CR73.1	hmpv	HV988782	-:PAT	JP 2011167197-A/96: RECOMBINANT PARAINFLUENZA VIRUS EXPRESSION SYSTEMS AND VACCINES COMPRISING HETEROLOGOUS ANTIGENS DERIVED FROM METAPNEUMOVIRUS
PP_002CR81	PP_002CR81.1	hmpv	HV988783	-:PAT	JP 2011167197-A/97: RECOMBINANT PARAINFLUENZA VIRUS EXPRESSION SYSTEMS AND VACCINES COMPRISING HETEROLOGOUS ANTIGENS DERIVED FROM METAPNEUMOVIRUS
PP_002CR9Z	PP_002CR9Z.1	hmpv	HV988784	-:PAT	JP 2011167197-A/98: RECOMBINANT PARAINFLUENZA VIRUS EXPRESSION SYSTEMS AND VACCINES COMPRISING HETEROLOGOUS ANTIGENS DERIVED FROM METAPNEUMOVIRUS
PP_002CRAX	PP_002CRAX.1	hmpv	HV988785	-:PAT	JP 2011167197-A/99: RECOMBINANT PARAINFLUENZA VIRUS EXPRESSION SYSTEMS AND VACCINES COMPRISING HETEROLOGOUS ANTIGENS DERIVED FROM METAPNEUMOVIRUS
PP_002CREP	PP_002CREP.1	hmpv	HV988786	-:PAT	JP 2011167197-A/100: RECOMBINANT PARAINFLUENZA VIRUS EXPRESSION SYSTEMS AND VACCINES COMPRISING HETEROLOGOUS ANTIGENS DERIVED FROM METAPNEUMOVIRUS
PP_002CRFM	PP_002CRFM.1	hmpv	HV988787	-:PAT	JP 2011167197-A/101: RECOMBINANT PARAINFLUENZA VIRUS EXPRESSION SYSTEMS AND VACCINES COMPRISING HETEROLOGOUS ANTIGENS DERIVED FROM METAPNEUMOVIRUS
PP_002CRGK	PP_002CRGK.1	hmpv	HV988788	-:PAT	JP 2011167197-A/102: RECOMBINANT PARAINFLUENZA VIRUS EXPRESSION SYSTEMS AND VACCINES COMPRISING HETEROLOGOUS ANTIGENS DERIVED FROM METAPNEUMOVIRUS
PP_002CRHG	PP_002CRHG.1	hmpv	HV988789	-:PAT	JP 2011167197-A/103: RECOMBINANT PARAINFLUENZA VIRUS EXPRESSION SYSTEMS AND VACCINES COMPRISING HETEROLOGOUS ANTIGENS DERIVED FROM METAPNEUMOVIRUS
PP_002CRJE	PP_002CRJE.1	hmpv	HV988790	-:PAT	JP 2011167197-A/104: RECOMBINANT PARAINFLUENZA VIRUS EXPRESSION SYSTEMS AND VACCINES COMPRISING HETEROLOGOUS ANTIGENS DERIVED FROM METAPNEUMOVIRUS
PP_002CRKC	PP_002CRKC.1	hmpv	HV988791	-:PAT	JP 2011167197-A/105: RECOMBINANT PARAINFLUENZA VIRUS EXPRESSION SYSTEMS AND VACCINES COMPRISING HETEROLOGOUS ANTIGENS DERIVED FROM METAPNEUMOVIRUS
PP_002CRLA	PP_002CRLA.1	hmpv	HV988792	-:PAT	JP 2011167197-A/106: RECOMBINANT PARAINFLUENZA VIRUS EXPRESSION SYSTEMS AND VACCINES COMPRISING HETEROLOGOUS ANTIGENS DERIVED FROM METAPNEUMOVIRUS
PP_002CRM8	PP_002CRM8.1	hmpv	HV988793	-:PAT	JP 2011167197-A/107: RECOMBINANT PARAINFLUENZA VIRUS EXPRESSION SYSTEMS AND VACCINES COMPRISING HETEROLOGOUS ANTIGENS DERIVED FROM METAPNEUMOVIRUS
PP_002CRN6	PP_002CRN6.1	hmpv	HV988794	-:PAT	JP 2011167197-A/108: RECOMBINANT PARAINFLUENZA VIRUS EXPRESSION SYSTEMS AND VACCINES COMPRISING HETEROLOGOUS ANTIGENS DERIVED FROM METAPNEUMOVIRUS
PP_002CRP4	PP_002CRP4.1	hmpv	HV988795	-:PAT	JP 2011167197-A/109: RECOMBINANT PARAINFLUENZA VIRUS EXPRESSION SYSTEMS AND VACCINES COMPRISING HETEROLOGOUS ANTIGENS DERIVED FROM METAPNEUMOVIRUS
PP_002CRQ2	PP_002CRQ2.1	hmpv	HV988796	-:PAT	JP 2011167197-A/110: RECOMBINANT PARAINFLUENZA VIRUS EXPRESSION SYSTEMS AND VACCINES COMPRISING HETEROLOGOUS ANTIGENS DERIVED FROM METAPNEUMOVIRUS
PP_002CRR0	PP_002CRR0.1	hmpv	HV988797	-:PAT	JP 2011167197-A/111: RECOMBINANT PARAINFLUENZA VIRUS EXPRESSION SYSTEMS AND VACCINES COMPRISING HETEROLOGOUS ANTIGENS DERIVED FROM METAPNEUMOVIRUS
PP_002CRSY	PP_002CRSY.1	hmpv	HV988798	-:PAT	JP 2011167197-A/112: RECOMBINANT PARAINFLUENZA VIRUS EXPRESSION SYSTEMS AND VACCINES COMPRISING HETEROLOGOUS ANTIGENS DERIVED FROM METAPNEUMOVIRUS
PP_002CRTW	PP_002CRTW.1	hmpv	HV988799	-:PAT	JP 2011167197-A/113: RECOMBINANT PARAINFLUENZA VIRUS EXPRESSION SYSTEMS AND VACCINES COMPRISING HETEROLOGOUS ANTIGENS DERIVED FROM METAPNEUMOVIRUS
PP_002CRUU	PP_002CRUU.1	hmpv	HV988800	-:PAT	JP 2011167197-A/114: RECOMBINANT PARAINFLUENZA VIRUS EXPRESSION SYSTEMS AND VACCINES COMPRISING HETEROLOGOUS ANTIGENS DERIVED FROM METAPNEUMOVIRUS
PP_002CRVS	PP_002CRVS.1	hmpv	HV988801	-:PAT	JP 2011167197-A/115: RECOMBINANT PARAINFLUENZA VIRUS EXPRESSION SYSTEMS AND VACCINES COMPRISING HETEROLOGOUS ANTIGENS DERIVED FROM METAPNEUMOVIRUS
PP_002CRWQ	PP_002CRWQ.1	hmpv	HV988802	-:PAT	JP 2011167197-A/116: RECOMBINANT PARAINFLUENZA VIRUS EXPRESSION SYSTEMS AND VACCINES COMPRISING HETEROLOGOUS ANTIGENS DERIVED FROM METAPNEUMOVIRUS
PP_002CRXN	PP_002CRXN.1	hmpv	HV988803	-:PAT	JP 2011167197-A/117: RECOMBINANT PARAINFLUENZA VIRUS EXPRESSION SYSTEMS AND VACCINES COMPRISING HETEROLOGOUS ANTIGENS DERIVED FROM METAPNEUMOVIRUS
PP_002CRYL	PP_002CRYL.1	hmpv	HV988804	-:PAT	JP 2011167197-A/118: RECOMBINANT PARAINFLUENZA VIRUS EXPRESSION SYSTEMS AND VACCINES COMPRISING HETEROLOGOUS ANTIGENS DERIVED FROM METAPNEUMOVIRUS
PP_002CRZJ	PP_002CRZJ.1	hmpv	HV988805	-:PAT	JP 2011167197-A/119: RECOMBINANT PARAINFLUENZA VIRUS EXPRESSION SYSTEMS AND VACCINES COMPRISING HETEROLOGOUS ANTIGENS DERIVED FROM METAPNEUMOVIRUS
PP_002CS0G	PP_002CS0G.1	hmpv	HV988806	-:PAT	JP 2011167197-A/120: RECOMBINANT PARAINFLUENZA VIRUS EXPRESSION SYSTEMS AND VACCINES COMPRISING HETEROLOGOUS ANTIGENS DERIVED FROM METAPNEUMOVIRUS
PP_002CS1E	PP_002CS1E.1	hmpv	HV988807	-:PAT	JP 2011167197-A/121: RECOMBINANT PARAINFLUENZA VIRUS EXPRESSION SYSTEMS AND VACCINES COMPRISING HETEROLOGOUS ANTIGENS DERIVED FROM METAPNEUMOVIRUS
PP_002CS2C	PP_002CS2C.1	hmpv	HV988808	-:PAT	JP 2011167197-A/122: RECOMBINANT PARAINFLUENZA VIRUS EXPRESSION SYSTEMS AND VACCINES COMPRISING HETEROLOGOUS ANTIGENS DERIVED FROM METAPNEUMOVIRUS
PP_002CS3A	PP_002CS3A.1	hmpv	HV988809	-:PAT	JP 2011167197-A/123: RECOMBINANT PARAINFLUENZA VIRUS EXPRESSION SYSTEMS AND VACCINES COMPRISING HETEROLOGOUS ANTIGENS DERIVED FROM METAPNEUMOVIRUS
PP_002CS48	PP_002CS48.1	hmpv	HV988810	-:PAT	JP 2011167197-A/124: RECOMBINANT PARAINFLUENZA VIRUS EXPRESSION SYSTEMS AND VACCINES COMPRISING HETEROLOGOUS ANTIGENS DERIVED FROM METAPNEUMOVIRUS
PP_002CS56	PP_002CS56.1	hmpv	HV988811	-:PAT	JP 2011167197-A/125: RECOMBINANT PARAINFLUENZA VIRUS EXPRESSION SYSTEMS AND VACCINES COMPRISING HETEROLOGOUS ANTIGENS DERIVED FROM METAPNEUMOVIRUS
PP_002CS64	PP_002CS64.1	hmpv	HV988812	-:PAT	JP 2011167197-A/126: RECOMBINANT PARAINFLUENZA VIRUS EXPRESSION SYSTEMS AND VACCINES COMPRISING HETEROLOGOUS ANTIGENS DERIVED FROM METAPNEUMOVIRUS
PP_002CS72	PP_002CS72.1	hmpv	HV988813	-:PAT	JP 2011167197-A/127: RECOMBINANT PARAINFLUENZA VIRUS EXPRESSION SYSTEMS AND VACCINES COMPRISING HETEROLOGOUS ANTIGENS DERIVED FROM METAPNEUMOVIRUS
PP_002CS80	PP_002CS80.1	hmpv	HV988814	-:PAT	JP 2011167197-A/128: RECOMBINANT PARAINFLUENZA VIRUS EXPRESSION SYSTEMS AND VACCINES COMPRISING HETEROLOGOUS ANTIGENS DERIVED FROM METAPNEUMOVIRUS
PP_002CS9Y	PP_002CS9Y.1	hmpv	HV988815	-:PAT	JP 2011167197-A/129: RECOMBINANT PARAINFLUENZA VIRUS EXPRESSION SYSTEMS AND VACCINES COMPRISING HETEROLOGOUS ANTIGENS DERIVED FROM METAPNEUMOVIRUS
PP_002CSAW	PP_002CSAW.1	hmpv	HV988816	-:PAT	JP 2011167197-A/130: RECOMBINANT PARAINFLUENZA VIRUS EXPRESSION SYSTEMS AND VACCINES COMPRISING HETEROLOGOUS ANTIGENS DERIVED FROM METAPNEUMOVIRUS
PP_002CSBU	PP_002CSBU.1	hmpv	HV988817	-:PAT	JP 2011167197-A/131: RECOMBINANT PARAINFLUENZA VIRUS EXPRESSION SYSTEMS AND VACCINES COMPRISING HETEROLOGOUS ANTIGENS DERIVED FROM METAPNEUMOVIRUS
PP_002CSCS	PP_002CSCS.1	hmpv	HV988818	-:PAT	JP 2011167197-A/132: RECOMBINANT PARAINFLUENZA VIRUS EXPRESSION SYSTEMS AND VACCINES COMPRISING HETEROLOGOUS ANTIGENS DERIVED FROM METAPNEUMOVIRUS
PP_002CSDQ	PP_002CSDQ.1	hmpv	HV988819	-:PAT	JP 2011167197-A/133: RECOMBINANT PARAINFLUENZA VIRUS EXPRESSION SYSTEMS AND VACCINES COMPRISING HETEROLOGOUS ANTIGENS DERIVED FROM METAPNEUMOVIRUS
PP_002CSEN	PP_002CSEN.1	hmpv	HV988820	-:PAT	JP 2011167197-A/134: RECOMBINANT PARAINFLUENZA VIRUS EXPRESSION SYSTEMS AND VACCINES COMPRISING HETEROLOGOUS ANTIGENS DERIVED FROM METAPNEUMOVIRUS
PP_002CSFL	PP_002CSFL.1	hmpv	HV988821	-:PAT	JP 2011167197-A/135: RECOMBINANT PARAINFLUENZA VIRUS EXPRESSION SYSTEMS AND VACCINES COMPRISING HETEROLOGOUS ANTIGENS DERIVED FROM METAPNEUMOVIRUS
PP_002CSGJ	PP_002CSGJ.1	hmpv	HV988822	-:PAT	JP 2011167197-A/136: RECOMBINANT PARAINFLUENZA VIRUS EXPRESSION SYSTEMS AND VACCINES COMPRISING HETEROLOGOUS ANTIGENS DERIVED FROM METAPNEUMOVIRUS
PP_002CSHF	PP_002CSHF.1	hmpv	HV988823	-:PAT	JP 2011167197-A/137: RECOMBINANT PARAINFLUENZA VIRUS EXPRESSION SYSTEMS AND VACCINES COMPRISING HETEROLOGOUS ANTIGENS DERIVED FROM METAPNEUMOVIRUS
PP_002CSJD	PP_002CSJD.1	hmpv	HV988824	-:PAT	JP 2011167197-A/138: RECOMBINANT PARAINFLUENZA VIRUS EXPRESSION SYSTEMS AND VACCINES COMPRISING HETEROLOGOUS ANTIGENS DERIVED FROM METAPNEUMOVIRUS
PP_002CSKB	PP_002CSKB.1	hmpv	HV988825	-:PAT	JP 2011167197-A/139: RECOMBINANT PARAINFLUENZA VIRUS EXPRESSION SYSTEMS AND VACCINES COMPRISING HETEROLOGOUS ANTIGENS DERIVED FROM METAPNEUMOVIRUS
PP_002CSL9	PP_002CSL9.1	hmpv	HV988826	-:PAT	JP 2011167197-A/140: RECOMBINANT PARAINFLUENZA VIRUS EXPRESSION SYSTEMS AND VACCINES COMPRISING HETEROLOGOUS ANTIGENS DERIVED FROM METAPNEUMOVIRUS
PP_002CSM7	PP_002CSM7.1	hmpv	HV988827	-:PAT	JP 2011167197-A/141: RECOMBINANT PARAINFLUENZA VIRUS EXPRESSION SYSTEMS AND VACCINES COMPRISING HETEROLOGOUS ANTIGENS DERIVED FROM METAPNEUMOVIRUS
PP_002CSN5	PP_002CSN5.1	hmpv	HV988828	-:PAT	JP 2011167197-A/142: RECOMBINANT PARAINFLUENZA VIRUS EXPRESSION SYSTEMS AND VACCINES COMPRISING HETEROLOGOUS ANTIGENS DERIVED FROM METAPNEUMOVIRUS
PP_002CSP3	PP_002CSP3.1	hmpv	HV988829	-:PAT	JP 2011167197-A/143: RECOMBINANT PARAINFLUENZA VIRUS EXPRESSION SYSTEMS AND VACCINES COMPRISING HETEROLOGOUS ANTIGENS DERIVED FROM METAPNEUMOVIRUS
PP_002CSQ1	PP_002CSQ1.1	hmpv	HV988830	-:PAT	JP 2011167197-A/144: RECOMBINANT PARAINFLUENZA VIRUS EXPRESSION SYSTEMS AND VACCINES COMPRISING HETEROLOGOUS ANTIGENS DERIVED FROM METAPNEUMOVIRUS
PP_002CSRZ	PP_002CSRZ.1	hmpv	HV988831	-:PAT	JP 2011167197-A/145: RECOMBINANT PARAINFLUENZA VIRUS EXPRESSION SYSTEMS AND VACCINES COMPRISING HETEROLOGOUS ANTIGENS DERIVED FROM METAPNEUMOVIRUS
PP_002CSSX	PP_002CSSX.1	hmpv	HV988832	-:PAT	JP 2011167197-A/146: RECOMBINANT PARAINFLUENZA VIRUS EXPRESSION SYSTEMS AND VACCINES COMPRISING HETEROLOGOUS ANTIGENS DERIVED FROM METAPNEUMOVIRUS
PP_002CSTV	PP_002CSTV.1	hmpv	HV988833	-:PAT	JP 2011167197-A/147: RECOMBINANT PARAINFLUENZA VIRUS EXPRESSION SYSTEMS AND VACCINES COMPRISING HETEROLOGOUS ANTIGENS DERIVED FROM METAPNEUMOVIRUS
PP_002CSUT	PP_002CSUT.1	hmpv	HV988834	-:PAT	JP 2011167197-A/148: RECOMBINANT PARAINFLUENZA VIRUS EXPRESSION SYSTEMS AND VACCINES COMPRISING HETEROLOGOUS ANTIGENS DERIVED FROM METAPNEUMOVIRUS
PP_002CSVR	PP_002CSVR.1	hmpv	HV988835	-:PAT	JP 2011167197-A/149: RECOMBINANT PARAINFLUENZA VIRUS EXPRESSION SYSTEMS AND VACCINES COMPRISING HETEROLOGOUS ANTIGENS DERIVED FROM METAPNEUMOVIRUS
PP_002CSWP	PP_002CSWP.1	hmpv	HV988836	-:PAT	JP 2011167197-A/150: RECOMBINANT PARAINFLUENZA VIRUS EXPRESSION SYSTEMS AND VACCINES COMPRISING HETEROLOGOUS ANTIGENS DERIVED FROM METAPNEUMOVIRUS
PP_002CSXM	PP_002CSXM.1	hmpv	HV988837	-:PAT	JP 2011167197-A/151: RECOMBINANT PARAINFLUENZA VIRUS EXPRESSION SYSTEMS AND VACCINES COMPRISING HETEROLOGOUS ANTIGENS DERIVED FROM METAPNEUMOVIRUS
PP_002CSYK	PP_002CSYK.1	hmpv	HV988838	-:PAT	JP 2011167197-A/152: RECOMBINANT PARAINFLUENZA VIRUS EXPRESSION SYSTEMS AND VACCINES COMPRISING HETEROLOGOUS ANTIGENS DERIVED FROM METAPNEUMOVIRUS
PP_002CSZH	PP_002CSZH.1	hmpv	HV988839	-:PAT	JP 2011167197-A/153: RECOMBINANT PARAINFLUENZA VIRUS EXPRESSION SYSTEMS AND VACCINES COMPRISING HETEROLOGOUS ANTIGENS DERIVED FROM METAPNEUMOVIRUS
PP_002CT0F	PP_002CT0F.1	hmpv	HV988840	-:PAT	JP 2011167197-A/154: RECOMBINANT PARAINFLUENZA VIRUS EXPRESSION SYSTEMS AND VACCINES COMPRISING HETEROLOGOUS ANTIGENS DERIVED FROM METAPNEUMOVIRUS
PP_002CT1D	PP_002CT1D.1	hmpv	HV988841	-:PAT	JP 2011167197-A/155: RECOMBINANT PARAINFLUENZA VIRUS EXPRESSION SYSTEMS AND VACCINES COMPRISING HETEROLOGOUS ANTIGENS DERIVED FROM METAPNEUMOVIRUS
PP_002CT2B	PP_002CT2B.1	hmpv	HV988842	-:PAT	JP 2011167197-A/156: RECOMBINANT PARAINFLUENZA VIRUS EXPRESSION SYSTEMS AND VACCINES COMPRISING HETEROLOGOUS ANTIGENS DERIVED FROM METAPNEUMOVIRUS
PP_002CT39	PP_002CT39.1	hmpv	HV988843	-:PAT	JP 2011167197-A/157: RECOMBINANT PARAINFLUENZA VIRUS EXPRESSION SYSTEMS AND VACCINES COMPRISING HETEROLOGOUS ANTIGENS DERIVED FROM METAPNEUMOVIRUS
PP_002CT47	PP_002CT47.1	hmpv	HV988844	-:PAT	JP 2011167197-A/158: RECOMBINANT PARAINFLUENZA VIRUS EXPRESSION SYSTEMS AND VACCINES COMPRISING HETEROLOGOUS ANTIGENS DERIVED FROM METAPNEUMOVIRUS
PP_002CT55	PP_002CT55.1	hmpv	HV988845	-:PAT	JP 2011167197-A/159: RECOMBINANT PARAINFLUENZA VIRUS EXPRESSION SYSTEMS AND VACCINES COMPRISING HETEROLOGOUS ANTIGENS DERIVED FROM METAPNEUMOVIRUS
PP_002CT63	PP_002CT63.1	hmpv	HV988846	-:PAT	JP 2011167197-A/160: RECOMBINANT PARAINFLUENZA VIRUS EXPRESSION SYSTEMS AND VACCINES COMPRISING HETEROLOGOUS ANTIGENS DERIVED FROM METAPNEUMOVIRUS
PP_002CT71	PP_002CT71.1	hmpv	HV988847	-:PAT	JP 2011167197-A/161: RECOMBINANT PARAINFLUENZA VIRUS EXPRESSION SYSTEMS AND VACCINES COMPRISING HETEROLOGOUS ANTIGENS DERIVED FROM METAPNEUMOVIRUS
PP_002CT8Z	PP_002CT8Z.1	hmpv	HV988848	-:PAT	JP 2011167197-A/162: RECOMBINANT PARAINFLUENZA VIRUS EXPRESSION SYSTEMS AND VACCINES COMPRISING HETEROLOGOUS ANTIGENS DERIVED FROM METAPNEUMOVIRUS
PP_002CT9X	PP_002CT9X.1	hmpv	HV988849	-:PAT	JP 2011167197-A/163: RECOMBINANT PARAINFLUENZA VIRUS EXPRESSION SYSTEMS AND VACCINES COMPRISING HETEROLOGOUS ANTIGENS DERIVED FROM METAPNEUMOVIRUS
PP_002CTAV	PP_002CTAV.1	hmpv	HV988850	-:PAT	JP 2011167197-A/164: RECOMBINANT PARAINFLUENZA VIRUS EXPRESSION SYSTEMS AND VACCINES COMPRISING HETEROLOGOUS ANTIGENS DERIVED FROM METAPNEUMOVIRUS
PP_002CTBT	PP_002CTBT.1	hmpv	HV988851	-:PAT	JP 2011167197-A/165: RECOMBINANT PARAINFLUENZA VIRUS EXPRESSION SYSTEMS AND VACCINES COMPRISING HETEROLOGOUS ANTIGENS DERIVED FROM METAPNEUMOVIRUS
PP_002CTCR	PP_002CTCR.1	hmpv	HV988852	-:PAT	JP 2011167197-A/166: RECOMBINANT PARAINFLUENZA VIRUS EXPRESSION SYSTEMS AND VACCINES COMPRISING HETEROLOGOUS ANTIGENS DERIVED FROM METAPNEUMOVIRUS
PP_002CTDP	PP_002CTDP.1	hmpv	HW071224	-:PAT	JP 2012530761-A/3: VACCINE
PP_002CTEM	PP_002CTEM.1	hmpv	HW269971	-:PAT	JP 2012105661-A/8: METAPNEUMOVIRUS STRAINS AND THEIR USE IN VACCINE FORMULATIONS AND AS VECTORS FOR EXPRESSION OF ANTIGENIC SEQUENCES
PP_002CTFK	PP_002CTFK.1	hmpv	HW269972	-:PAT	JP 2012105661-A/9: METAPNEUMOVIRUS STRAINS AND THEIR USE IN VACCINE FORMULATIONS AND AS VECTORS FOR EXPRESSION OF ANTIGENIC SEQUENCES
PP_002CTGH	PP_002CTGH.1	hmpv	HW269973	-:PAT	JP 2012105661-A/10: METAPNEUMOVIRUS STRAINS AND THEIR USE IN VACCINE FORMULATIONS AND AS VECTORS FOR EXPRESSION OF ANTIGENIC SEQUENCES
PP_002CTHE	PP_002CTHE.1	hmpv	HW269974	-:PAT	JP 2012105661-A/11: METAPNEUMOVIRUS STRAINS AND THEIR USE IN VACCINE FORMULATIONS AND AS VECTORS FOR EXPRESSION OF ANTIGENIC SEQUENCES
PP_002CTJC	PP_002CTJC.1	hmpv	HW270037	-:PAT	JP 2012105661-A/74: METAPNEUMOVIRUS STRAINS AND THEIR USE IN VACCINE FORMULATIONS AND AS VECTORS FOR EXPRESSION OF ANTIGENIC SEQUENCES
PP_002CTKA	PP_002CTKA.1	hmpv	HW270038	-:PAT	JP 2012105661-A/75: METAPNEUMOVIRUS STRAINS AND THEIR USE IN VACCINE FORMULATIONS AND AS VECTORS FOR EXPRESSION OF ANTIGENIC SEQUENCES
PP_002CTL8	PP_002CTL8.1	hmpv	HW270039	-:PAT	JP 2012105661-A/76: METAPNEUMOVIRUS STRAINS AND THEIR USE IN VACCINE FORMULATIONS AND AS VECTORS FOR EXPRESSION OF ANTIGENIC SEQUENCES
PP_002CTM6	PP_002CTM6.1	hmpv	HW270040	-:PAT	JP 2012105661-A/77: METAPNEUMOVIRUS STRAINS AND THEIR USE IN VACCINE FORMULATIONS AND AS VECTORS FOR EXPRESSION OF ANTIGENIC SEQUENCES
PP_002CTN4	PP_002CTN4.1	hmpv	HW270041	-:PAT	JP 2012105661-A/78: METAPNEUMOVIRUS STRAINS AND THEIR USE IN VACCINE FORMULATIONS AND AS VECTORS FOR EXPRESSION OF ANTIGENIC SEQUENCES
PP_002CTP2	PP_002CTP2.1	hmpv	HW270042	-:PAT	JP 2012105661-A/79: METAPNEUMOVIRUS STRAINS AND THEIR USE IN VACCINE FORMULATIONS AND AS VECTORS FOR EXPRESSION OF ANTIGENIC SEQUENCES
PP_002CTQ0	PP_002CTQ0.1	hmpv	HW270043	-:PAT	JP 2012105661-A/80: METAPNEUMOVIRUS STRAINS AND THEIR USE IN VACCINE FORMULATIONS AND AS VECTORS FOR EXPRESSION OF ANTIGENIC SEQUENCES
PP_002CTRY	PP_002CTRY.1	hmpv	HW270044	-:PAT	JP 2012105661-A/81: METAPNEUMOVIRUS STRAINS AND THEIR USE IN VACCINE FORMULATIONS AND AS VECTORS FOR EXPRESSION OF ANTIGENIC SEQUENCES
PP_002CTSW	PP_002CTSW.1	hmpv	HW270045	-:PAT	JP 2012105661-A/82: METAPNEUMOVIRUS STRAINS AND THEIR USE IN VACCINE FORMULATIONS AND AS VECTORS FOR EXPRESSION OF ANTIGENIC SEQUENCES
PP_002CTTU	PP_002CTTU.1	hmpv	HW270046	-:PAT	JP 2012105661-A/83: METAPNEUMOVIRUS STRAINS AND THEIR USE IN VACCINE FORMULATIONS AND AS VECTORS FOR EXPRESSION OF ANTIGENIC SEQUENCES
PP_002CTUS	PP_002CTUS.1	hmpv	HW270047	-:PAT	JP 2012105661-A/84: METAPNEUMOVIRUS STRAINS AND THEIR USE IN VACCINE FORMULATIONS AND AS VECTORS FOR EXPRESSION OF ANTIGENIC SEQUENCES
PP_002CTVQ	PP_002CTVQ.1	hmpv	HW270048	-:PAT	JP 2012105661-A/85: METAPNEUMOVIRUS STRAINS AND THEIR USE IN VACCINE FORMULATIONS AND AS VECTORS FOR EXPRESSION OF ANTIGENIC SEQUENCES
PP_002CTWN	PP_002CTWN.1	hmpv	HW270049	-:PAT	JP 2012105661-A/86: METAPNEUMOVIRUS STRAINS AND THEIR USE IN VACCINE FORMULATIONS AND AS VECTORS FOR EXPRESSION OF ANTIGENIC SEQUENCES
PP_002CTXL	PP_002CTXL.1	hmpv	HW270050	-:PAT	JP 2012105661-A/87: METAPNEUMOVIRUS STRAINS AND THEIR USE IN VACCINE FORMULATIONS AND AS VECTORS FOR EXPRESSION OF ANTIGENIC SEQUENCES
PP_002CTYJ	PP_002CTYJ.1	hmpv	HW270051	-:PAT	JP 2012105661-A/88: METAPNEUMOVIRUS STRAINS AND THEIR USE IN VACCINE FORMULATIONS AND AS VECTORS FOR EXPRESSION OF ANTIGENIC SEQUENCES
PP_002CTZG	PP_002CTZG.1	hmpv	HW270052	-:PAT	JP 2012105661-A/89: METAPNEUMOVIRUS STRAINS AND THEIR USE IN VACCINE FORMULATIONS AND AS VECTORS FOR EXPRESSION OF ANTIGENIC SEQUENCES
PP_002CU0E	PP_002CU0E.1	hmpv	HW270053	-:PAT	JP 2012105661-A/90: METAPNEUMOVIRUS STRAINS AND THEIR USE IN VACCINE FORMULATIONS AND AS VECTORS FOR EXPRESSION OF ANTIGENIC SEQUENCES
PP_002CU1C	PP_002CU1C.1	hmpv	HW270054	-:PAT	JP 2012105661-A/91: METAPNEUMOVIRUS STRAINS AND THEIR USE IN VACCINE FORMULATIONS AND AS VECTORS FOR EXPRESSION OF ANTIGENIC SEQUENCES
PP_002CU2A	PP_002CU2A.1	hmpv	HW270055	-:PAT	JP 2012105661-A/92: METAPNEUMOVIRUS STRAINS AND THEIR USE IN VACCINE FORMULATIONS AND AS VECTORS FOR EXPRESSION OF ANTIGENIC SEQUENCES
PP_002CU38	PP_002CU38.1	hmpv	HW270056	-:PAT	JP 2012105661-A/93: METAPNEUMOVIRUS STRAINS AND THEIR USE IN VACCINE FORMULATIONS AND AS VECTORS FOR EXPRESSION OF ANTIGENIC SEQUENCES
PP_002CU46	PP_002CU46.1	hmpv	HW270057	-:PAT	JP 2012105661-A/94: METAPNEUMOVIRUS STRAINS AND THEIR USE IN VACCINE FORMULATIONS AND AS VECTORS FOR EXPRESSION OF ANTIGENIC SEQUENCES
PP_002CU54	PP_002CU54.1	hmpv	HW270058	-:PAT	JP 2012105661-A/95: METAPNEUMOVIRUS STRAINS AND THEIR USE IN VACCINE FORMULATIONS AND AS VECTORS FOR EXPRESSION OF ANTIGENIC SEQUENCES
PP_002CU62	PP_002CU62.1	hmpv	HW270059	-:PAT	JP 2012105661-A/96: METAPNEUMOVIRUS STRAINS AND THEIR USE IN VACCINE FORMULATIONS AND AS VECTORS FOR EXPRESSION OF ANTIGENIC SEQUENCES
PP_002CU70	PP_002CU70.1	hmpv	HW270060	-:PAT	JP 2012105661-A/97: METAPNEUMOVIRUS STRAINS AND THEIR USE IN VACCINE FORMULATIONS AND AS VECTORS FOR EXPRESSION OF ANTIGENIC SEQUENCES
PP_002CU8Y	PP_002CU8Y.1	hmpv	HW270061	-:PAT	JP 2012105661-A/98: METAPNEUMOVIRUS STRAINS AND THEIR USE IN VACCINE FORMULATIONS AND AS VECTORS FOR EXPRESSION OF ANTIGENIC SEQUENCES
PP_002CU9W	PP_002CU9W.1	hmpv	HW270062	-:PAT	JP 2012105661-A/99: METAPNEUMOVIRUS STRAINS AND THEIR USE IN VACCINE FORMULATIONS AND AS VECTORS FOR EXPRESSION OF ANTIGENIC SEQUENCES
PP_002CUAU	PP_002CUAU.1	hmpv	HW270063	-:PAT	JP 2012105661-A/100: METAPNEUMOVIRUS STRAINS AND THEIR USE IN VACCINE FORMULATIONS AND AS VECTORS FOR EXPRESSION OF ANTIGENIC SEQUENCES
PP_002CUBS	PP_002CUBS.1	hmpv	HW270064	-:PAT	JP 2012105661-A/101: METAPNEUMOVIRUS STRAINS AND THEIR USE IN VACCINE FORMULATIONS AND AS VECTORS FOR EXPRESSION OF ANTIGENIC SEQUENCES
PP_002CUCQ	PP_002CUCQ.1	hmpv	HW270065	-:PAT	JP 2012105661-A/102: METAPNEUMOVIRUS STRAINS AND THEIR USE IN VACCINE FORMULATIONS AND AS VECTORS FOR EXPRESSION OF ANTIGENIC SEQUENCES
PP_002CUDN	PP_002CUDN.1	hmpv	HW270066	-:PAT	JP 2012105661-A/103: METAPNEUMOVIRUS STRAINS AND THEIR USE IN VACCINE FORMULATIONS AND AS VECTORS FOR EXPRESSION OF ANTIGENIC SEQUENCES
PP_002CUEL	PP_002CUEL.1	hmpv	HW270067	-:PAT	JP 2012105661-A/104: METAPNEUMOVIRUS STRAINS AND THEIR USE IN VACCINE FORMULATIONS AND AS VECTORS FOR EXPRESSION OF ANTIGENIC SEQUENCES
PP_002CUFJ	PP_002CUFJ.1	hmpv	HW270068	-:PAT	JP 2012105661-A/105: METAPNEUMOVIRUS STRAINS AND THEIR USE IN VACCINE FORMULATIONS AND AS VECTORS FOR EXPRESSION OF ANTIGENIC SEQUENCES
PP_002CUGG	PP_002CUGG.1	hmpv	HW270069	-:PAT	JP 2012105661-A/106: METAPNEUMOVIRUS STRAINS AND THEIR USE IN VACCINE FORMULATIONS AND AS VECTORS FOR EXPRESSION OF ANTIGENIC SEQUENCES
PP_002CUHD	PP_002CUHD.1	hmpv	HW270070	-:PAT	JP 2012105661-A/107: METAPNEUMOVIRUS STRAINS AND THEIR USE IN VACCINE FORMULATIONS AND AS VECTORS FOR EXPRESSION OF ANTIGENIC SEQUENCES
PP_002CUJB	PP_002CUJB.1	hmpv	HW270071	-:PAT	JP 2012105661-A/108: METAPNEUMOVIRUS STRAINS AND THEIR USE IN VACCINE FORMULATIONS AND AS VECTORS FOR EXPRESSION OF ANTIGENIC SEQUENCES
PP_002CUK9	PP_002CUK9.1	hmpv	HW270072	-:PAT	JP 2012105661-A/109: METAPNEUMOVIRUS STRAINS AND THEIR USE IN VACCINE FORMULATIONS AND AS VECTORS FOR EXPRESSION OF ANTIGENIC SEQUENCES
PP_002CUL7	PP_002CUL7.1	hmpv	HW270073	-:PAT	JP 2012105661-A/110: METAPNEUMOVIRUS STRAINS AND THEIR USE IN VACCINE FORMULATIONS AND AS VECTORS FOR EXPRESSION OF ANTIGENIC SEQUENCES
PP_002CUM5	PP_002CUM5.1	hmpv	HW270074	-:PAT	JP 2012105661-A/111: METAPNEUMOVIRUS STRAINS AND THEIR USE IN VACCINE FORMULATIONS AND AS VECTORS FOR EXPRESSION OF ANTIGENIC SEQUENCES
PP_002CUN3	PP_002CUN3.1	hmpv	HW270075	-:PAT	JP 2012105661-A/112: METAPNEUMOVIRUS STRAINS AND THEIR USE IN VACCINE FORMULATIONS AND AS VECTORS FOR EXPRESSION OF ANTIGENIC SEQUENCES
PP_002CUP1	PP_002CUP1.1	hmpv	HW270076	-:PAT	JP 2012105661-A/113: METAPNEUMOVIRUS STRAINS AND THEIR USE IN VACCINE FORMULATIONS AND AS VECTORS FOR EXPRESSION OF ANTIGENIC SEQUENCES
PP_002CUQZ	PP_002CUQZ.1	hmpv	HW270077	-:PAT	JP 2012105661-A/114: METAPNEUMOVIRUS STRAINS AND THEIR USE IN VACCINE FORMULATIONS AND AS VECTORS FOR EXPRESSION OF ANTIGENIC SEQUENCES
PP_002CURX	PP_002CURX.1	hmpv	HW270078	-:PAT	JP 2012105661-A/115: METAPNEUMOVIRUS STRAINS AND THEIR USE IN VACCINE FORMULATIONS AND AS VECTORS FOR EXPRESSION OF ANTIGENIC SEQUENCES
PP_002CUSV	PP_002CUSV.1	hmpv	HW270079	-:PAT	JP 2012105661-A/116: METAPNEUMOVIRUS STRAINS AND THEIR USE IN VACCINE FORMULATIONS AND AS VECTORS FOR EXPRESSION OF ANTIGENIC SEQUENCES
PP_002CUTT	PP_002CUTT.1	hmpv	HW270080	-:PAT	JP 2012105661-A/117: METAPNEUMOVIRUS STRAINS AND THEIR USE IN VACCINE FORMULATIONS AND AS VECTORS FOR EXPRESSION OF ANTIGENIC SEQUENCES
PP_002CUUR	PP_002CUUR.1	hmpv	HW270081	-:PAT	JP 2012105661-A/118: METAPNEUMOVIRUS STRAINS AND THEIR USE IN VACCINE FORMULATIONS AND AS VECTORS FOR EXPRESSION OF ANTIGENIC SEQUENCES
PP_002CUVP	PP_002CUVP.1	hmpv	HW270082	-:PAT	JP 2012105661-A/119: METAPNEUMOVIRUS STRAINS AND THEIR USE IN VACCINE FORMULATIONS AND AS VECTORS FOR EXPRESSION OF ANTIGENIC SEQUENCES
PP_002CUWM	PP_002CUWM.1	hmpv	HW270083	-:PAT	JP 2012105661-A/120: METAPNEUMOVIRUS STRAINS AND THEIR USE IN VACCINE FORMULATIONS AND AS VECTORS FOR EXPRESSION OF ANTIGENIC SEQUENCES
PP_002CUXK	PP_002CUXK.1	hmpv	HW270084	-:PAT	JP 2012105661-A/121: METAPNEUMOVIRUS STRAINS AND THEIR USE IN VACCINE FORMULATIONS AND AS VECTORS FOR EXPRESSION OF ANTIGENIC SEQUENCES
PP_002CUYH	PP_002CUYH.1	hmpv	HW270085	-:PAT	JP 2012105661-A/122: METAPNEUMOVIRUS STRAINS AND THEIR USE IN VACCINE FORMULATIONS AND AS VECTORS FOR EXPRESSION OF ANTIGENIC SEQUENCES
PP_002CUZF	PP_002CUZF.1	hmpv	HW270086	-:PAT	JP 2012105661-A/123: METAPNEUMOVIRUS STRAINS AND THEIR USE IN VACCINE FORMULATIONS AND AS VECTORS FOR EXPRESSION OF ANTIGENIC SEQUENCES
PP_002CV0D	PP_002CV0D.1	hmpv	HW270087	-:PAT	JP 2012105661-A/124: METAPNEUMOVIRUS STRAINS AND THEIR USE IN VACCINE FORMULATIONS AND AS VECTORS FOR EXPRESSION OF ANTIGENIC SEQUENCES
PP_002CV1B	PP_002CV1B.1	hmpv	HW270088	-:PAT	JP 2012105661-A/125: METAPNEUMOVIRUS STRAINS AND THEIR USE IN VACCINE FORMULATIONS AND AS VECTORS FOR EXPRESSION OF ANTIGENIC SEQUENCES
PP_002CV29	PP_002CV29.1	hmpv	HW270089	-:PAT	JP 2012105661-A/126: METAPNEUMOVIRUS STRAINS AND THEIR USE IN VACCINE FORMULATIONS AND AS VECTORS FOR EXPRESSION OF ANTIGENIC SEQUENCES
PP_002CV37	PP_002CV37.1	hmpv	HW270090	-:PAT	JP 2012105661-A/127: METAPNEUMOVIRUS STRAINS AND THEIR USE IN VACCINE FORMULATIONS AND AS VECTORS FOR EXPRESSION OF ANTIGENIC SEQUENCES
PP_002CV45	PP_002CV45.1	hmpv	HW270091	-:PAT	JP 2012105661-A/128: METAPNEUMOVIRUS STRAINS AND THEIR USE IN VACCINE FORMULATIONS AND AS VECTORS FOR EXPRESSION OF ANTIGENIC SEQUENCES
PP_002CV53	PP_002CV53.1	hmpv	HW270092	-:PAT	JP 2012105661-A/129: METAPNEUMOVIRUS STRAINS AND THEIR USE IN VACCINE FORMULATIONS AND AS VECTORS FOR EXPRESSION OF ANTIGENIC SEQUENCES
PP_002CV61	PP_002CV61.1	hmpv	HW270093	-:PAT	JP 2012105661-A/130: METAPNEUMOVIRUS STRAINS AND THEIR USE IN VACCINE FORMULATIONS AND AS VECTORS FOR EXPRESSION OF ANTIGENIC SEQUENCES
PP_002CV7Z	PP_002CV7Z.1	hmpv	HW270094	-:PAT	JP 2012105661-A/131: METAPNEUMOVIRUS STRAINS AND THEIR USE IN VACCINE FORMULATIONS AND AS VECTORS FOR EXPRESSION OF ANTIGENIC SEQUENCES
PP_002CV8X	PP_002CV8X.1	hmpv	HW270095	-:PAT	JP 2012105661-A/132: METAPNEUMOVIRUS STRAINS AND THEIR USE IN VACCINE FORMULATIONS AND AS VECTORS FOR EXPRESSION OF ANTIGENIC SEQUENCES
PP_002CV9V	PP_002CV9V.1	hmpv	HW270096	-:PAT	JP 2012105661-A/133: METAPNEUMOVIRUS STRAINS AND THEIR USE IN VACCINE FORMULATIONS AND AS VECTORS FOR EXPRESSION OF ANTIGENIC SEQUENCES
PP_002CVAT	PP_002CVAT.1	hmpv	HW270097	-:PAT	JP 2012105661-A/134: METAPNEUMOVIRUS STRAINS AND THEIR USE IN VACCINE FORMULATIONS AND AS VECTORS FOR EXPRESSION OF ANTIGENIC SEQUENCES
PP_002CVBR	PP_002CVBR.1	hmpv	HW270098	-:PAT	JP 2012105661-A/135: METAPNEUMOVIRUS STRAINS AND THEIR USE IN VACCINE FORMULATIONS AND AS VECTORS FOR EXPRESSION OF ANTIGENIC SEQUENCES
PP_002CVCP	PP_002CVCP.1	hmpv	HW270099	-:PAT	JP 2012105661-A/136: METAPNEUMOVIRUS STRAINS AND THEIR USE IN VACCINE FORMULATIONS AND AS VECTORS FOR EXPRESSION OF ANTIGENIC SEQUENCES
PP_002CVDM	PP_002CVDM.1	hmpv	HW270100	-:PAT	JP 2012105661-A/137: METAPNEUMOVIRUS STRAINS AND THEIR USE IN VACCINE FORMULATIONS AND AS VECTORS FOR EXPRESSION OF ANTIGENIC SEQUENCES
PP_002CVEK	PP_002CVEK.1	hmpv	HW270101	-:PAT	JP 2012105661-A/138: METAPNEUMOVIRUS STRAINS AND THEIR USE IN VACCINE FORMULATIONS AND AS VECTORS FOR EXPRESSION OF ANTIGENIC SEQUENCES
PP_002CVFH	PP_002CVFH.1	hmpv	HW270102	-:PAT	JP 2012105661-A/139: METAPNEUMOVIRUS STRAINS AND THEIR USE IN VACCINE FORMULATIONS AND AS VECTORS FOR EXPRESSION OF ANTIGENIC SEQUENCES
PP_002CVGF	PP_002CVGF.1	hmpv	HW270103	-:PAT	JP 2012105661-A/140: METAPNEUMOVIRUS STRAINS AND THEIR USE IN VACCINE FORMULATIONS AND AS VECTORS FOR EXPRESSION OF ANTIGENIC SEQUENCES
PP_002CVHC	PP_002CVHC.1	hmpv	HW270104	-:PAT	JP 2012105661-A/141: METAPNEUMOVIRUS STRAINS AND THEIR USE IN VACCINE FORMULATIONS AND AS VECTORS FOR EXPRESSION OF ANTIGENIC SEQUENCES
PP_002CVJA	PP_002CVJA.1	hmpv	HW270105	-:PAT	JP 2012105661-A/142: METAPNEUMOVIRUS STRAINS AND THEIR USE IN VACCINE FORMULATIONS AND AS VECTORS FOR EXPRESSION OF ANTIGENIC SEQUENCES
PP_002CVK8	PP_002CVK8.1	hmpv	HW270106	-:PAT	JP 2012105661-A/143: METAPNEUMOVIRUS STRAINS AND THEIR USE IN VACCINE FORMULATIONS AND AS VECTORS FOR EXPRESSION OF ANTIGENIC SEQUENCES
PP_002CVL6	PP_002CVL6.1	hmpv	HW270107	-:PAT	JP 2012105661-A/144: METAPNEUMOVIRUS STRAINS AND THEIR USE IN VACCINE FORMULATIONS AND AS VECTORS FOR EXPRESSION OF ANTIGENIC SEQUENCES
PP_002CVM4	PP_002CVM4.1	hmpv	HW270108	-:PAT	JP 2012105661-A/145: METAPNEUMOVIRUS STRAINS AND THEIR USE IN VACCINE FORMULATIONS AND AS VECTORS FOR EXPRESSION OF ANTIGENIC SEQUENCES
PP_002CVN2	PP_002CVN2.1	hmpv	HW270109	-:PAT	JP 2012105661-A/146: METAPNEUMOVIRUS STRAINS AND THEIR USE IN VACCINE FORMULATIONS AND AS VECTORS FOR EXPRESSION OF ANTIGENIC SEQUENCES
PP_002CVP0	PP_002CVP0.1	hmpv	HW270110	-:PAT	JP 2012105661-A/147: METAPNEUMOVIRUS STRAINS AND THEIR USE IN VACCINE FORMULATIONS AND AS VECTORS FOR EXPRESSION OF ANTIGENIC SEQUENCES
PP_002CVQY	PP_002CVQY.1	hmpv	HW270111	-:PAT	JP 2012105661-A/148: METAPNEUMOVIRUS STRAINS AND THEIR USE IN VACCINE FORMULATIONS AND AS VECTORS FOR EXPRESSION OF ANTIGENIC SEQUENCES
PP_002CVRW	PP_002CVRW.1	hmpv	HW270112	-:PAT	JP 2012105661-A/149: METAPNEUMOVIRUS STRAINS AND THEIR USE IN VACCINE FORMULATIONS AND AS VECTORS FOR EXPRESSION OF ANTIGENIC SEQUENCES
PP_002CVSU	PP_002CVSU.1	hmpv	HW270113	-:PAT	JP 2012105661-A/150: METAPNEUMOVIRUS STRAINS AND THEIR USE IN VACCINE FORMULATIONS AND AS VECTORS FOR EXPRESSION OF ANTIGENIC SEQUENCES
PP_002CVTS	PP_002CVTS.1	hmpv	HW270114	-:PAT	JP 2012105661-A/151: METAPNEUMOVIRUS STRAINS AND THEIR USE IN VACCINE FORMULATIONS AND AS VECTORS FOR EXPRESSION OF ANTIGENIC SEQUENCES
PP_002CVUQ	PP_002CVUQ.1	hmpv	HW270115	-:PAT	JP 2012105661-A/152: METAPNEUMOVIRUS STRAINS AND THEIR USE IN VACCINE FORMULATIONS AND AS VECTORS FOR EXPRESSION OF ANTIGENIC SEQUENCES
PP_002CVVN	PP_002CVVN.1	hmpv	HW270116	-:PAT	JP 2012105661-A/153: METAPNEUMOVIRUS STRAINS AND THEIR USE IN VACCINE FORMULATIONS AND AS VECTORS FOR EXPRESSION OF ANTIGENIC SEQUENCES
PP_002CVWL	PP_002CVWL.1	hmpv	HW270117	-:PAT	JP 2012105661-A/154: METAPNEUMOVIRUS STRAINS AND THEIR USE IN VACCINE FORMULATIONS AND AS VECTORS FOR EXPRESSION OF ANTIGENIC SEQUENCES
PP_002CVXJ	PP_002CVXJ.1	hmpv	HW270118	-:PAT	JP 2012105661-A/155: METAPNEUMOVIRUS STRAINS AND THEIR USE IN VACCINE FORMULATIONS AND AS VECTORS FOR EXPRESSION OF ANTIGENIC SEQUENCES
PP_002CVYG	PP_002CVYG.1	hmpv	HW270119	-:PAT	JP 2012105661-A/156: METAPNEUMOVIRUS STRAINS AND THEIR USE IN VACCINE FORMULATIONS AND AS VECTORS FOR EXPRESSION OF ANTIGENIC SEQUENCES
PP_002CVZE	PP_002CVZE.1	hmpv	HW270120	-:PAT	JP 2012105661-A/157: METAPNEUMOVIRUS STRAINS AND THEIR USE IN VACCINE FORMULATIONS AND AS VECTORS FOR EXPRESSION OF ANTIGENIC SEQUENCES
PP_002CW0C	PP_002CW0C.1	hmpv	HW270121	-:PAT	JP 2012105661-A/158: METAPNEUMOVIRUS STRAINS AND THEIR USE IN VACCINE FORMULATIONS AND AS VECTORS FOR EXPRESSION OF ANTIGENIC SEQUENCES
PP_002CW1A	PP_002CW1A.1	hmpv	HW270122	-:PAT	JP 2012105661-A/159: METAPNEUMOVIRUS STRAINS AND THEIR USE IN VACCINE FORMULATIONS AND AS VECTORS FOR EXPRESSION OF ANTIGENIC SEQUENCES
PP_002CW28	PP_002CW28.1	hmpv	HW270123	-:PAT	JP 2012105661-A/160: METAPNEUMOVIRUS STRAINS AND THEIR USE IN VACCINE FORMULATIONS AND AS VECTORS FOR EXPRESSION OF ANTIGENIC SEQUENCES
PP_002CW36	PP_002CW36.1	hmpv	HW270124	-:PAT	JP 2012105661-A/161: METAPNEUMOVIRUS STRAINS AND THEIR USE IN VACCINE FORMULATIONS AND AS VECTORS FOR EXPRESSION OF ANTIGENIC SEQUENCES
PP_002CW44	PP_002CW44.1	hmpv	HW270125	-:PAT	JP 2012105661-A/162: METAPNEUMOVIRUS STRAINS AND THEIR USE IN VACCINE FORMULATIONS AND AS VECTORS FOR EXPRESSION OF ANTIGENIC SEQUENCES
PP_002CW52	PP_002CW52.1	hmpv	HW270126	-:PAT	JP 2012105661-A/163: METAPNEUMOVIRUS STRAINS AND THEIR USE IN VACCINE FORMULATIONS AND AS VECTORS FOR EXPRESSION OF ANTIGENIC SEQUENCES
PP_002CW60	PP_002CW60.1	hmpv	HW270127	-:PAT	JP 2012105661-A/164: METAPNEUMOVIRUS STRAINS AND THEIR USE IN VACCINE FORMULATIONS AND AS VECTORS FOR EXPRESSION OF ANTIGENIC SEQUENCES
PP_002CW7Y	PP_002CW7Y.1	hmpv	HW270128	-:PAT	JP 2012105661-A/165: METAPNEUMOVIRUS STRAINS AND THEIR USE IN VACCINE FORMULATIONS AND AS VECTORS FOR EXPRESSION OF ANTIGENIC SEQUENCES
PP_002CW8W	PP_002CW8W.1	hmpv	HW270129	-:PAT	JP 2012105661-A/166: METAPNEUMOVIRUS STRAINS AND THEIR USE IN VACCINE FORMULATIONS AND AS VECTORS FOR EXPRESSION OF ANTIGENIC SEQUENCES
PP_002CW9U	PP_002CW9U.1	hmpv	HW270130	-:PAT	JP 2012105661-A/167: METAPNEUMOVIRUS STRAINS AND THEIR USE IN VACCINE FORMULATIONS AND AS VECTORS FOR EXPRESSION OF ANTIGENIC SEQUENCES
PP_002CWAS	PP_002CWAS.1	hmpv	HW270131	-:PAT	JP 2012105661-A/168: METAPNEUMOVIRUS STRAINS AND THEIR USE IN VACCINE FORMULATIONS AND AS VECTORS FOR EXPRESSION OF ANTIGENIC SEQUENCES
PP_002CWBQ	PP_002CWBQ.1	hmpv	HW270132	-:PAT	JP 2012105661-A/169: METAPNEUMOVIRUS STRAINS AND THEIR USE IN VACCINE FORMULATIONS AND AS VECTORS FOR EXPRESSION OF ANTIGENIC SEQUENCES
PP_002CWCN	PP_002CWCN.1	hmpv	HW270133	-:PAT	JP 2012105661-A/170: METAPNEUMOVIRUS STRAINS AND THEIR USE IN VACCINE FORMULATIONS AND AS VECTORS FOR EXPRESSION OF ANTIGENIC SEQUENCES
PP_002CWDL	PP_002CWDL.1	hmpv	HW270134	-:PAT	JP 2012105661-A/171: METAPNEUMOVIRUS STRAINS AND THEIR USE IN VACCINE FORMULATIONS AND AS VECTORS FOR EXPRESSION OF ANTIGENIC SEQUENCES
PP_002CWEJ	PP_002CWEJ.1	hmpv	HW270135	-:PAT	JP 2012105661-A/172: METAPNEUMOVIRUS STRAINS AND THEIR USE IN VACCINE FORMULATIONS AND AS VECTORS FOR EXPRESSION OF ANTIGENIC SEQUENCES
PP_002CWFG	PP_002CWFG.1	hmpv	HW270136	-:PAT	JP 2012105661-A/173: METAPNEUMOVIRUS STRAINS AND THEIR USE IN VACCINE FORMULATIONS AND AS VECTORS FOR EXPRESSION OF ANTIGENIC SEQUENCES
PP_002CWGE	PP_002CWGE.1	hmpv	HW270137	-:PAT	JP 2012105661-A/174: METAPNEUMOVIRUS STRAINS AND THEIR USE IN VACCINE FORMULATIONS AND AS VECTORS FOR EXPRESSION OF ANTIGENIC SEQUENCES
PP_002CWHB	PP_002CWHB.1	hmpv	HW270138	-:PAT	JP 2012105661-A/175: METAPNEUMOVIRUS STRAINS AND THEIR USE IN VACCINE FORMULATIONS AND AS VECTORS FOR EXPRESSION OF ANTIGENIC SEQUENCES
PP_002CWJ9	PP_002CWJ9.1	hmpv	HW270139	-:PAT	JP 2012105661-A/176: METAPNEUMOVIRUS STRAINS AND THEIR USE IN VACCINE FORMULATIONS AND AS VECTORS FOR EXPRESSION OF ANTIGENIC SEQUENCES
PP_002CWK7	PP_002CWK7.1	hmpv	HW270140	-:PAT	JP 2012105661-A/177: METAPNEUMOVIRUS STRAINS AND THEIR USE IN VACCINE FORMULATIONS AND AS VECTORS FOR EXPRESSION OF ANTIGENIC SEQUENCES
PP_002CWL5	PP_002CWL5.1	hmpv	HW270141	-:PAT	JP 2012105661-A/178: METAPNEUMOVIRUS STRAINS AND THEIR USE IN VACCINE FORMULATIONS AND AS VECTORS FOR EXPRESSION OF ANTIGENIC SEQUENCES
PP_002CWM3	PP_002CWM3.1	hmpv	HW270142	-:PAT	JP 2012105661-A/179: METAPNEUMOVIRUS STRAINS AND THEIR USE IN VACCINE FORMULATIONS AND AS VECTORS FOR EXPRESSION OF ANTIGENIC SEQUENCES
PP_002CWN1	PP_002CWN1.1	hmpv	HW270143	-:PAT	JP 2012105661-A/180: METAPNEUMOVIRUS STRAINS AND THEIR USE IN VACCINE FORMULATIONS AND AS VECTORS FOR EXPRESSION OF ANTIGENIC SEQUENCES
PP_002CWPZ	PP_002CWPZ.1	hmpv	HW270144	-:PAT	JP 2012105661-A/181: METAPNEUMOVIRUS STRAINS AND THEIR USE IN VACCINE FORMULATIONS AND AS VECTORS FOR EXPRESSION OF ANTIGENIC SEQUENCES
PP_002CWQX	PP_002CWQX.1	hmpv	HW270145	-:PAT	JP 2012105661-A/182: METAPNEUMOVIRUS STRAINS AND THEIR USE IN VACCINE FORMULATIONS AND AS VECTORS FOR EXPRESSION OF ANTIGENIC SEQUENCES
PP_002CWRV	PP_002CWRV.1	hmpv	HW270146	-:PAT	JP 2012105661-A/183: METAPNEUMOVIRUS STRAINS AND THEIR USE IN VACCINE FORMULATIONS AND AS VECTORS FOR EXPRESSION OF ANTIGENIC SEQUENCES
PP_002CWST	PP_002CWST.1	hmpv	HW270147	-:PAT	JP 2012105661-A/184: METAPNEUMOVIRUS STRAINS AND THEIR USE IN VACCINE FORMULATIONS AND AS VECTORS FOR EXPRESSION OF ANTIGENIC SEQUENCES
PP_002CWTR	PP_002CWTR.1	hmpv	HW270148	-:PAT	JP 2012105661-A/185: METAPNEUMOVIRUS STRAINS AND THEIR USE IN VACCINE FORMULATIONS AND AS VECTORS FOR EXPRESSION OF ANTIGENIC SEQUENCES
PP_002CWUP	PP_002CWUP.1	hmpv	HW270149	-:PAT	JP 2012105661-A/186: METAPNEUMOVIRUS STRAINS AND THEIR USE IN VACCINE FORMULATIONS AND AS VECTORS FOR EXPRESSION OF ANTIGENIC SEQUENCES
PP_002CWVM	PP_002CWVM.1	hmpv	HW270150	-:PAT	JP 2012105661-A/187: METAPNEUMOVIRUS STRAINS AND THEIR USE IN VACCINE FORMULATIONS AND AS VECTORS FOR EXPRESSION OF ANTIGENIC SEQUENCES
PP_002CWWK	PP_002CWWK.1	hmpv	HW270151	-:PAT	JP 2012105661-A/188: METAPNEUMOVIRUS STRAINS AND THEIR USE IN VACCINE FORMULATIONS AND AS VECTORS FOR EXPRESSION OF ANTIGENIC SEQUENCES
PP_002CWXH	PP_002CWXH.1	hmpv	HW270152	-:PAT	JP 2012105661-A/189: METAPNEUMOVIRUS STRAINS AND THEIR USE IN VACCINE FORMULATIONS AND AS VECTORS FOR EXPRESSION OF ANTIGENIC SEQUENCES
PP_002CWYF	PP_002CWYF.1	hmpv	HW270153	-:PAT	JP 2012105661-A/190: METAPNEUMOVIRUS STRAINS AND THEIR USE IN VACCINE FORMULATIONS AND AS VECTORS FOR EXPRESSION OF ANTIGENIC SEQUENCES
PP_002CWZD	PP_002CWZD.1	hmpv	HW270154	-:PAT	JP 2012105661-A/191: METAPNEUMOVIRUS STRAINS AND THEIR USE IN VACCINE FORMULATIONS AND AS VECTORS FOR EXPRESSION OF ANTIGENIC SEQUENCES
PP_002CX0B	PP_002CX0B.1	hmpv	HW270155	-:PAT	JP 2012105661-A/192: METAPNEUMOVIRUS STRAINS AND THEIR USE IN VACCINE FORMULATIONS AND AS VECTORS FOR EXPRESSION OF ANTIGENIC SEQUENCES
PP_002CX19	PP_002CX19.1	hmpv	HW270156	-:PAT	JP 2012105661-A/193: METAPNEUMOVIRUS STRAINS AND THEIR USE IN VACCINE FORMULATIONS AND AS VECTORS FOR EXPRESSION OF ANTIGENIC SEQUENCES
PP_002CX27	PP_002CX27.1	hmpv	HW270157	-:PAT	JP 2012105661-A/194: METAPNEUMOVIRUS STRAINS AND THEIR USE IN VACCINE FORMULATIONS AND AS VECTORS FOR EXPRESSION OF ANTIGENIC SEQUENCES
PP_002CX35	PP_002CX35.1	hmpv	HW270158	-:PAT	JP 2012105661-A/195: METAPNEUMOVIRUS STRAINS AND THEIR USE IN VACCINE FORMULATIONS AND AS VECTORS FOR EXPRESSION OF ANTIGENIC SEQUENCES
PP_002CX43	PP_002CX43.1	hmpv	HW270159	-:PAT	JP 2012105661-A/196: METAPNEUMOVIRUS STRAINS AND THEIR USE IN VACCINE FORMULATIONS AND AS VECTORS FOR EXPRESSION OF ANTIGENIC SEQUENCES
PP_002CX51	PP_002CX51.1	hmpv	HW270160	-:PAT	JP 2012105661-A/197: METAPNEUMOVIRUS STRAINS AND THEIR USE IN VACCINE FORMULATIONS AND AS VECTORS FOR EXPRESSION OF ANTIGENIC SEQUENCES
PP_002CX6Z	PP_002CX6Z.1	hmpv	HW270161	-:PAT	JP 2012105661-A/198: METAPNEUMOVIRUS STRAINS AND THEIR USE IN VACCINE FORMULATIONS AND AS VECTORS FOR EXPRESSION OF ANTIGENIC SEQUENCES
PP_002CX7X	PP_002CX7X.1	hmpv	HW270162	-:PAT	JP 2012105661-A/199: METAPNEUMOVIRUS STRAINS AND THEIR USE IN VACCINE FORMULATIONS AND AS VECTORS FOR EXPRESSION OF ANTIGENIC SEQUENCES
PP_002CX8V	PP_002CX8V.1	hmpv	HW270163	-:PAT	JP 2012105661-A/200: METAPNEUMOVIRUS STRAINS AND THEIR USE IN VACCINE FORMULATIONS AND AS VECTORS FOR EXPRESSION OF ANTIGENIC SEQUENCES
PP_002CX9T	PP_002CX9T.1	hmpv	HW270164	-:PAT	JP 2012105661-A/201: METAPNEUMOVIRUS STRAINS AND THEIR USE IN VACCINE FORMULATIONS AND AS VECTORS FOR EXPRESSION OF ANTIGENIC SEQUENCES
PP_002CXAR	PP_002CXAR.1	hmpv	HW270165	-:PAT	JP 2012105661-A/202: METAPNEUMOVIRUS STRAINS AND THEIR USE IN VACCINE FORMULATIONS AND AS VECTORS FOR EXPRESSION OF ANTIGENIC SEQUENCES
PP_002CXBP	PP_002CXBP.1	hmpv	HW270166	-:PAT	JP 2012105661-A/203: METAPNEUMOVIRUS STRAINS AND THEIR USE IN VACCINE FORMULATIONS AND AS VECTORS FOR EXPRESSION OF ANTIGENIC SEQUENCES
PP_002CXCM	PP_002CXCM.1	hmpv	HW270167	-:PAT	JP 2012105661-A/204: METAPNEUMOVIRUS STRAINS AND THEIR USE IN VACCINE FORMULATIONS AND AS VECTORS FOR EXPRESSION OF ANTIGENIC SEQUENCES
PP_002CXDK	PP_002CXDK.1	hmpv	HW270168	-:PAT	JP 2012105661-A/205: METAPNEUMOVIRUS STRAINS AND THEIR USE IN VACCINE FORMULATIONS AND AS VECTORS FOR EXPRESSION OF ANTIGENIC SEQUENCES
PP_002CXEH	PP_002CXEH.1	hmpv	HW270169	-:PAT	JP 2012105661-A/206: METAPNEUMOVIRUS STRAINS AND THEIR USE IN VACCINE FORMULATIONS AND AS VECTORS FOR EXPRESSION OF ANTIGENIC SEQUENCES
PP_002CXFF	PP_002CXFF.1	hmpv	HW270170	-:PAT	JP 2012105661-A/207: METAPNEUMOVIRUS STRAINS AND THEIR USE IN VACCINE FORMULATIONS AND AS VECTORS FOR EXPRESSION OF ANTIGENIC SEQUENCES
PP_002CXGD	PP_002CXGD.1	hmpv	HW270171	-:PAT	JP 2012105661-A/208: METAPNEUMOVIRUS STRAINS AND THEIR USE IN VACCINE FORMULATIONS AND AS VECTORS FOR EXPRESSION OF ANTIGENIC SEQUENCES
PP_002CXHA	PP_002CXHA.1	hmpv	HW270172	-:PAT	JP 2012105661-A/209: METAPNEUMOVIRUS STRAINS AND THEIR USE IN VACCINE FORMULATIONS AND AS VECTORS FOR EXPRESSION OF ANTIGENIC SEQUENCES
PP_002CXJ8	PP_002CXJ8.1	hmpv	HW270173	-:PAT	JP 2012105661-A/210: METAPNEUMOVIRUS STRAINS AND THEIR USE IN VACCINE FORMULATIONS AND AS VECTORS FOR EXPRESSION OF ANTIGENIC SEQUENCES
PP_002CXK6	PP_002CXK6.1	hmpv	HW270174	-:PAT	JP 2012105661-A/211: METAPNEUMOVIRUS STRAINS AND THEIR USE IN VACCINE FORMULATIONS AND AS VECTORS FOR EXPRESSION OF ANTIGENIC SEQUENCES
PP_002CXL4	PP_002CXL4.1	hmpv	HW270175	-:PAT	JP 2012105661-A/212: METAPNEUMOVIRUS STRAINS AND THEIR USE IN VACCINE FORMULATIONS AND AS VECTORS FOR EXPRESSION OF ANTIGENIC SEQUENCES
PP_002CXM2	PP_002CXM2.1	hmpv	HW270176	-:PAT	JP 2012105661-A/213: METAPNEUMOVIRUS STRAINS AND THEIR USE IN VACCINE FORMULATIONS AND AS VECTORS FOR EXPRESSION OF ANTIGENIC SEQUENCES
PP_002CXN0	PP_002CXN0.1	hmpv	HW270177	-:PAT	JP 2012105661-A/214: METAPNEUMOVIRUS STRAINS AND THEIR USE IN VACCINE FORMULATIONS AND AS VECTORS FOR EXPRESSION OF ANTIGENIC SEQUENCES
PP_002CXPY	PP_002CXPY.1	hmpv	HW270178	-:PAT	JP 2012105661-A/215: METAPNEUMOVIRUS STRAINS AND THEIR USE IN VACCINE FORMULATIONS AND AS VECTORS FOR EXPRESSION OF ANTIGENIC SEQUENCES
PP_002CXQW	PP_002CXQW.1	hmpv	HW270179	-:PAT	JP 2012105661-A/216: METAPNEUMOVIRUS STRAINS AND THEIR USE IN VACCINE FORMULATIONS AND AS VECTORS FOR EXPRESSION OF ANTIGENIC SEQUENCES
PP_002CXRU	PP_002CXRU.1	hmpv	HW270180	-:PAT	JP 2012105661-A/217: METAPNEUMOVIRUS STRAINS AND THEIR USE IN VACCINE FORMULATIONS AND AS VECTORS FOR EXPRESSION OF ANTIGENIC SEQUENCES
PP_002CXSS	PP_002CXSS.1	hmpv	HW270181	-:PAT	JP 2012105661-A/218: METAPNEUMOVIRUS STRAINS AND THEIR USE IN VACCINE FORMULATIONS AND AS VECTORS FOR EXPRESSION OF ANTIGENIC SEQUENCES
PP_002CXTQ	PP_002CXTQ.1	hmpv	HW270182	-:PAT	JP 2012105661-A/219: METAPNEUMOVIRUS STRAINS AND THEIR USE IN VACCINE FORMULATIONS AND AS VECTORS FOR EXPRESSION OF ANTIGENIC SEQUENCES
PP_002CXUN	PP_002CXUN.1	hmpv	HW270183	-:PAT	JP 2012105661-A/220: METAPNEUMOVIRUS STRAINS AND THEIR USE IN VACCINE FORMULATIONS AND AS VECTORS FOR EXPRESSION OF ANTIGENIC SEQUENCES
PP_002CXVL	PP_002CXVL.1	hmpv	HW270184	-:PAT	JP 2012105661-A/221: METAPNEUMOVIRUS STRAINS AND THEIR USE IN VACCINE FORMULATIONS AND AS VECTORS FOR EXPRESSION OF ANTIGENIC SEQUENCES
PP_002CXWJ	PP_002CXWJ.1	hmpv	HW270185	-:PAT	JP 2012105661-A/222: METAPNEUMOVIRUS STRAINS AND THEIR USE IN VACCINE FORMULATIONS AND AS VECTORS FOR EXPRESSION OF ANTIGENIC SEQUENCES
PP_002CXXG	PP_002CXXG.1	hmpv	HW270186	-:PAT	JP 2012105661-A/223: METAPNEUMOVIRUS STRAINS AND THEIR USE IN VACCINE FORMULATIONS AND AS VECTORS FOR EXPRESSION OF ANTIGENIC SEQUENCES
PP_002CXYE	PP_002CXYE.1	hmpv	HW270187	-:PAT	JP 2012105661-A/224: METAPNEUMOVIRUS STRAINS AND THEIR USE IN VACCINE FORMULATIONS AND AS VECTORS FOR EXPRESSION OF ANTIGENIC SEQUENCES
PP_002CXZC	PP_002CXZC.1	hmpv	HW270188	-:PAT	JP 2012105661-A/225: METAPNEUMOVIRUS STRAINS AND THEIR USE IN VACCINE FORMULATIONS AND AS VECTORS FOR EXPRESSION OF ANTIGENIC SEQUENCES
PP_002CY0A	PP_002CY0A.1	hmpv	HW270189	-:PAT	JP 2012105661-A/226: METAPNEUMOVIRUS STRAINS AND THEIR USE IN VACCINE FORMULATIONS AND AS VECTORS FOR EXPRESSION OF ANTIGENIC SEQUENCES
PP_002CY18	PP_002CY18.1	hmpv	HW270190	-:PAT	JP 2012105661-A/227: METAPNEUMOVIRUS STRAINS AND THEIR USE IN VACCINE FORMULATIONS AND AS VECTORS FOR EXPRESSION OF ANTIGENIC SEQUENCES
PP_002CY26	PP_002CY26.1	hmpv	HW270191	-:PAT	JP 2012105661-A/228: METAPNEUMOVIRUS STRAINS AND THEIR USE IN VACCINE FORMULATIONS AND AS VECTORS FOR EXPRESSION OF ANTIGENIC SEQUENCES
PP_002CY8U	PP_002CY8U.1	hmpv	JA250462	-:PAT	Sequence 5 from Patent WO2010149743
PP_002EKTY	PP_002EKTY.1	hmpv	LG253636	-:PAT	KR 1020160058185-A/3: IMMUNOGENIC FORMULATION CONTAINING RECOMBINANT LIVE BCG THAT EXPRESS ANTIGENS OF METAPNEUMOVIRUS (HMPV), IN A SUSPENSION PREPARED FROM A LYOPHILISATE, WITHOUT REQUIRING AN ADJUVANT, SUITABLE FOR PHARMACEUTICAL USE
PP_002EL1G	PP_002EL1G.1	hmpv	LQ068677	-:PAT	Sequence 131 from Patent EP2966086
PP_002GTUJ	PP_002GTUJ.1	hmpv	MQ088005	-:PAT	Sequence 16 from Patent EP3837277
PP_002GTVG	PP_002GTVG.1	hmpv	MQ088041	-:PAT	Sequence 52 from Patent EP3837277
PP_002GTWE	PP_002GTWE.1	hmpv	MQ088043	-:PAT	Sequence 54 from Patent EP3837277
PP_002GTXC	PP_002GTXC.1	hmpv	MQ088045	-:PAT	Sequence 56 from Patent EP3837277
PP_004CAMM	PP_004CAMM.1	hmpv	PA647967	-:PAT	JP 2020074774-A/150: COMPOSITIONS, METHODS AND KITS TO DETECT ADENOVIRUS, METAPNEUMOVIRUS, AND/OR RHINOVIRUS NUCLEIC ACIDS
PP_004CANK	PP_004CANK.1	hmpv	PA647976	-:PAT	JP 2020074774-A/159: COMPOSITIONS, METHODS AND KITS TO DETECT ADENOVIRUS, METAPNEUMOVIRUS, AND/OR RHINOVIRUS NUCLEIC ACIDS
PP_004CAPH	PP_004CAPH.1	hmpv	PC041968	-:PAT	JP 2020511972-A/150: COMPOSITIONS, METHODS AND KITS TO DETECT ADENOVIRUS, METAPNEUMOVIRUS, AND/OR RHINOVIRUS NUCLEIC ACIDS
PP_004CAQF	PP_004CAQF.1	hmpv	PC041977	-:PAT	JP 2020511972-A/159: COMPOSITIONS, METHODS AND KITS TO DETECT ADENOVIRUS, METAPNEUMOVIRUS, AND/OR RHINOVIRUS NUCLEIC ACIDS
PP_004CARD	PP_004CARD.1	hmpv	PF321388	-:PAT	KR 1020230134487-A/200: RNA CONSTRUCT
PP_004CASB	PP_004CASB.1	hmpv	PF321454	-:PAT	KR 1020230134487-A/288: RNA CONSTRUCT
PP_004CAT9	PP_004CAT9.1	hmpv	PF389310	-:PAT	KR 1020230146047-A/1003: ANTIBODIES THAT BIND METAPNEUMOVIRUS, ANTIGENIC METAPNEUMOVIRUS PROTEINS, AND USES THEREOF
PP_004CAU7	PP_004CAU7.1	hmpv	PH487676	-:PAT	JP 2024501085-A/148: RNA construct
PP_004CAV5	PP_004CAV5.1	hmpv	PH487742	-:PAT	JP 2024501085-A/214: RNA construct
PP_004CAW3	PP_004CAW3.1	hmpv	PI265403	-:PAT	JP 2024512215-A/86: ANTIBODIES THAT BIND METAPNEUMOVIRUS, ANTIGENIC METAPNEUMOVIRUS PROTEINS, AND USES THEREOF
PP_004K02M	PP_004K02M.1	hmpv	PU854181	-:PAT	Sequence 1 from patent US 12208288 B2
PP_004K03K	PP_004K03K.1	hmpv	PU854227	-:PAT	Sequence 2 from patent US 12208288 B2
PP_004K04H	PP_004K04H.1	hmpv	PU854232	-:PAT	Sequence 3 from patent US 12208288 B2
PP_004K05F	PP_004K05F.1	hmpv	PU854249	-:PAT	Sequence 57 from patent US 12208288 B2
PP_004K06D	PP_004K06D.1	hmpv	PU854250	-:PAT	Sequence 58 from patent US 12208288 B2
PP_004K07B	PP_004K07B.1	hmpv	PU854251	-:PAT	Sequence 59 from patent US 12208288 B2
PP_004K089	PP_004K089.1	hmpv	PU999706	-:PAT	Sequence 150 from patent US 12338491 B2
PP_004K097	PP_004K097.1	hmpv	PU999715	-:PAT	Sequence 159 from patent US 12338491 B2
PP_004K0A5	PP_004K0A5.1	hmpv	PY104922	-:PAT	Sequence 150 from patent US 12398420 B2
PP_004K0B3	PP_004K0B3.1	hmpv	PY104931	-:PAT	Sequence 159 from patent US 12398420 B2
PP_004K0C1	PP_004K0C1.1	hmpv	PY108580	-:PAT	Sequence 1 from patent US 12403335 B2
PP_004K0DZ	PP_004K0DZ.1	hmpv	PY108626	-:PAT	Sequence 2 from patent US 12403335 B2
PP_004K0EX	PP_004K0EX.1	hmpv	PY108631	-:PAT	Sequence 3 from patent US 12403335 B2
PP_004K0FV	PP_004K0FV.1	hmpv	PY108648	-:PAT	Sequence 57 from patent US 12403335 B2
PP_004K0GT	PP_004K0GT.1	hmpv	PY108649	-:PAT	Sequence 58 from patent US 12403335 B2
PP_004K0HQ	PP_004K0HQ.1	hmpv	PY108650	-:PAT	Sequence 59 from patent US 12403335 B2
PP_004K0JN	PP_004K0JN.1	hmpv	PY108676	-:PAT	Sequence 1 from patent US 12403336 B2
PP_004K0KL	PP_004K0KL.1	hmpv	PY108722	-:PAT	Sequence 2 from patent US 12403336 B2
PP_004K0LJ	PP_004K0LJ.1	hmpv	PY108727	-:PAT	Sequence 3 from patent US 12403336 B2
PP_004K0MG	PP_004K0MG.1	hmpv	PY108744	-:PAT	Sequence 57 from patent US 12403336 B2
PP_004K0NE	PP_004K0NE.1	hmpv	PY108745	-:PAT	Sequence 58 from patent US 12403336 B2
PP_004K0PC	PP_004K0PC.1	hmpv	PY108746	-:PAT	Sequence 59 from patent US 12403336 B2
PP_004K0QA	PP_004K0QA.1	hmpv	PY117921	-:PAT	Sequence 1 from patent US 12409347 B2
PP_004K0R8	PP_004K0R8.1	hmpv	PY117967	-:PAT	Sequence 2 from patent US 12409347 B2
PP_004K0S6	PP_004K0S6.1	hmpv	PY117972	-:PAT	Sequence 3 from patent US 12409347 B2
PP_004K0T4	PP_004K0T4.1	hmpv	PY117989	-:PAT	Sequence 57 from patent US 12409347 B2
PP_004K0U2	PP_004K0U2.1	hmpv	PY117990	-:PAT	Sequence 58 from patent US 12409347 B2
PP_004K0V0	PP_004K0V0.1	hmpv	PY117991	-:PAT	Sequence 59 from patent US 12409347 B2
PP_004K0WY	PP_004K0WY.1	hmpv	PY467899	-:PAT	Sequence 150 from patent US 12460255 B2
PP_004K0XW	PP_004K0XW.1	hmpv	PY467908	-:PAT	Sequence 159 from patent US 12460255 B2
PP_0071N4V	PP_0071N4V.1	hmpv	QQ242124	-:PAT	JP 2025507961-A/1: VACCINE COMPOSITION AGAINST TWO RESPIRATORY VIRUSES
PP_0071N5T	PP_0071N5T.1	hmpv	QQ242125	-:PAT	JP 2025507961-A/2: VACCINE COMPOSITION AGAINST TWO RESPIRATORY VIRUSES
PP_0071N6R	PP_0071N6R.1	hmpv	QS055064	-:PAT	JP 2025065258-A/150: COMPOSITIONS, METHODS AND KITS TO DETECT RHINOVIRUS NUCLEIC ACIDS
PP_0071N7P	PP_0071N7P.1	hmpv	QS055073	-:PAT	JP 2025065258-A/159: COMPOSITIONS, METHODS AND KITS TO DETECT RHINOVIRUS NUCLEIC ACIDS
